id,main_emotion,scenario,option1,option2,option3,option4,correct_answer,difficulty,
1,Happy,You finally get the job offer you wanted after months of searching.,Happy,Embarrassment,Relief,Angry,Happy,Easy,
2,Happy,Your best friend throws you a surprise party for your 21st birthday.,Relief,Angry,Happy,Embarrassment,Happy,Easy,
3,Relief,Finding out your final exams are cancelled this week.,Happy,Relief,Fear,Angry,Relief,Easy,
4,Happy,Hitting a new personal record at the gym after weeks of training.,Embarrassment,Angry,Happy,Relief,Happy,Easy,","
5,Happy,Your crush texts you back immediately with a flirty message.,Embarrassment,Happy,Neutral,Sad,Happy,Easy,
6,Happy,Eating your favorite meal after a very long and exhausting day.,Affection,Happy,Fear,Neutral,Happy,Easy,
7,Happy,Getting an A on a very hard paper you spent weeks writing.,Curiosity,Relief,Neutral,Happy,Happy,Easy,
8,Happy,Winning a small lottery prize that pays for your groceries.,Sad,Curiosity,Happy,Neutral,Happy,Easy,
9,Happy,Your family praises your cooking during the holiday dinner.,Curiosity,Affection,Happy,Sad,Happy,Easy,
10,Happy,Waking up well rested on a Saturday with no alarms.,Happy,Curiosity,Affection,Fear,Happy,Easy,
11,Happy,Discovering a new favorite band that matches your exact music taste.,Happy,Angry,Curiosity,Affection,Happy,Easy,
12,Happy,Booking flights for your dream vacation with your best friends.,Relief,Embarrassment,Happy,Sad,Happy,Easy,
13,Happy,A stranger compliments your outfit while you wait for the bus.,Curiosity,Happy,Neutral,Sad,Happy,Easy,
14,Affection,Seeing your dog wag its tail at you when you get home.,Neutral,Curiosity,Embarrassment,Affection,Affection,Easy,
15,Happy,Successfully fixing a broken appliance by watching a tutorial.,Sad,Happy,Angry,Neutral,Happy,Easy,
16,Happy,Receiving a random gift in the mail from an old friend.,Sad,Happy,Neutral,Fear,Happy,Easy,
17,Happy,Finishing a major project ahead of time.,Happy,Fear,Angry,Relief,Happy,Easy,
18,Happy,Enjoying a beautiful sunset alone after a stressful week.,Angry,Relief,Embarrassment,Happy,Happy,Easy,
19,Happy,Getting a free coffee at the cafe because you're a regular.,Fear,Happy,Embarrassment,Relief,Happy,Easy,
20,Happy,Your teammate credits you for the win in front of the coach.,Happy,Fear,Neutral,Angry,Happy,Easy,
21,Happy,Finding money in your old jeans that you forgot about.,Neutral,Fear,Happy,Affection,Happy,Easy,
22,Happy,Hearing your favorite song on the radio during a road trip.,Neutral,Happy,Embarrassment,Relief,Happy,Easy,
23,Happy,Getting a perfect score on a quiz you barely studied for.,Happy,Embarrassment,Sad,Curiosity,Happy,Easy,
24,Happy,Your sibling does your chores for you without being asked.,Happy,Neutral,Sad,Affection,Happy,Easy,
25,Happy,Watching a really good comedy movie that makes you laugh out loud.,Relief,Happy,Embarrassment,Curiosity,Happy,Easy,
26,Affection,A baby smiles at you on the subway.,Angry,Relief,Affection,Sad,Affection,Easy,
27,Happy,Your manager praises your work in a company-wide meeting.,Fear,Neutral,Happy,Relief,Happy,Easy,
28,Happy,Finally beating a hard video game level you've been stuck on.,Fear,Happy,Curiosity,Affection,Happy,Easy,
29,Happy,Having a great hair day when you have an important event.,Sad,Embarrassment,Angry,Happy,Happy,Easy,
30,Happy,Receiving a heartfelt thank you note from a coworker.,Angry,Happy,Affection,Fear,Happy,Easy,
31,Happy,The weather is exactly how you like it for your outdoor picnic.,Happy,Neutral,Sad,Affection,Happy,Easy,
32,Happy,Your favorite sports team wins the championship final.,Angry,Sad,Neutral,Happy,Happy,Easy,
33,Happy,Catching up with an old friend and it feels like no time passed.,Affection,Relief,Neutral,Happy,Happy,Easy,
34,Happy,Getting a massive discount at checkout unexpectedly.,Affection,Sad,Happy,Fear,Happy,Easy,
35,Relief,Completing your to-do list early and having the afternoon free.,Embarrassment,Relief,Affection,Sad,Relief,Easy,
36,Happy,Seeing a double rainbow on your drive home.,Happy,Sad,Relief,Curiosity,Happy,Easy,
37,Happy,Your indoor plant sprouts a new leaf after looking dead.,Angry,Happy,Neutral,Embarrassment,Happy,Easy,
38,Happy,Getting exactly what you wished for your birthday.,Angry,Happy,Curiosity,Sad,Happy,Easy,
39,Happy,A smooth commute with absolutely no traffic.,Happy,Affection,Fear,Angry,Happy,Easy,
40,Happy,Tasting a delicious new dessert at a local bakery.,Happy,Affection,Sad,Relief,Happy,Easy,
41,Happy,You get a promotion but with slightly more hours than expected.,Fear,Happy,Neutral,Embarrassment,Happy,Medium,
42,Happy,Someone says you inspire them to be a better person.,Embarrassment,Fear,Happy,Curiosity,Happy,Medium,
43,Happy,Your rival congratulates you genuinely on your recent success.,Relief,Happy,Sad,Curiosity,Happy,Medium,
44,Relief,Finishing a tough workout you almost skipped today.,Sad,Relief,Happy,Neutral,Relief,Medium,
45,Relief,Getting a good grade on a test you completely guessed on.,Affection,Neutral,Embarrassment,Relief,Relief,Medium,
46,Happy,Hearing gossip that someone you admire likes you back.,Fear,Sad,Happy,Angry,Happy,Medium,
47,Happy,Your parents finally understand and support your unusual career choice.,Neutral,Embarrassment,Happy,Angry,Happy,Medium,
48,Happy,Moving into a smaller but much cozier apartment.,Happy,Fear,Angry,Affection,Happy,Medium,
49,Happy,Adopting a rescue pet after months of waiting.,Happy,Curiosity,Fear,Sad,Happy,Medium,
50,Relief,Finding a lost sentimental item you thought was gone forever.,Relief,Happy,Fear,Embarrassment,Relief,Medium,
51,Happy,A harsh critic finally praises your creative work.,Relief,Embarrassment,Happy,Sad,Happy,Medium,
52,Happy,Winning a prize you didn't even know you applied for.,Sad,Curiosity,Angry,Happy,Happy,Medium,
53,Happy,Having a surprisingly deep conversation with a stranger.,Happy,Affection,Angry,Sad,Happy,Medium,
54,Happy,Realizing you have grown as a person and no longer get angry at small things.,Relief,Affection,Embarrassment,Happy,Happy,Medium,
55,Happy,Getting a tax refund you completely forgot about.,Relief,Happy,Angry,Fear,Happy,Medium,
56,Affection,Your partner does something small but incredibly thoughtful for you.,Neutral,Embarrassment,Affection,Angry,Affection,Medium,
57,Relief,Successfully setting a hard boundary with a toxic family member.,Neutral,Relief,Angry,Happy,Relief,Medium,
58,Happy,Overcoming a long-standing fear of public speaking.,Happy,Affection,Sad,Neutral,Happy,Medium,
59,Happy,Teaching someone a skill and seeing them succeed at it.,Relief,Happy,Neutral,Affection,Happy,Medium,
60,Happy,Seeing someone you helped land their dream job.,Embarrassment,Happy,Relief,Angry,Happy,Medium,
61,Happy,"Feeling at peace after a long, much-needed cry.",Sad,Happy,Embarrassment,Neutral,Happy,Medium,
62,Happy,Accepting an apology you waited years to hear.,Fear,Affection,Happy,Angry,Happy,Medium,
63,Happy,Realizing a bad habit is finally broken after months of trying.,Relief,Sad,Happy,Neutral,Happy,Medium,
64,Happy,"Enjoying a quiet, undisturbed moment in an otherwise chaotic day.",Happy,Affection,Sad,Neutral,Happy,Medium,
65,Relief,Getting closure on a past relationship without needing them to say anything.,Affection,Relief,Fear,Happy,Relief,Medium,
66,Happy,Your risky financial investment finally pays off slightly.,Happy,Affection,Angry,Fear,Happy,Medium,
67,Happy,Being chosen last but scoring the winning point in the game.,Angry,Embarrassment,Happy,Sad,Happy,Medium,
68,Happy,Receiving constructive feedback that actually helps you improve.,Embarrassment,Affection,Happy,Angry,Happy,Medium,
69,Relief,Realizing you no longer care about the petty drama in your friend group.,Relief,Sad,Embarrassment,Angry,Relief,Medium,
70,Relief,Finding out an event you dreaded attending is now optional.,Curiosity,Relief,Angry,Affection,Relief,Medium,
71,Happy,Getting an unexpected day to yourself when your plans cancel.,Neutral,Sad,Happy,Relief,Happy,Medium,
72,Happy,Learning a difficult concept after struggling with it all semester.,Affection,Angry,Happy,Neutral,Happy,Medium,
73,Happy,Being remembered by an old acquaintance you thought forgot you.,Happy,Embarrassment,Curiosity,Relief,Happy,Medium,
74,Happy,Your art is appreciated by someone unexpected.,Happy,Curiosity,Relief,Embarrassment,Happy,Medium,
75,Happy,Successfully cooking a complex family recipe for the first time.,Happy,Relief,Affection,Neutral,Happy,Medium,
76,Happy,Feeling truly comfortable in your own skin today.,Neutral,Sad,Happy,Embarrassment,Happy,Medium,
77,Happy,Laughing at a joke you usually wouldn't find funny.,Curiosity,Fear,Angry,Happy,Happy,Medium,
78,Happy,Seeing visible progress in your physical therapy sessions.,Relief,Happy,Fear,Curiosity,Happy,Medium,
79,Affection,Your boss defends you in a meeting when a client is rude.,Fear,Embarrassment,Sad,Affection,Affection,Medium,
80,Relief,"Finding a perfectly quiet spot in a crowded, noisy place.",Embarrassment,Fear,Angry,Relief,Relief,Medium,
81,Happy,Feeling a fleeting moment of pure contentment despite ongoing struggles.,Affection,Neutral,Curiosity,Happy,Happy,Hard,
82,Affection,Crying tears of joy at your best friend's wedding.,Angry,Affection,Happy,Fear,Affection,Hard,
83,Happy,Being proud of a massive failure because you learned a vital lesson.,Sad,Fear,Relief,Happy,Happy,Hard,
84,Happy,Feeling nostalgic but deeply grateful for a chapter of your life closing.,Sad,Happy,Curiosity,Relief,Happy,Hard,
85,Relief,Accepting a physical flaw you used to hate about yourself.,Angry,Embarrassment,Relief,Happy,Relief,Hard,
86,Happy,"Forgiving someone who didn't apologize, and feeling the weight lift.",Happy,Affection,Relief,Curiosity,Happy,Hard,
87,Relief,"Enjoying the absolute silence after a chaotic, traumatic week.",Relief,Neutral,Happy,Embarrassment,Relief,Hard,
88,Happy,"Watching someone you love be happy, even though they are moving away.",Happy,Neutral,Relief,Sad,Happy,Hard,
89,Happy,Feeling small but utterly amazed looking at the night sky.,Happy,Embarrassment,Sad,Affection,Happy,Hard,
90,Happy,"Being genuinely happy for a rival's success, realizing you've outgrown envy.",Sad,Embarrassment,Fear,Happy,Happy,Hard,
91,Happy,"Feeling a strange, quiet joy in starting over from scratch.",Happy,Affection,Embarrassment,Curiosity,Happy,Hard,
92,Happy,Smiling through physical pain because you finished a marathon.,Sad,Happy,Curiosity,Relief,Happy,Hard,
93,Happy,Realizing you survived your hardest days and are still standing.,Happy,Fear,Curiosity,Affection,Happy,Hard,
94,Happy,The bittersweet joy of packing your room to move to a new city.,Happy,Sad,Curiosity,Embarrassment,Happy,Hard,
95,Affection,Feeling deeply loved by your friends despite your recent mistakes.,Affection,Embarrassment,Sad,Curiosity,Affection,Hard,
96,Happy,A quiet pride in a silent achievement nobody else knows about.,Angry,Sad,Happy,Embarrassment,Happy,Hard,
97,Affection,"Laughing at a funeral out of a fond, beautiful memory of the deceased.",Affection,Angry,Happy,Embarrassment,Affection,Hard,
98,Relief,Feeling liberated and light after a long-term breakup you initiated.,Curiosity,Embarrassment,Relief,Sad,Relief,Hard,
99,Happy,Finding profound beauty in the mundane routine of your daily commute.,Happy,Fear,Sad,Affection,Happy,Hard,
100,Happy,Enjoying the frustrating process of struggling with a very complex puzzle.,Happy,Embarrassment,Neutral,Curiosity,Happy,Hard,
101,Sad,Your childhood pet passes away after a long illness.,Curiosity,Sad,Happy,Relief,Sad,Easy,
102,Sad,You receive an email that you failed an exam you studied hard for.,Fear,Sad,Happy,Curiosity,Sad,Easy,
103,Sad,Your best friend moves to another country for work.,Affection,Curiosity,Sad,Embarrassment,Sad,Easy,
104,Sad,Getting a rejection letter from your absolute dream job.,Angry,Embarrassment,Sad,Affection,Sad,Easy,
105,Sad,Dropping and completely shattering the screen of your brand new phone.,Sad,Embarrassment,Curiosity,Relief,Sad,Easy,
106,Sad,Seeing photos of your friend group hanging out without inviting you.,Fear,Affection,Relief,Sad,Sad,Easy,
107,Sad,"Watching the tragic, heartbreaking ending of a beautifully written movie.",Embarrassment,Sad,Happy,Relief,Sad,Easy,
108,Sad,Your partner of three years breaks up with you unexpectedly.,Sad,Angry,Affection,Relief,Sad,Easy,
109,Sad,Missing a major family holiday gathering because you have to work.,Curiosity,Angry,Fear,Sad,Sad,Easy,
110,Sad,Losing a highly sentimental piece of jewelry your grandmother gave you.,Embarrassment,Fear,Sad,Affection,Sad,Easy,
111,Sad,Getting passed over for a promotion you worked overtime for.,Sad,Affection,Happy,Angry,Sad,Easy,
112,Sad,Hearing bad news about a close relative's sudden health decline.,Neutral,Sad,Relief,Embarrassment,Sad,Easy,
113,Sad,Having to cancel a long-planned international trip due to emergencies.,Affection,Sad,Curiosity,Fear,Sad,Easy,
114,Sad,Your closest friend completely forgets your birthday this year.,Relief,Sad,Angry,Embarrassment,Sad,Easy,
115,Sad,Failing your driving test on the first try after practicing for months.,Relief,Curiosity,Neutral,Sad,Sad,Easy,
116,Sad,Your favorite local restaurant closes down permanently.,Sad,Fear,Affection,Angry,Sad,Easy,
117,Sad,Spilling hot coffee all over your favorite white shirt before work.,Relief,Neutral,Sad,Angry,Sad,Easy,
118,Sad,Getting a very low performance review despite trying your best.,Sad,Fear,Neutral,Relief,Sad,Easy,
119,Sad,Feeling intensely lonely while sitting alone in your dorm on a Friday night.,Sad,Angry,Neutral,Affection,Sad,Easy,
120,Sad,Your favorite sports team loses the championship game in the final seconds.,Neutral,Angry,Sad,Relief,Sad,Easy,
121,Sad,Looking at old photos of a lost loved one and crying.,Sad,Happy,Angry,Fear,Sad,Easy,
122,Sad,Realizing your amazing week-long vacation is officially over.,Neutral,Sad,Embarrassment,Curiosity,Sad,Easy,
123,Sad,"Having a harsh, tearful argument with your younger sibling.",Angry,Sad,Relief,Neutral,Sad,Easy,
124,Sad,Your favorite comfort TV show gets unexpectedly canceled on a cliffhanger.,Sad,Fear,Happy,Affection,Sad,Easy,
125,Sad,Failing to meet a personal fitness goal you set for the year.,Sad,Affection,Fear,Embarrassment,Sad,Easy,
126,Sad,Getting scammed out of your hard-earned savings online.,Relief,Neutral,Affection,Sad,Sad,Easy,
127,Sad,Realizing you missed a great career opportunity because you hesitated.,Sad,Embarrassment,Neutral,Relief,Sad,Easy,
128,Sad,Being intensely homesick during your very first week of college.,Embarrassment,Fear,Affection,Sad,Sad,Easy,
129,Sad,Your laptop randomly dies right before you hit save on an essay.,Affection,Sad,Angry,Happy,Sad,Easy,
130,Sad,A stranger is incredibly rude to you for absolutely no reason.,Embarrassment,Relief,Sad,Fear,Sad,Easy,
131,Sad,"Seeing a sick, homeless animal shivering on the street in the rain.",Sad,Relief,Fear,Neutral,Sad,Easy,
132,Sad,Having to say a tearful goodbye to your family at the airport terminal.,Curiosity,Neutral,Relief,Sad,Sad,Easy,
133,Sad,Your beautiful houseplants die despite you watering them carefully.,Curiosity,Fear,Angry,Sad,Sad,Easy,
134,Sad,Realizing a close friendship is slowly fading away into nothing.,Fear,Embarrassment,Angry,Sad,Sad,Easy,
135,Sad,Getting terribly sick right before a massive music festival.,Relief,Sad,Curiosity,Embarrassment,Sad,Easy,
136,Sad,Someone makes a mean joke about your physical appearance in public.,Embarrassment,Happy,Affection,Sad,Sad,Easy,
137,Sad,Losing a project file you spent the entire weekend working on.,Relief,Curiosity,Sad,Angry,Sad,Easy,
138,Sad,Feeling completely unheard during an important group discussion.,Embarrassment,Angry,Neutral,Sad,Sad,Easy,
139,Sad,Realizing you cannot afford the medical treatment your dog needs.,Sad,Happy,Angry,Affection,Sad,Easy,
140,Sad,Watching a small child cry because they dropped their ice cream.,Fear,Neutral,Sad,Curiosity,Sad,Easy,
141,Sad,Graduating college but feeling entirely unsure and lost about the future.,Fear,Happy,Angry,Sad,Sad,Medium,
142,Sad,Your ex starts dating someone new and they look incredibly happy.,Happy,Embarrassment,Sad,Relief,Sad,Medium,
143,Sad,Realizing you are fundamentally outgrowing your high school hometown friends.,Happy,Sad,Curiosity,Relief,Sad,Medium,
144,Sad,"Finishing an amazing, immersive book series and feeling suddenly empty.",Happy,Neutral,Angry,Sad,Sad,Medium,
145,Sad,"A beloved, long-time mentor retires and quietly leaves the company.",Sad,Happy,Neutral,Curiosity,Sad,Medium,
146,Sad,Selling your childhood home and walking through the empty rooms one last time.,Happy,Relief,Angry,Sad,Sad,Medium,
147,Sad,Realizing your parents are noticeably aging and slowing down.,Sad,Curiosity,Happy,Affection,Sad,Medium,
148,Sad,Getting exactly what you wanted but feeling entirely unfulfilled by it.,Sad,Happy,Curiosity,Affection,Sad,Medium,
149,Sad,A peer succeeds in the exact area where you recently failed.,Sad,Happy,Embarrassment,Angry,Sad,Medium,
150,Sad,Seeing a quiet forest you loved completely destroyed by urban development.,Relief,Sad,Affection,Embarrassment,Sad,Medium,
151,Sad,Packing away favorite clothes that no longer fit your changing body.,Curiosity,Sad,Happy,Fear,Sad,Medium,
152,Fear,Realizing a cherished childhood memory is slowly fading from your mind.,Relief,Affection,Fear,Neutral,Fear,Medium,
153,Sad,"Finally giving up on a long-held, unrealistic dream.",Happy,Sad,Embarrassment,Angry,Sad,Medium,
154,Sad,Attending a high school reunion and feeling like you fell behind everyone.,Embarrassment,Affection,Sad,Happy,Sad,Medium,
155,Sad,A favorite indie bookstore closes down due to rising rent costs.,Curiosity,Sad,Affection,Fear,Sad,Medium,
156,Sad,Listening to a beautiful song that is permanently linked to a bad memory.,Sad,Angry,Fear,Curiosity,Sad,Medium,
157,Sad,Seeing someone you care about struggle deeply and being unable to help.,Sad,Neutral,Angry,Relief,Sad,Medium,
158,Sad,Realizing you compromised your core values just to fit in with a group.,Sad,Happy,Neutral,Curiosity,Sad,Medium,
159,Sad,Feeling deeply disconnected and isolated in a room full of chatting people.,Curiosity,Embarrassment,Sad,Fear,Sad,Medium,
160,Sad,"A romantic date goes perfectly on paper, but entirely lacks a real spark.",Relief,Sad,Embarrassment,Neutral,Sad,Medium,
161,Sad,Receiving an apology that feels incredibly rehearsed and insincere.,Curiosity,Embarrassment,Relief,Sad,Sad,Medium,
162,Curiosity,Discovering a family secret that changes how you view your entire childhood.,Affection,Sad,Curiosity,Happy,Curiosity,Medium,
163,Sad,Feeling utterly exhausted and drained even after sleeping for twelve hours.,Affection,Happy,Relief,Sad,Sad,Medium,
164,Sad,A major passion project you lead is quietly canceled by upper management.,Sad,Happy,Neutral,Embarrassment,Sad,Medium,
165,Sad,Realizing you were actually the toxic person in a past friendship.,Neutral,Happy,Embarrassment,Sad,Sad,Medium,
166,Sad,Having to put a beloved hobby on hold indefinitely due to financial stress.,Angry,Happy,Sad,Neutral,Sad,Medium,
167,Sad,Seeing a childhood hero publicly fall from grace due to a scandal.,Fear,Affection,Embarrassment,Sad,Sad,Medium,
168,Sad,Feeling deeply nostalgic for a time period that wasn't actually good for you.,Happy,Angry,Affection,Sad,Sad,Medium,
169,Sad,Someone loudly praises a flaw you are deeply and secretly insecure about.,Sad,Neutral,Embarrassment,Affection,Sad,Medium,
170,Sad,Realizing you have absolutely nothing in common with your sibling anymore.,Relief,Affection,Curiosity,Sad,Sad,Medium,
171,Sad,Achieving a massive goal and realizing it does not fix your mental health.,Relief,Happy,Sad,Affection,Sad,Medium,
172,Sad,Watching an elderly person quietly eat alone at a romantic restaurant.,Relief,Sad,Affection,Neutral,Sad,Medium,
173,Sad,Finding a hopeful letter you wrote to your older self ten years ago.,Sad,Curiosity,Fear,Angry,Sad,Medium,
174,Sad,Realizing a cultural tradition will likely end completely with your generation.,Affection,Embarrassment,Sad,Happy,Sad,Medium,
175,Sad,"Being forgiven by someone you hurt, but still feeling entirely guilty.",Fear,Affection,Sad,Curiosity,Sad,Medium,
176,Sad,"Seeing the mundane, boring reality of what used to be your dream job.",Curiosity,Neutral,Angry,Sad,Sad,Medium,
177,Sad,Realizing you forgot how to speak your grandmother's native language.,Curiosity,Affection,Angry,Sad,Sad,Medium,
178,Sad,Having to rehome a rescue pet because you have to move overseas.,Embarrassment,Affection,Angry,Sad,Sad,Medium,
179,Fear,Looking in the mirror and briefly not recognizing the person looking back.,Sad,Fear,Embarrassment,Neutral,Fear,Medium,
180,Sad,"Realizing a perfectly happy, beautiful moment is already passing by.",Angry,Neutral,Affection,Sad,Sad,Medium,
181,Neutral,"Feeling a hollow, confusing emptiness when an abusive family member passes away.",Angry,Relief,Neutral,Fear,Neutral,Hard,
182,Sad,"The profound, unexplainable melancholy of a perfectly beautiful, quiet Sunday afternoon.",Sad,Curiosity,Fear,Angry,Sad,Hard,
183,Sad,Grieving deeply for a fictional version of yourself that never actually existed.,Curiosity,Angry,Sad,Happy,Sad,Hard,
184,Sad,Mourning the end of a relationship that you actively and willingly chose to end.,Embarrassment,Happy,Relief,Sad,Sad,Hard,
185,Neutral,"Feeling a profound, quiet emptiness after securing a major, life-altering victory.",Happy,Neutral,Embarrassment,Angry,Neutral,Hard,
186,Sad,The crushing sadness of knowing someone is lying specifically to protect your feelings.,Affection,Sad,Curiosity,Neutral,Sad,Hard,
187,Neutral,Feeling an odd sorrow because you realize you no longer feel angry at your abuser.,Relief,Happy,Sad,Neutral,Neutral,Hard,
188,Fear,"Experiencing the terrifying realization that your intense, familiar grief is finally fading away.",Embarrassment,Happy,Fear,Relief,Fear,Hard,
189,Sad,"Weeping quietly at the sheer, overwhelming beauty of a classical piece of music.",Sad,Fear,Neutral,Affection,Sad,Hard,
190,Sad,"Feeling profound, pitying sorrow for someone who actively and openly hates you.",Happy,Sad,Fear,Neutral,Sad,Hard,
191,Sad,"The quiet, creeping despair of comfortably settling for 'good enough' in life.",Sad,Angry,Happy,Affection,Sad,Hard,
192,Sad,"Missing a highly toxic ex desperately, despite knowing exactly how bad they were.",Curiosity,Sad,Happy,Affection,Sad,Hard,
193,Fear,Feeling intensely isolated precisely because you are finally completely understood by someone.,Angry,Fear,Curiosity,Happy,Fear,Hard,
194,Sad,"The heavy sadness of being absolutely right about a terrible, impending disaster.",Sad,Embarrassment,Neutral,Fear,Sad,Hard,
195,Sad,Grieving intensely for a complete stranger you merely read about in the morning news.,Angry,Neutral,Affection,Sad,Sad,Hard,
196,Sad,"Feeling a sudden, crashing wave of sorrow in the middle of a crowded, loud nightclub.",Curiosity,Affection,Sad,Fear,Sad,Hard,
197,Sad,"The painful, necessary grief of outgrowing a deeply held, comforting religious belief.",Sad,Fear,Neutral,Happy,Sad,Hard,
198,Neutral,Being completely and totally emotionally numb after months of non-stop crying and stress.,Relief,Sad,Happy,Neutral,Neutral,Hard,
199,Fear,"The terrifying sorrow of finally forgiving yourself for a major, life-ruining mistake.",Fear,Embarrassment,Happy,Curiosity,Fear,Hard,
200,Fear,The existential dread of realizing your life is half over and entirely ordinary.,Curiosity,Relief,Happy,Fear,Fear,Hard,
201,Angry,Someone cuts you off aggressively in traffic and flips you the bird.,Angry,Embarrassment,Curiosity,Relief,Angry,Easy,
202,Angry,A coworker blatantly takes credit for your hard work during a team meeting.,Relief,Happy,Angry,Sad,Angry,Easy,
203,Angry,Your sibling breaks your favorite item on purpose during a petty argument.,Embarrassment,Angry,Relief,Happy,Angry,Easy,
204,Angry,A customer yells at you for a store policy you cannot control.,Embarrassment,Angry,Happy,Relief,Angry,Easy,
205,Angry,Finding out a friend lied to your face about why they cancelled plans.,Affection,Angry,Happy,Curiosity,Angry,Easy,
206,Angry,Stubbing your toe hard on a table leg that someone moved into the hallway.,Neutral,Relief,Angry,Curiosity,Angry,Easy,
207,Angry,Your train is delayed for the third time this week making you late.,Happy,Sad,Neutral,Angry,Angry,Easy,
208,Angry,Someone skips the long line right in front of you at the grocery store.,Neutral,Angry,Embarrassment,Curiosity,Angry,Easy,
209,Angry,Getting a parking ticket when you clearly paid the meter on time.,Curiosity,Fear,Affection,Angry,Angry,Easy,
210,Angry,Your roommate eats the expensive leftovers you specifically saved for dinner.,Curiosity,Neutral,Affection,Angry,Angry,Easy,
211,Angry,"A troll leaves a deeply personal, nasty comment on your social media post.",Embarrassment,Relief,Angry,Sad,Angry,Easy,
212,Angry,Your phone dies during an extremely important phone call because the charger is broken.,Curiosity,Angry,Neutral,Sad,Angry,Easy,
213,Angry,Someone repeatedly and loudly interrupts you every time you try to speak in a meeting.,Angry,Embarrassment,Curiosity,Affection,Angry,Easy,
214,Angry,The internet goes completely down while you are working against a very tight deadline.,Sad,Angry,Curiosity,Embarrassment,Angry,Easy,
215,Angry,"Stepping into a deep puddle wearing brand new, expensive shoes.",Relief,Sad,Happy,Angry,Angry,Easy,
216,Angry,"Your neighbor plays incredibly loud, bass-heavy music at 3 AM on a Tuesday.",Curiosity,Angry,Sad,Fear,Angry,Easy,
217,Angry,A retail store bluntly refuses to accept a completely valid return with a receipt.,Affection,Relief,Embarrassment,Angry,Angry,Easy,
218,Angry,Being loudly and falsely accused of cheating on an exam by a strict professor.,Fear,Angry,Embarrassment,Relief,Angry,Easy,
219,Angry,Your expensive new clothes completely shrink in the wash despite following all care instructions.,Embarrassment,Angry,Neutral,Fear,Angry,Easy,
220,Angry,A reckless driver speeds through a puddle and splashes dirty water all over your outfit.,Neutral,Happy,Fear,Angry,Angry,Easy,
221,Angry,Someone thoughtlessly spoils the ending of a movie you have been waiting months to see.,Neutral,Angry,Embarrassment,Happy,Angry,Easy,
222,Angry,Dropping a full glass of juice and it shatters everywhere right after you finished cleaning.,Angry,Embarrassment,Sad,Curiosity,Angry,Easy,
223,Angry,Your boss hands you a massive pile of new work right at closing time on Friday.,Angry,Neutral,Sad,Affection,Angry,Easy,
224,Angry,"Finding a huge, fresh scratch on the side of your properly parked car.",Angry,Happy,Curiosity,Relief,Angry,Easy,
225,Angry,A neighbor's dog completely ruins your carefully planted garden and they refuse to apologize.,Affection,Fear,Angry,Embarrassment,Angry,Easy,
226,Angry,Getting placed on indefinite hold by customer service for over an hour.,Fear,Angry,Affection,Happy,Angry,Easy,
227,Angry,Someone takes your clearly labeled mug from the office kitchen and leaves it dirty.,Affection,Neutral,Angry,Sad,Angry,Easy,
228,Angry,"Tripping on an uneven, poorly maintained sidewalk and dropping your groceries.",Curiosity,Embarrassment,Neutral,Angry,Angry,Easy,
229,Angry,"Receiving an incredibly passive-aggressive, unhelpful email from a notoriously difficult colleague.",Affection,Angry,Fear,Sad,Angry,Easy,
230,Angry,"Your delivery food finally arrives two hours late, completely cold and ruined.",Happy,Angry,Sad,Affection,Angry,Easy,
231,Angry,A friend cancels highly anticipated plans at the very last minute with a weak excuse.,Curiosity,Angry,Sad,Happy,Angry,Easy,
232,Angry,Biting into a delicious sandwich at a restaurant and finding a long hair inside.,Neutral,Curiosity,Sad,Angry,Angry,Easy,
233,Angry,A large group of slow walkers completely blocks the entire path and refuses to move.,Affection,Neutral,Happy,Angry,Angry,Easy,
234,Angry,"Your computer abruptly forces an update without asking, making you lose hours of work.",Affection,Sad,Angry,Fear,Angry,Easy,
235,Angry,Someone sits right next to you on an empty bus and chews loudly with their mouth open.,Embarrassment,Angry,Affection,Sad,Angry,Easy,
236,Fear,"Someone violently bangs on your door in the middle of the night, shouting.",Fear,Sad,Relief,Curiosity,Fear,Easy,
237,Angry,You find out your partner has been cheating on you with your best friend.,Angry,Sad,Neutral,Embarrassment,Angry,Easy,
238,Fear,"A large, aggressive dog snarls and snaps at you while you are jogging.",Curiosity,Happy,Angry,Fear,Fear,Easy,
239,Sad,You drop your brand new phone and the screen shatters into a million pieces.,Sad,Affection,Fear,Angry,Sad,Easy,
240,Angry,Being unfairly accused of stealing at work and threatened with police action.,Angry,Affection,Sad,Relief,Angry,Easy,
241,Angry,"A family member gives you unsolicited, highly critical advice about your parenting.",Neutral,Happy,Angry,Embarrassment,Angry,Medium,
242,Angry,You discover a secret was kept from you by everyone for your own good.,Embarrassment,Fear,Angry,Curiosity,Angry,Medium,
243,Angry,Being told to calm down when you are reasonably expressing your frustration.,Relief,Angry,Sad,Curiosity,Angry,Medium,
244,Angry,Someone apologizes to you but immediately follows it with a defensive excuse.,Sad,Angry,Happy,Neutral,Angry,Medium,
245,Angry,"Your quiet, polite complaint is loudly treated like a major, irrational outburst.",Affection,Neutral,Embarrassment,Angry,Angry,Medium,
246,Angry,Seeing a known bully succeed at work without facing any consequences for their actions.,Curiosity,Fear,Angry,Sad,Angry,Medium,
247,Angry,A system error at the bank costs you a lot of money and they refuse to fix it.,Embarrassment,Happy,Angry,Fear,Angry,Medium,
248,Angry,Realizing a company you trusted is deeply exploiting its vulnerable workers for profit.,Relief,Fear,Angry,Curiosity,Angry,Medium,
249,Angry,A doctor completely dismisses your genuine physical pain as just mild anxiety.,Embarrassment,Neutral,Relief,Angry,Angry,Medium,
250,Angry,Being openly mocked by a friend for a personal boundary you just tried to set.,Angry,Fear,Embarrassment,Happy,Angry,Medium,
251,Angry,Someone deliberately misinterprets your words on purpose just to start an argument.,Embarrassment,Relief,Happy,Angry,Angry,Medium,
252,Angry,"Your genuinely good deed is heavily punished by a strict, completely senseless bureaucratic rule.",Curiosity,Affection,Angry,Sad,Angry,Medium,
253,Angry,Seeing a wealthy person carelessly waste perfectly good food in front of homeless people.,Angry,Affection,Embarrassment,Relief,Angry,Medium,
254,Angry,A petty teacher punishes the entire class because of one student's bad behavior.,Neutral,Angry,Relief,Sad,Angry,Medium,
255,Angry,Realizing you were subtly manipulated into agreeing to a massive favor you never wanted to do.,Sad,Angry,Fear,Neutral,Angry,Medium,
256,Angry,Someone rudely demands your respect without ever doing anything to actually earn it.,Sad,Angry,Fear,Relief,Angry,Medium,
257,Angry,A friend constantly one-ups your stories and minimizes your personal achievements.,Happy,Affection,Angry,Neutral,Angry,Medium,
258,Angry,Being actively gaslit about something you vividly and clearly remember happening.,Angry,Affection,Sad,Neutral,Angry,Medium,
259,Angry,A large corporation arbitrarily raises prices on life-saving medicine purely for profit.,Relief,Angry,Neutral,Affection,Angry,Medium,
260,Angry,Someone goes through your personal belongings without asking for your permission first.,Relief,Embarrassment,Neutral,Angry,Angry,Medium,
261,Angry,Being emotionally guilt-tripped into attending a family event you deeply despise.,Embarrassment,Affection,Angry,Happy,Angry,Medium,
262,Angry,A deeply incompetent peer is promoted over you just because they are well-liked by management.,Sad,Fear,Angry,Embarrassment,Angry,Medium,
263,Angry,Realizing a popular documentary you loved is heavily biased and completely fabricated facts.,Neutral,Embarrassment,Angry,Happy,Angry,Medium,
264,Angry,Someone makes a cruel joke about a sensitive topic and tells you it is just dark humor.,Angry,Affection,Sad,Neutral,Angry,Medium,
265,Angry,Being repeatedly told you are too sensitive after someone says something deeply offensive.,Affection,Angry,Fear,Happy,Angry,Medium,
266,Angry,A subscription service you rely on drops in quality drastically while doubling their price.,Affection,Relief,Angry,Fear,Angry,Medium,
267,Angry,"Someone completely blocks the grocery aisle with their cart to chat, ignoring everyone.",Happy,Angry,Curiosity,Embarrassment,Angry,Medium,
268,Angry,Receiving a corporate non-apology like I am sorry if you felt offended by my actions.,Relief,Happy,Angry,Curiosity,Angry,Medium,
269,Angry,A loved one immediately defends the person who deeply hurt you instead of supporting you.,Affection,Curiosity,Embarrassment,Angry,Angry,Medium,
270,Angry,Being spoken down to and treated like a small child by a much younger colleague.,Sad,Angry,Neutral,Affection,Angry,Medium,
271,Angry,Realizing a massive store sale price is actually just the regular price marked up previously.,Neutral,Angry,Affection,Happy,Angry,Medium,
272,Angry,Someone shamelessly reads your private text messages over your shoulder on the train.,Angry,Embarrassment,Curiosity,Relief,Angry,Medium,
273,Angry,A group project member does absolutely zero work but loudly takes all the credit.,Angry,Curiosity,Relief,Embarrassment,Angry,Medium,
274,Angry,"Being interrupted constantly by unskippable, excessively loud advertisements on a video.",Angry,Relief,Affection,Neutral,Angry,Medium,
275,Angry,Someone intentionally brings a visibly sick child to a crowded birthday party.,Embarrassment,Neutral,Happy,Angry,Angry,Medium,
276,Fear,A romantic partner aggressively punches a wall right next to your head during an argument.,Relief,Curiosity,Angry,Fear,Fear,Medium,
277,Sad,Realizing your parents love your sibling more than they will ever love you.,Relief,Sad,Curiosity,Happy,Sad,Medium,
278,Fear,Your boss threatens to fire you immediately if you do not cancel your medical leave.,Sad,Embarrassment,Affection,Fear,Fear,Medium,
279,Sad,Finding out the friend group you cherish actually has a separate group chat without you.,Embarrassment,Fear,Angry,Sad,Sad,Medium,
280,Fear,Being followed closely by a strange car while driving home late at night on empty roads.,Affection,Neutral,Curiosity,Fear,Fear,Medium,
281,Angry,"Feeling a cold, detached fury when the justice system entirely fails an innocent person.",Affection,Angry,Happy,Fear,Angry,Hard,
282,Angry,"The simmering, silent resentment of perpetually carrying the mental load for your entire household.",Sad,Fear,Relief,Angry,Angry,Hard,
283,Angry,Being furiously angry at a deceased loved one for the massive mess they left behind.,Happy,Curiosity,Sad,Angry,Angry,Hard,
284,Angry,The paradox of being intensely mad at someone because they aren't mad about an injustice.,Fear,Embarrassment,Angry,Happy,Angry,Hard,
285,Angry,"Feeling a deep, structural wrath at systemic inequality that you have no power to fix.",Angry,Affection,Relief,Curiosity,Angry,Hard,
286,Angry,Being angry at yourself for forgiving someone far too easily just to keep the peace.,Angry,Happy,Embarrassment,Relief,Angry,Hard,
287,Angry,"The quiet, exhausted rage of being chronically misunderstood by the people closest to you.",Angry,Neutral,Relief,Sad,Angry,Hard,
288,Angry,"Using intense anger as a necessary, protective shield to keep yourself from completely breaking down.",Angry,Embarrassment,Sad,Affection,Angry,Hard,
289,Angry,Feeling hostile and short-tempered simply because you are physically exhausted and completely overwhelmed.,Sad,Embarrassment,Angry,Happy,Angry,Hard,
290,Angry,Being completely infuriated that a profoundly beautiful moment was ruined by someone's petty comment.,Angry,Neutral,Curiosity,Embarrassment,Angry,Hard,
291,Angry,The slow-burning anger of watching someone proudly repeat the exact mistakes you warned them about.,Neutral,Relief,Embarrassment,Angry,Angry,Hard,
292,Angry,"The cold, precise detachment of final, resolved anger right before you permanently cut someone off.",Happy,Sad,Angry,Relief,Angry,Hard,
293,Angry,"The profound fury of realizing you were right all along, but everyone completely ignored your warnings.",Embarrassment,Affection,Sad,Angry,Angry,Hard,
294,Fear,"Lashing out in sudden, explosive anger because you are actually completely terrified of losing them.",Angry,Fear,Affection,Embarrassment,Fear,Hard,
295,Fear,"Screaming at your child for running into the street, completely overwhelmed by the thought of their death.",Curiosity,Affection,Fear,Embarrassment,Fear,Hard,
296,Sad,"Feeling an intense, burning rage that masks a crushing, unendurable sense of abandonment and loneliness.",Embarrassment,Angry,Relief,Sad,Sad,Hard,
297,Fear,Picking fights with your partner specifically to push them away before they can reject you.,Curiosity,Fear,Happy,Angry,Fear,Hard,
298,Sad,"Expressing righteous fury about your lost childhood, but underneath you just miss the parents you never had.",Embarrassment,Sad,Relief,Affection,Sad,Hard,
299,Fear,"The violent, defensive anger that completely takes over when you are triggered by a past traumatic memory.",Relief,Happy,Embarrassment,Fear,Fear,Hard,
300,Sad,"The bitter, cynical hostility that slowly replaces your hope after years of chronic, repeated disappointment.",Sad,Affection,Relief,Neutral,Sad,Hard,
301,Fear,Hearing footsteps accelerating behind you on a poorly lit street.,Sad,Fear,Relief,Happy,Fear,Easy,
302,Fear,Patting your pocket in a crowded train and realizing your phone is gone.,Happy,Fear,Relief,Curiosity,Fear,Easy,
303,Fear,Waiting in the doctor's office for the results of a biopsy.,Fear,Happy,Sad,Neutral,Fear,Easy,
304,Fear,Suddenly forgetting your entire presentation as you walk onto the stage.,Fear,Curiosity,Relief,Neutral,Fear,Easy,
305,Fear,"The airplane drops sharply during unexpected, violent turbulence.",Embarrassment,Affection,Curiosity,Fear,Fear,Easy,
306,Fear,Waking up in a panic realizing you slept through your final exam.,Neutral,Affection,Curiosity,Fear,Fear,Easy,
307,Fear,"A large, off-leash dog charges at you while growling aggressively.",Angry,Happy,Fear,Embarrassment,Fear,Easy,
308,Fear,Pressing the brake pedal and feeling no resistance while driving downhill.,Curiosity,Fear,Affection,Happy,Fear,Easy,
309,Fear,"Receiving a late-night text from your boss saying, 'We need to talk tomorrow.'",Fear,Embarrassment,Sad,Angry,Fear,Easy,
310,Fear,Smelling thick smoke in your apartment at 3 AM.,Relief,Curiosity,Embarrassment,Fear,Fear,Easy,
311,Fear,"Losing sight of your younger sibling in a massive, crowded mall.",Neutral,Relief,Curiosity,Fear,Fear,Easy,
312,Fear,Opening your textbook and seeing a huge spider resting on the page.,Fear,Relief,Affection,Angry,Fear,Easy,
313,Embarrassment,Panicking after realizing you attached a highly personal diary entry instead of your resume.,Embarrassment,Angry,Relief,Fear,Embarrassment,Easy,
314,Fear,Checking your bank account and seeing it completely emptied by a hacker.,Affection,Angry,Fear,Curiosity,Fear,Easy,
315,Fear,"A loud, shattering crash wakes you up from the floor below.",Angry,Fear,Neutral,Embarrassment,Fear,Easy,
316,Fear,Looking down while standing near the unfenced edge of a high cliff.,Happy,Angry,Fear,Sad,Fear,Easy,
317,Fear,Your computer abruptly shuts down right before saving a 20-page essay.,Relief,Curiosity,Affection,Fear,Fear,Easy,
318,Fear,"Driving on the highway when a severe, blinding thunderstorm suddenly hits.",Angry,Sad,Relief,Fear,Fear,Easy,
319,Fear,Someone starts violently turning the handle of your locked front door.,Affection,Fear,Embarrassment,Neutral,Fear,Easy,
320,Embarrassment,Accidentally sending a screenshot of a private chat to the very person you were discussing.,Sad,Neutral,Embarrassment,Angry,Embarrassment,Easy,
321,Embarrassment,"A stranger stares intensely, making you anxious, until you realize your shirt is inside out.",Curiosity,Embarrassment,Fear,Happy,Embarrassment,Easy,
322,Fear,Your phone rings at 2 AM with a call from your elderly mother's number.,Sad,Affection,Neutral,Fear,Fear,Easy,
323,Fear,Seeing the flashing red and blue lights of a police car directly behind you.,Neutral,Affection,Fear,Sad,Fear,Easy,
324,Fear,"Feeling a sudden, sharp, shooting pain radiating down your left arm.",Embarrassment,Fear,Curiosity,Angry,Fear,Easy,
325,Embarrassment,"Panicking about a break-in because a door is open, then realizing you are at the wrong house.",Relief,Embarrassment,Fear,Curiosity,Embarrassment,Easy,
326,Fear,The rollercoaster suddenly halts completely while you are upside down.,Happy,Embarrassment,Angry,Fear,Fear,Easy,
327,Fear,Receiving an unexpected audit letter from the IRS.,Fear,Relief,Embarrassment,Angry,Fear,Easy,
328,Fear,Your indoor cat slips out the front door and runs toward a busy road.,Curiosity,Fear,Affection,Relief,Fear,Easy,
329,Fear,Stepping onto an elevator that violently jolts and drops a few feet.,Embarrassment,Sad,Fear,Happy,Fear,Easy,
330,Embarrassment,Realizing in a panic that you completely forgot your anniversary and everyone is staring at you.,Relief,Fear,Angry,Embarrassment,Embarrassment,Easy,
331,Fear,The power goes out completely while you are showering in a windowless bathroom.,Embarrassment,Neutral,Fear,Happy,Fear,Easy,
332,Fear,"A car tailgates you aggressively on a dark, isolated country road.",Happy,Fear,Angry,Affection,Fear,Easy,
333,Fear,A bat flies erratically into your living room through an open window.,Fear,Sad,Neutral,Embarrassment,Fear,Easy,
334,Embarrassment,"Being suddenly called into the HR office, terrified, only to be quietly told your zipper is down.",Fear,Sad,Embarrassment,Happy,Embarrassment,Easy,
335,Fear,Realizing you are completely lost in an unfamiliar city with a dead phone.,Fear,Angry,Happy,Embarrassment,Fear,Easy,
336,Fear,Hearing the ice crack loudly beneath your boots while walking on a frozen lake.,Fear,Curiosity,Affection,Relief,Fear,Easy,
337,Fear,Your car engine violently sputters and dies in the fast lane of a highway.,Affection,Fear,Curiosity,Angry,Fear,Easy,
338,Fear,A wasp lands directly on your cheek while you are driving fast.,Fear,Angry,Curiosity,Sad,Fear,Easy,
339,Fear,Realizing you accidentally swallowed a sharp chicken bone.,Neutral,Curiosity,Fear,Angry,Fear,Easy,
340,Fear,Waking up entirely paralyzed and hallucinating a shadow figure in your room.,Sad,Fear,Neutral,Curiosity,Fear,Easy,
341,Fear,Taking a massive financial risk to start a business in an uncertain economy.,Fear,Relief,Embarrassment,Neutral,Fear,Medium,
342,Fear,Committing to a long-term relationship when you have severe trust issues.,Fear,Angry,Happy,Sad,Fear,Medium,
343,Fear,Starting a difficult conversation about strict boundaries with a toxic parent.,Sad,Happy,Fear,Neutral,Fear,Medium,
344,Fear,Realizing your aging parents are becoming extremely vulnerable to online scams.,Angry,Happy,Sad,Fear,Fear,Medium,
345,Fear,Wondering deep down if you chose the completely wrong college major.,Fear,Sad,Curiosity,Embarrassment,Fear,Medium,
346,Fear,Watching a terrifying news report about a rapidly spreading local health crisis.,Sad,Happy,Embarrassment,Fear,Fear,Medium,
347,Fear,Waiting nervously for harsh feedback on a creative project you poured your soul into.,Happy,Curiosity,Neutral,Fear,Fear,Medium,
348,Embarrassment,"Your mind goes completely blank from anxiety during an interview, leading to a long, awkward silence.",Angry,Embarrassment,Relief,Happy,Embarrassment,Medium,
349,Fear,Moving out completely on your own for the first time in a new city.,Sad,Angry,Curiosity,Fear,Fear,Medium,
350,Fear,Facing a crippling phobia you have successfully hidden from everyone for years.,Happy,Fear,Angry,Affection,Fear,Medium,
351,Fear,Secretly wondering if your core friend group actually tolerates rather than likes you.,Angry,Fear,Happy,Neutral,Fear,Medium,
352,Fear,Realizing global climate change is directly threatening your coastal hometown.,Neutral,Fear,Relief,Sad,Fear,Medium,
353,Fear,Getting promoted to a leadership role you feel completely unqualified to handle.,Sad,Angry,Fear,Embarrassment,Fear,Medium,
354,Fear,Seeing advanced AI easily perform tasks that took you years to master.,Sad,Curiosity,Fear,Relief,Fear,Medium,
355,Fear,"A trusted, experienced mentor gives you a dire warning about your career path.",Affection,Fear,Curiosity,Embarrassment,Fear,Medium,
356,Fear,Realizing you are unconsciously repeating the exact same toxic relationship pattern.,Embarrassment,Fear,Neutral,Angry,Fear,Medium,
357,Fear,Opening up about severe childhood trauma to a therapist for the first time.,Curiosity,Affection,Fear,Neutral,Fear,Medium,
358,Fear,Looking at the housing market and wondering if you will ever own a home.,Fear,Sad,Neutral,Curiosity,Fear,Medium,
359,Fear,"Experiencing a sudden, vivid realization of your own inevitable mortality.",Curiosity,Fear,Sad,Relief,Fear,Medium,
360,Fear,"Discovering multiple strange, high-value charges on your debit card statement.",Sad,Happy,Fear,Angry,Fear,Medium,
361,Fear,Realizing you have completely lost your sense of identity after a long relationship.,Curiosity,Fear,Embarrassment,Sad,Fear,Medium,
362,Embarrassment,Tripping and falling face-first in front of your partner's strict parents while trying to impress them.,Fear,Angry,Embarrassment,Curiosity,Embarrassment,Medium,
363,Fear,"Obsessively wondering if a minor, persistent symptom is actually a terminal disease.",Curiosity,Neutral,Fear,Angry,Fear,Medium,
364,Fear,Realizing a deeply personal secret might soon be exposed to your workplace.,Relief,Curiosity,Sad,Fear,Fear,Medium,
365,Fear,"Being subpoenaed to testify as a witness in a complex, intimidating court case.",Embarrassment,Sad,Neutral,Fear,Fear,Medium,
366,Embarrassment,Panicking after accidentally hitting 'Reply All' on a highly critical email meant for one trusted coworker.,Sad,Relief,Embarrassment,Happy,Embarrassment,Medium,
367,Fear,Realizing you rely entirely on one person for all your emotional stability.,Embarrassment,Sad,Fear,Affection,Fear,Medium,
368,Fear,"The building dread of an upcoming, highly invasive dental surgery.",Curiosity,Fear,Angry,Relief,Fear,Medium,
369,Fear,Constantly wondering if you are secretly a terrible parent ruining your child.,Curiosity,Neutral,Fear,Happy,Fear,Medium,
370,Fear,Hearing a credible rumor that your department will face massive layoffs next week.,Relief,Neutral,Fear,Curiosity,Fear,Medium,
371,Fear,"Staring down into the deep, impenetrably dark water of the open ocean.",Angry,Affection,Sad,Fear,Fear,Medium,
372,Fear,"Having a vivid, highly realistic nightmare that someone is standing over your bed.",Fear,Affection,Embarrassment,Curiosity,Fear,Medium,
373,Fear,Realizing a close friend has been smoothly lying to you for several years.,Relief,Fear,Embarrassment,Neutral,Fear,Medium,
374,Fear,Wondering if your best days are entirely behind you and you peaked early.,Angry,Affection,Sad,Fear,Fear,Medium,
375,Fear,Taking a massive leap of faith and quitting your stable job without a backup.,Affection,Fear,Neutral,Happy,Fear,Medium,
376,Fear,Realizing you have to confront a roommate about their increasingly hostile behavior.,Relief,Affection,Neutral,Fear,Fear,Medium,
377,Fear,"Feeling a sudden, completely irrational sense of dread while sitting safely at home.",Fear,Angry,Curiosity,Affection,Fear,Medium,
378,Fear,Wondering if your persistent brain fog is an early sign of cognitive decline.,Neutral,Embarrassment,Fear,Relief,Fear,Medium,
379,Neutral,"Realizing you are entirely alone in a dark, empty office building, yet feeling a strange, hollow calm.",Neutral,Fear,Embarrassment,Angry,Neutral,Medium,
380,Fear,"The crushing pressure of maintaining your recent, unexpected public success.",Embarrassment,Happy,Affection,Fear,Fear,Medium,
381,Fear,"The paralyzing, existential dread of an impossibly vast, completely indifferent universe.",Fear,Neutral,Embarrassment,Affection,Fear,Hard,
382,Fear,Being terrified of your own hidden capacity for extreme cruelty or manipulation.,Embarrassment,Fear,Curiosity,Angry,Fear,Hard,
383,Embarrassment,Your mind going completely blank with panic when a date asks you a very basic personal question.,Embarrassment,Fear,Happy,Curiosity,Embarrassment,Hard,
384,Fear,Being so overwhelmed by infinite life choices that you are utterly paralyzed.,Relief,Sad,Fear,Curiosity,Fear,Hard,
385,Fear,The slow horror of realizing you are actively enjoying something highly self-destructive.,Relief,Fear,Embarrassment,Sad,Fear,Hard,
386,Fear,Fearing that your deepest empathy is actually just self-serving manipulation in disguise.,Happy,Embarrassment,Curiosity,Fear,Fear,Hard,
387,Fear,"The chilling, quiet realization that no adult is actually in charge of the world.",Angry,Sad,Fear,Neutral,Fear,Hard,
388,Neutral,"Experiencing a moment of intense panic, followed by deep dissociation where you feel entirely detached and empty.",Fear,Sad,Relief,Neutral,Neutral,Hard,
389,Fear,"The slow, creeping dread of fading into complete obscurity and being forgotten.",Affection,Fear,Angry,Sad,Fear,Hard,
390,Neutral,"Receiving a terrifying, unavoidable medical diagnosis, but processing the information with complete, robotic detachment and silence.",Neutral,Relief,Sad,Angry,Neutral,Hard,
391,Fear,The sheer terror of realizing you actually have to put effort into changing yourself.,Angry,Fear,Affection,Relief,Fear,Hard,
392,Fear,Fearing emotional intimacy because being truly known means you can be destroyed.,Fear,Curiosity,Happy,Angry,Fear,Hard,
393,Fear,"The uncanny, unsettling feeling when a perfectly familiar room looks subtly wrong.",Embarrassment,Curiosity,Neutral,Fear,Fear,Hard,
394,Neutral,"Experiencing a terrifying, high-speed near-miss car crash, but stepping out of the vehicle feeling absolutely nothing.",Embarrassment,Curiosity,Sad,Neutral,Neutral,Hard,
395,Fear,The quiet dread of hoping for a miracle that will almost certainly fail.,Angry,Neutral,Fear,Happy,Fear,Hard,
396,Fear,"Fearing the unrecognizable, hateful person you briefly become when deeply enraged.",Embarrassment,Relief,Fear,Angry,Fear,Hard,
397,Fear,"The subtle, vibrating unease of sitting in a completely silent, isolated anechoic chamber.",Fear,Curiosity,Affection,Embarrassment,Fear,Hard,
398,Fear,"Secretly fearing that you are fundamentally, unfixably broken and entirely unlovable.",Happy,Sad,Fear,Relief,Fear,Hard,
399,Fear,"Staring blankly at a terrifying eviction notice, completely unable to emotionally process the devastating reality of it.",Relief,Embarrassment,Curiosity,Fear,Fear,Hard,
400,Fear,"The quiet, lingering dread that your profound grief has permanently altered your brain.",Neutral,Fear,Curiosity,Affection,Fear,Hard,
401,Neutral,Waiting patiently at a bus stop for a bus that is running exactly on time.,Neutral,Relief,Fear,Embarrassment,Neutral,Easy,
402,Neutral,Sorting a pile of clean laundry into different color groups on your bed.,Happy,Neutral,Curiosity,Affection,Neutral,Easy,
403,Neutral,Reading the nutritional ingredients list on the back of a generic cereal box.,Relief,Sad,Neutral,Affection,Neutral,Easy,
404,Neutral,Staring blankly at an empty wall for a minute while lost in thought.,Neutral,Embarrassment,Relief,Angry,Neutral,Easy,
405,Neutral,Tying your shoelaces tightly before leaving the house for a regular walk.,Affection,Curiosity,Neutral,Embarrassment,Neutral,Easy,
406,Neutral,"Listening quietly to generic, inoffensive elevator music while riding to the third floor.",Happy,Relief,Neutral,Affection,Neutral,Easy,
407,Neutral,Drinking a plain glass of room-temperature tap water from the kitchen sink.,Affection,Angry,Relief,Neutral,Neutral,Easy,
408,Neutral,Mindlessly scrolling past a sponsored advertisement on your social media feed.,Neutral,Curiosity,Fear,Embarrassment,Neutral,Easy,
409,Neutral,Licking a stamp and carefully placing it on the corner of a standard envelope.,Sad,Neutral,Angry,Happy,Neutral,Easy,
410,Neutral,"Walking calmly down a long, completely empty hallway at your workplace.",Happy,Fear,Neutral,Embarrassment,Neutral,Easy,
411,Neutral,Standing in the kitchen waiting for the microwave to beep loudly.,Happy,Fear,Relief,Neutral,Neutral,Easy,
412,Neutral,Brushing your teeth methodically in the morning while looking in the bathroom mirror.,Neutral,Angry,Curiosity,Affection,Neutral,Easy,
413,Neutral,Washing a single dirty spoon under the faucet and placing it on the drying rack.,Neutral,Relief,Curiosity,Happy,Neutral,Easy,
414,Neutral,Sitting quietly in a dentist's waiting room while reading a two-year-old magazine.,Neutral,Fear,Sad,Curiosity,Neutral,Easy,
415,Neutral,"Listening to the low, steady hum of the refrigerator in a quiet kitchen.",Embarrassment,Relief,Neutral,Sad,Neutral,Easy,
416,Neutral,Placing your house keys into your jacket pocket before stepping outside.,Embarrassment,Angry,Neutral,Sad,Neutral,Easy,
417,Neutral,Dusting a wooden bookshelf with a dry cloth on a Sunday afternoon.,Fear,Curiosity,Affection,Neutral,Neutral,Easy,
418,Neutral,Peeling a plain brown potato with a peeler over the kitchen trash can.,Angry,Neutral,Sad,Happy,Neutral,Easy,
419,Neutral,Changing a burnt-out lightbulb in the hallway and flipping the switch to test it.,Neutral,Embarrassment,Angry,Sad,Neutral,Easy,
420,Neutral,Checking your physical mailbox and finding only grocery store promotional flyers.,Sad,Angry,Curiosity,Neutral,Neutral,Easy,
421,Neutral,Waiting silently in your car at a long red light on an empty street.,Happy,Sad,Relief,Neutral,Neutral,Easy,
422,Neutral,Putting on a pair of plain white socks before sliding your feet into sneakers.,Angry,Fear,Neutral,Sad,Neutral,Easy,
423,Neutral,Lying in bed and looking straight up at the textured ceiling above you.,Embarrassment,Neutral,Relief,Fear,Neutral,Easy,
424,Neutral,Watching the blades of a white ceiling fan spin smoothly in circles.,Happy,Sad,Neutral,Angry,Neutral,Easy,
425,Neutral,Stirring a cup of plain black tea with a metal spoon.,Happy,Neutral,Sad,Affection,Neutral,Easy,
426,Neutral,Pushing a wooden desk drawer completely shut after taking out a pen.,Neutral,Affection,Happy,Curiosity,Neutral,Easy,
427,Neutral,"Stopping your car safely at a standard, red octagonal stop sign.",Embarrassment,Affection,Relief,Neutral,Neutral,Easy,
428,Neutral,Zipping up your light jacket entirely before stepping out into the mild weather.,Curiosity,Embarrassment,Angry,Neutral,Neutral,Easy,
429,Neutral,"Stepping directly on a dry, brown leaf on the sidewalk.",Relief,Affection,Angry,Neutral,Neutral,Easy,
430,Neutral,"Smelling a fresh stack of plain, white printer paper just out of the wrapper.",Angry,Fear,Curiosity,Neutral,Neutral,Easy,
431,Neutral,Adjusting the frame of your glasses slightly by pushing them up the bridge of your nose.,Neutral,Curiosity,Happy,Affection,Neutral,Easy,
432,Neutral,Watching a generic digital clock smoothly change from 2:14 PM to 2:15 PM.,Happy,Fear,Neutral,Sad,Neutral,Easy,
433,Curiosity,"Noticing a large, unusually shaped cloud slowly drifting across the pale blue sky.",Relief,Neutral,Angry,Curiosity,Curiosity,Easy,
434,Curiosity,"Receiving a small, unexpected package in the mail with absolutely no return address.",Sad,Relief,Curiosity,Happy,Curiosity,Easy,
435,Curiosity,"Hearing a very strange, rhythmic tapping sound coming from right outside your bedroom window.",Curiosity,Embarrassment,Affection,Neutral,Curiosity,Easy,
436,Curiosity,"Finding an old, rusty key on the sidewalk and wondering what it originally opened.",Angry,Happy,Affection,Curiosity,Curiosity,Easy,
437,Curiosity,Seeing a group of people staring intensely upward at the top of a tall building.,Curiosity,Neutral,Angry,Sad,Curiosity,Easy,
438,Curiosity,Noticing a missed call from an international phone number you do not recognize at all.,Fear,Neutral,Curiosity,Embarrassment,Curiosity,Easy,
439,Curiosity,"Spotting a completely new, unmarked store opening up on your usual daily commute.",Happy,Sad,Affection,Curiosity,Curiosity,Easy,
440,Curiosity,"Finding an old, tightly folded note inside a library book you just checked out.",Sad,Curiosity,Fear,Affection,Curiosity,Easy,
441,Neutral,"Completing a highly routine, repetitive data entry task at your office job.",Happy,Curiosity,Relief,Neutral,Neutral,Medium,
442,Neutral,"Watching a dry, factual documentary detailing the history of concrete manufacturing.",Neutral,Affection,Sad,Angry,Neutral,Medium,
443,Neutral,"Eating a completely plain meal solely for nutritional sustenance, without really tasting it.",Neutral,Sad,Angry,Affection,Neutral,Medium,
444,Neutral,Throwing away an old grocery receipt that you no longer need for accounting.,Affection,Angry,Fear,Neutral,Neutral,Medium,
445,Neutral,Filing several standard office documents alphabetically in a large metal cabinet.,Happy,Curiosity,Neutral,Embarrassment,Neutral,Medium,
446,Neutral,Standing over a hot stove and simply watching a pot of water begin to gently boil.,Neutral,Affection,Fear,Curiosity,Neutral,Medium,
447,Neutral,"Deleting a massive folder of old, irrelevant promotional emails from your inbox.",Affection,Neutral,Relief,Embarrassment,Neutral,Medium,
448,Neutral,"Experiencing a totally average, uneventful day where absolutely nothing remarkable happens.",Neutral,Embarrassment,Affection,Angry,Neutral,Medium,
449,Neutral,Casually noticing the beige paint color of a generic hospital waiting room wall.,Neutral,Sad,Angry,Relief,Neutral,Medium,
450,Neutral,Checking the daily weather forecast and seeing it will be mildly overcast with no rain.,Curiosity,Happy,Angry,Neutral,Neutral,Medium,
451,Neutral,Pulling the very last tissue out of the cardboard box and throwing the box away.,Affection,Sad,Neutral,Embarrassment,Neutral,Medium,
452,Neutral,Tapping a blue ballpoint pen repeatedly on your desk while waiting for a file to download.,Neutral,Fear,Relief,Angry,Neutral,Medium,
453,Neutral,"Looking up at a completely gray, featureless sky through your bedroom window.",Neutral,Fear,Curiosity,Angry,Neutral,Medium,
454,Neutral,Quietly closing an extra browser tab that you no longer need to keep open.,Angry,Neutral,Embarrassment,Fear,Neutral,Medium,
455,Neutral,Wiping down a clean kitchen counter with a damp sponge out of sheer habit.,Curiosity,Happy,Neutral,Embarrassment,Neutral,Medium,
456,Neutral,"Folding a clean, plain white t-shirt and placing it into your dresser drawer.",Curiosity,Sad,Neutral,Embarrassment,Neutral,Medium,
457,Neutral,Staring blankly out the window of a moving bus at the passing gray buildings.,Embarrassment,Neutral,Happy,Relief,Neutral,Medium,
458,Neutral,Scrolling completely past the terms and conditions without actually reading any of them.,Curiosity,Embarrassment,Neutral,Happy,Neutral,Medium,
459,Neutral,Waiting quietly for your old laptop to slowly boot up in the early morning.,Happy,Sad,Neutral,Fear,Neutral,Medium,
460,Neutral,Sorting entirely through a physical pile of junk mail and tossing it into recycling.,Neutral,Affection,Angry,Embarrassment,Neutral,Medium,
461,Neutral,Watching a spinning loading icon on a website for fifteen seconds straight.,Neutral,Fear,Curiosity,Happy,Neutral,Medium,
462,Neutral,"Putting clean, dry ceramic dishes away into the overhead kitchen cupboards.",Neutral,Sad,Embarrassment,Fear,Neutral,Medium,
463,Neutral,Listening to the automated voice on a customer service menu list the number options.,Angry,Relief,Neutral,Affection,Neutral,Medium,
464,Neutral,"Reading a highly generic, uninteresting billboard advertisement while stuck in mild traffic.",Fear,Neutral,Affection,Sad,Neutral,Medium,
465,Neutral,Standing in a slowly moving line at the post office without talking to anyone.,Neutral,Fear,Embarrassment,Affection,Neutral,Medium,
466,Neutral,Noticing the rough texture of a standard red brick wall while walking past it.,Sad,Angry,Fear,Neutral,Neutral,Medium,
467,Neutral,Quietly tying a black trash bag shut and carrying it out to the curbside bin.,Neutral,Angry,Embarrassment,Sad,Neutral,Medium,
468,Neutral,Watching a completely plain screensaver bounce perfectly into the corner of the monitor.,Affection,Curiosity,Relief,Neutral,Neutral,Medium,
469,Neutral,"Listening to the distant, muffled sound of regular street traffic from your apartment.",Embarrassment,Neutral,Happy,Fear,Neutral,Medium,
470,Neutral,Flipping completely through television channels and finding absolutely nothing worth watching.,Neutral,Embarrassment,Happy,Sad,Neutral,Medium,
471,Neutral,"Realizing a minor, completely insignificant plot hole in an incredibly average movie.",Neutral,Happy,Fear,Relief,Neutral,Medium,
472,Neutral,Observing a total stranger across the street calmly walk their golden retriever.,Neutral,Sad,Happy,Relief,Neutral,Medium,
473,Curiosity,Trying hard to remember exactly where you have heard a very familiar background song before.,Affection,Curiosity,Embarrassment,Neutral,Curiosity,Medium,
474,Curiosity,Looking intently at a detailed map of a foreign city you will probably never visit.,Sad,Curiosity,Neutral,Affection,Curiosity,Medium,
475,Curiosity,Seeing a former high school classmate's name unexpectedly pop up in a local news article.,Angry,Relief,Affection,Curiosity,Curiosity,Medium,
476,Curiosity,"Noticing a small, weird $2 charge on your bank statement from an unrecognized vendor.",Angry,Neutral,Affection,Curiosity,Curiosity,Medium,
477,Curiosity,Wondering intensely how a street magician successfully pulled off a seemingly impossible trick.,Curiosity,Fear,Sad,Neutral,Curiosity,Medium,
478,Curiosity,"Finding an old, unlabeled photograph in your family album showing people you do not recognize.",Curiosity,Affection,Angry,Fear,Curiosity,Medium,
479,Curiosity,"Overhearing a fragmented, highly confusing piece of a stranger's dramatic phone conversation.",Relief,Sad,Fear,Curiosity,Curiosity,Medium,
480,Curiosity,"Trying to perfectly decipher an ambiguous, single-word text message sent by an old ex.",Relief,Angry,Curiosity,Neutral,Curiosity,Medium,
481,Neutral,"Feeling the profound, entirely blank apathy of severe, long-term occupational burnout.",Relief,Neutral,Sad,Affection,Neutral,Hard,
482,Neutral,Experiencing absolutely zero emotion while attending the funeral of a distant relative.,Sad,Affection,Relief,Neutral,Neutral,Hard,
483,Neutral,"The sudden, completely blank stillness that washes over you after an intense adrenaline rush fades.",Relief,Neutral,Curiosity,Embarrassment,Neutral,Hard,
484,Neutral,"Detaching completely and feeling utterly nothing during a highly stressful, chaotic emergency situation.",Relief,Neutral,Happy,Affection,Neutral,Hard,
485,Neutral,Feeling entirely indifferent and bored by a lifelong passion you used to completely obsess over.,Sad,Curiosity,Neutral,Relief,Neutral,Hard,
486,Neutral,"The robotic, numb dissociation of working a physically demanding twelve-hour factory shift.",Relief,Neutral,Sad,Fear,Neutral,Hard,
487,Neutral,"Accepting a dark, heavy existential truth about the universe with complete, quiet emotional detachment.",Sad,Neutral,Angry,Relief,Neutral,Hard,
488,Neutral,"Being completely unfazed and unaffected by a major, highly personal insult from a bitter rival.",Neutral,Curiosity,Fear,Relief,Neutral,Hard,
489,Neutral,"The surreal, confusing emptiness that sets in immediately after you reach an ultimate life goal.",Happy,Neutral,Angry,Curiosity,Neutral,Hard,
490,Neutral,"Feeling a highly clinical, objective detachment toward your own physical body and its various flaws.",Neutral,Angry,Fear,Relief,Neutral,Hard,
491,Neutral,"The blank, unblinking stare brought on by experiencing profound, multi-day sleep deprivation.",Neutral,Curiosity,Affection,Sad,Neutral,Hard,
492,Neutral,"The quiet, unremarkable nothingness of falling into a deep, completely dreamless sleep.",Affection,Neutral,Fear,Sad,Neutral,Hard,
493,Neutral,"Feeling an absolute, profound lack of desire for absolutely anything in the world today.",Affection,Neutral,Curiosity,Sad,Neutral,Hard,
494,Neutral,"Observing a terrible, violent accident with the cold, detached clinical eye of a medical professional.",Fear,Neutral,Sad,Happy,Neutral,Hard,
495,Neutral,"A profound apathy that entirely masks deep-seated, complex psychological trauma and pain.",Happy,Neutral,Fear,Curiosity,Neutral,Hard,
496,Neutral,"The calm, Zen-like acceptance of an entirely unavoidable, minor daily disaster.",Neutral,Embarrassment,Happy,Relief,Neutral,Hard,
497,Curiosity,"Impartially observing a highly complex, toxic social dynamic without taking any sides or feeling involved.",Relief,Happy,Sad,Curiosity,Curiosity,Hard,
498,Curiosity,Coldly and impartially analyzing the deep structural flaws of your own passionately held argument.,Embarrassment,Curiosity,Relief,Fear,Curiosity,Hard,
499,Curiosity,Wondering intensely what an entirely alternate version of your life would actually look like today.,Happy,Curiosity,Angry,Sad,Curiosity,Hard,
500,Curiosity,"Deeply exploring the psychological, unconscious root of your own most embarrassing daily habit.",Curiosity,Affection,Neutral,Sad,Curiosity,Hard,
501,Affection,Your partner surprises you with your favorite coffee just because.,Affection,Fear,Sad,Neutral,Affection,Easy,
502,Affection,Holding hands with your significant other while walking in the park.,Angry,Embarrassment,Affection,Curiosity,Affection,Easy,
503,Affection,Your best friend gives you a huge warm hug after a long trip.,Relief,Sad,Affection,Angry,Affection,Easy,
504,Affection,Watching your newly adopted kitten fall asleep on your chest.,Fear,Affection,Neutral,Sad,Affection,Easy,
505,Affection,Your mom calls you just to tell you she is proud of you.,Affection,Angry,Curiosity,Embarrassment,Affection,Easy,
506,Affection,Leaving a sweet good morning text for your partner to wake up to.,Neutral,Relief,Fear,Affection,Affection,Easy,
507,Affection,Your sibling saves the last slice of your favorite pizza for you.,Sad,Affection,Angry,Fear,Affection,Easy,
508,Affection,Seeing an elderly couple holding hands on a park bench.,Affection,Embarrassment,Sad,Fear,Affection,Easy,
509,Affection,Your dad fixes your broken bicycle without you even asking.,Angry,Curiosity,Affection,Sad,Affection,Easy,
510,Affection,Your partner gently brushes a stray hair out of your face.,Affection,Fear,Relief,Angry,Affection,Easy,
511,Affection,Smiling as you look through an old photo album of childhood friends.,Neutral,Affection,Sad,Fear,Affection,Easy,
512,Affection,Your dog wags its tail furiously the moment you walk through the door.,Embarrassment,Affection,Angry,Sad,Affection,Easy,
513,Affection,A close friend remembers your exact coffee order perfectly.,Sad,Fear,Affection,Neutral,Affection,Easy,
514,Affection,Your partner wraps a warm blanket around you when you fall asleep on the couch.,Angry,Affection,Curiosity,Relief,Affection,Easy,
515,Affection,Your grandma knits you a sweater in your favorite color.,Affection,Fear,Sad,Angry,Affection,Easy,
516,Happy,Receiving a handmade birthday card filled with inside jokes from a friend.,Embarrassment,Happy,Fear,Sad,Happy,Easy,
517,Affection,Your significant other kisses your forehead before leaving for work.,Affection,Angry,Neutral,Curiosity,Affection,Easy,
518,Affection,Playing with your little niece and hearing her joyful laughter.,Sad,Relief,Affection,Angry,Affection,Easy,
519,Affection,Your coworker brings you a treat because they know you had a rough day.,Fear,Affection,Embarrassment,Sad,Affection,Easy,
520,Affection,Listening to your friend passionately talk about their favorite hobby.,Affection,Angry,Neutral,Fear,Affection,Easy,
521,Affection,Your partner cooks dinner for you after you had an exhausting day.,Curiosity,Sad,Affection,Embarrassment,Affection,Easy,
522,Affection,Looking at your pet and feeling incredibly lucky to have them.,Relief,Angry,Affection,Sad,Affection,Easy,
523,Affection,A friend texts you to text them when you get home safe.,Affection,Fear,Embarrassment,Neutral,Affection,Easy,
524,Affection,Your sibling defends you in front of someone who was being rude.,Sad,Angry,Affection,Curiosity,Affection,Easy,
525,Happy,Watching your partner play with your family dog in the backyard.,Neutral,Sad,Happy,Fear,Happy,Easy,
526,Affection,Your mom remembers the name of your new friend and asks about them.,Affection,Angry,Sad,Relief,Affection,Easy,
527,Affection,Your partner pulls you in close during a scary movie.,Curiosity,Affection,Fear,Sad,Affection,Easy,
528,Affection,A friend casually links arms with you as you walk down the street.,Embarrassment,Sad,Affection,Angry,Affection,Easy,
529,Affection,Your grandfather tells you a story about when you were a little kid.,Affection,Neutral,Fear,Sad,Affection,Easy,
530,Affection,Your partner smiles softly at you from across a crowded room.,Sad,Affection,Relief,Angry,Affection,Easy,
531,Affection,Helping your younger sibling tie their shoes before school.,Affection,Fear,Embarrassment,Sad,Affection,Easy,
532,Affection,Your friend buys you a small trinket because it reminded them of you.,Sad,Angry,Neutral,Affection,Affection,Easy,
533,Affection,Your partner leaves the warm towel ready for you after your shower.,Curiosity,Affection,Fear,Sad,Affection,Easy,
534,Affection,You playfully tease your best friend and they just laugh and hug you.,Affection,Angry,Neutral,Relief,Affection,Easy,
535,Affection,Your dad sends you a goofy selfie just to make you smile.,Sad,Affection,Embarrassment,Fear,Affection,Easy,
536,Affection,A friend automatically hands you a tissue when you start sneezing.,Affection,Angry,Curiosity,Sad,Affection,Easy,
537,Affection,Your partner gently rubs your shoulders when you sit down at your desk.,Neutral,Fear,Affection,Sad,Affection,Easy,
538,Affection,Your mom makes your favorite childhood meal when you visit home.,Angry,Affection,Relief,Sad,Affection,Easy,
539,Happy,Smiling warmly while watching your friends sing terribly at karaoke.,Happy,Angry,Neutral,Fear,Happy,Easy,
540,Affection,Your sibling sends you a meme that perfectly matches your sense of humor.,Affection,Sad,Fear,Curiosity,Affection,Easy,
541,Affection,Realizing your partner silently memorized your obscure dietary restrictions for dates.,Angry,Affection,Sad,Neutral,Affection,Medium,
542,Happy,Watching a friend succeed after you spent weeks helping them study.,Relief,Sad,Happy,Fear,Happy,Medium,
543,Affection,Your dad quietly slips you some extra cash before you leave for college.,Affection,Embarrassment,Angry,Sad,Affection,Medium,
544,Affection,A coworker stays late completely voluntarily just to help you finish your project.,Curiosity,Affection,Fear,Sad,Affection,Medium,
545,Affection,Your friend gently redirects a conversation when they see you getting uncomfortable.,Affection,Angry,Relief,Sad,Affection,Medium,
546,Affection,Feeling a sudden overwhelming wave of love for your friends sitting around a campfire.,Sad,Affection,Fear,Neutral,Affection,Medium,
547,Affection,Your partner silently holds your hand under the table during a stressful family dinner.,Affection,Angry,Curiosity,Sad,Affection,Medium,
548,Affection,Realizing your sibling kept a secret you told them years ago.,Fear,Embarrassment,Affection,Sad,Affection,Medium,
549,Happy,Your mentor speaks about you with immense pride to another industry professional.,Sad,Angry,Happy,Neutral,Happy,Medium,
550,Affection,A friend shows up at your door with groceries when you are too depressed to cook.,Affection,Fear,Embarrassment,Sad,Affection,Medium,
551,Affection,Your partner remembers a tiny passing comment you made months ago and acts on it.,Angry,Neutral,Affection,Sad,Affection,Medium,
552,Affection,Watching your normally stoic father gently rock a baby to sleep.,Affection,Sad,Fear,Curiosity,Affection,Medium,
553,Affection,Your friend defends your reputation in a room where you are not present.,Relief,Angry,Affection,Sad,Affection,Medium,
554,Affection,Realizing someone took extra care not to wake you up when they entered the room.,Affection,Fear,Embarrassment,Sad,Affection,Medium,
555,Affection,Your partner gently washes your hair when you are too injured to do it yourself.,Sad,Affection,Neutral,Angry,Affection,Medium,
556,Affection,A friend completely drops their plans to listen to you cry over a breakup.,Affection,Curiosity,Angry,Sad,Affection,Medium,
557,Happy,Your parents secretly read up on your niche hobby so they can talk to you about it.,Fear,Happy,Sad,Angry,Happy,Medium,
558,Affection,Your sibling texts you to say they finally understand a lesson you taught them.,Affection,Neutral,Fear,Sad,Affection,Medium,
559,Affection,Realizing your partner naturally matches your walking pace even when you stroll slowly.,Embarrassment,Affection,Angry,Sad,Affection,Medium,
560,Affection,A friend saves a seat for you at a crowded intimidating networking event.,Affection,Sad,Fear,Relief,Affection,Medium,
561,Affection,Your dad frames a terrible drawing you made for him twenty years ago.,Angry,Affection,Sad,Neutral,Affection,Medium,
562,Affection,Watching your partner quietly clean up the kitchen so you can sleep in.,Affection,Embarrassment,Fear,Sad,Affection,Medium,
563,Affection,A coworker brings you coffee exactly the complicated way you like it.,Affection,Sad,Angry,Curiosity,Affection,Medium,
564,Affection,Your friend seamlessly covers for your mistake before the boss can notice.,Fear,Affection,Sad,Neutral,Affection,Medium,
565,Affection,Your partner learns a few words in your native language just to surprise you.,Affection,Angry,Embarrassment,Sad,Affection,Medium,
566,Affection,A friend thoughtfully leaves you out of a loud event because they know you hate noise.,Curiosity,Affection,Sad,Fear,Affection,Medium,
567,Happy,Your sibling calls you for advice on a major life decision.,Sad,Fear,Happy,Angry,Happy,Medium,
568,Affection,Realizing your partner always gives you the better half of whatever you share.,Affection,Neutral,Sad,Angry,Affection,Medium,
569,Affection,Your mom keeps your old room exactly the same for when you visit.,Relief,Affection,Fear,Sad,Affection,Medium,
570,Affection,A friend naturally anticipates your anxiety trigger and helps you avoid it.,Affection,Sad,Angry,Embarrassment,Affection,Medium,
571,Affection,Your dad awkwardly tries to use modern slang just to connect with you.,Fear,Neutral,Affection,Sad,Affection,Medium,
572,Happy,Watching your partner patiently explain something complex to a struggling child.,Happy,Angry,Sad,Relief,Happy,Medium,
573,Affection,Your friend sends you a song and says the lyrics perfectly describe you.,Affection,Embarrassment,Sad,Fear,Affection,Medium,
574,Affection,Your partner gently pulls you away from the edge of the sidewalk as a car speeds by.,Curiosity,Affection,Angry,Sad,Affection,Medium,
575,Affection,A colleague quietly fixes your typo on a presentation without mentioning it to anyone.,Affection,Fear,Neutral,Sad,Affection,Medium,
576,Happy,Realizing your sibling genuinely looks up to you as a role model.,Angry,Happy,Sad,Fear,Happy,Medium,
577,Affection,Your partner starts liking your obscure hobbies just because they like spending time with you.,Affection,Sad,Fear,Relief,Affection,Medium,
578,Affection,A friend quietly checks in on you a week after everyone else forgot your bad news.,Embarrassment,Affection,Angry,Sad,Affection,Medium,
579,Affection,Your mom texts you a random old photo of you two that she found.,Affection,Fear,Sad,Neutral,Affection,Medium,
580,Affection,Your partner always plugs your phone in when you fall asleep without doing it.,Curiosity,Angry,Affection,Sad,Affection,Medium,
581,Happy,Feeling a quiet swelling pride as you watch your mentee outgrow your teachings.,Sad,Happy,Fear,Angry,Happy,Hard,
582,Affection,The bittersweet tenderness of gently packing away the belongings of a child moving out.,Affection,Fear,Embarrassment,Neutral,Affection,Hard,
583,Affection,Quietly admiring a partner's annoying quirk because it makes them uniquely who they are.,Angry,Affection,Sad,Curiosity,Affection,Hard,
584,Affection,Holding space for a friend's intense anger without taking it personally or retreating.,Affection,Sad,Fear,Relief,Affection,Hard,
585,Affection,The profound unspoken bond of sitting in complete silence with someone after a tragedy.,Embarrassment,Affection,Angry,Fear,Affection,Hard,
586,Affection,Gently delivering a harsh truth to a friend to stop them from making a huge mistake.,Affection,Sad,Fear,Neutral,Affection,Hard,
587,Affection,Feeling an unexpected wave of fondness for a frustrating parent because of their vulnerable aging.,Curiosity,Affection,Angry,Relief,Affection,Hard,
588,Affection,Letting someone you love walk away because you know it is genuinely best for them.,Affection,Neutral,Fear,Embrassment,Affection,Hard,
589,Affection,The quiet devotion of doing a repetitive thankless chore every day solely for your family.,Sad,Affection,Angry,Fear,Affection,Hard,
590,Affection,Watching someone you deeply love fall in love with someone else and wishing them well.,Affection,Fear,Angry,Relief,Affection,Hard,
591,Affection,Feeling protective warmth toward an arrogant colleague when you finally learn their painful backstory.,Affection,Sad,Fear,Neutral,Affection,Hard,
592,Affection,The fierce terrifying depth of care you feel when your newborn child finally falls asleep.,Embarrassment,Affection,Angry,Sad,Affection,Hard,
593,Affection,Forgiving a deeply flawed friend not because they deserve it but because you cherish them.,Affection,Fear,Sad,Curiosity,Affection,Hard,
594,Affection,The tender amusement of watching your highly capable partner struggle with a simple puzzle.,Sad,Affection,Angry,Fear,Affection,Hard,
595,Affection,Continuing a useless family tradition solely because you know it comforts your aging grandparent.,Affection,Embarrassment,Angry,Sad,Affection,Hard,
596,Affection,Feeling a strange distant fondness for a past version of yourself that was incredibly foolish.,Sad,Affection,Fear,Neutral,Affection,Hard,
597,Affection,The complex care of firmly setting a boundary to save a relationship from turning toxic.,Affection,Fear,Sad,Relief,Affection,Hard,
598,Affection,Secretly fixing a mistake for a rival because you fundamentally respect their overall hard work.,Angry,Affection,Embarrassment,Sad,Affection,Hard,
599,Affection,The profound tenderness of a loved one remembering a trauma trigger you thought you hid.,Affection,Fear,Sad,Neutral,Affection,Hard,
600,Affection,Silently taking the blame for a minor failure to protect a vulnerable junior coworker's confidence.,Curiosity,Affection,Angry,Sad,Affection,Hard,
601,Curiosity,"Seeing a locked, heavy wooden door in an otherwise completely open building.",Curiosity,Neutral,Happy,Fear,Curiosity,Easy,
602,Curiosity,Getting a cryptic text from a friend saying 'You won't believe what just happened.',Sad,Fear,Embarrassment,Curiosity,Curiosity,Easy,
603,Curiosity,"Finding an old, completely unlabeled VHS tape hidden deep in your parents' attic.",Curiosity,Happy,Relief,Fear,Curiosity,Easy,
604,Curiosity,Hearing two coworkers whispering your name and abruptly stopping when you enter the room.,Curiosity,Relief,Neutral,Angry,Curiosity,Easy,
605,Curiosity,Seeing a massive crowd gathered silently around a street performer.,Sad,Neutral,Curiosity,Embarrassment,Curiosity,Easy,
606,Curiosity,"Finding a strange, vintage brass key randomly sitting on the sidewalk.",Embarrassment,Angry,Curiosity,Fear,Curiosity,Easy,
607,Curiosity,"Receiving a small, heavy package in the mail with absolutely no return address.",Neutral,Happy,Curiosity,Embarrassment,Curiosity,Easy,
608,Curiosity,"Noticing a completely new, unnamed restaurant opening up in your quiet neighborhood.",Affection,Sad,Embarrassment,Curiosity,Curiosity,Easy,
609,Curiosity,Spotting a thick folder prominently labeled 'Top Secret' on your boss's desk.,Sad,Curiosity,Happy,Affection,Curiosity,Easy,
610,Curiosity,Watching a dog dig intensely and obsessively at a specific spot in the yard.,Affection,Angry,Fear,Curiosity,Curiosity,Easy,
611,Curiosity,Finding an old photo of your grandmother standing happily next to a famous actor.,Sad,Relief,Angry,Curiosity,Curiosity,Easy,
612,Curiosity,"Smelling a delicious, completely unfamiliar scent drifting from your neighbor's open window.",Curiosity,Angry,Embarrassment,Fear,Curiosity,Easy,
613,Curiosity,"Reading a cryptic, highly emotional post from a usually quiet friend on social media.",Curiosity,Embarrassment,Angry,Happy,Curiosity,Easy,
614,Curiosity,"Spotting a tiny, perfectly crafted hidden door at the base of a tree in the park.",Affection,Happy,Curiosity,Relief,Curiosity,Easy,
615,Curiosity,Getting an urgent calendar invite for a 'Mandatory Team Update' with no agenda attached.,Neutral,Embarrassment,Sad,Curiosity,Curiosity,Easy,
616,Curiosity,Noticing a heavily redacted legal document left by mistake on the office printer.,Relief,Affection,Embarrassment,Curiosity,Curiosity,Easy,
617,Curiosity,"Finding a hidden, locked compartment inside a secondhand desk you just bought.",Happy,Fear,Curiosity,Sad,Curiosity,Easy,
618,Curiosity,"Hearing a strange, beautifully melodic bird call that you have never heard before.",Neutral,Fear,Relief,Curiosity,Curiosity,Easy,
619,Curiosity,"Watching a classmate sketch an intricate, bizarre map instead of taking notes during a lecture.",Curiosity,Affection,Angry,Embarrassment,Curiosity,Easy,
620,Curiosity,Seeing your partner smile warmly at their phone and quickly turn the screen off.,Curiosity,Affection,Sad,Fear,Curiosity,Easy,
621,Curiosity,"Discovering an abandoned, fully furnished house while hiking deep in the woods.",Sad,Relief,Curiosity,Neutral,Curiosity,Easy,
622,Curiosity,Finding a 100-year-old silver coin mixed into your change from the grocery store.,Curiosity,Sad,Neutral,Happy,Curiosity,Easy,
623,Curiosity,"Hearing a sudden, loud alarm coming from a warehouse that is supposed to be entirely empty.",Embarrassment,Relief,Affection,Curiosity,Curiosity,Easy,
624,Curiosity,Getting a formal email from a prestigious university you never actually applied to.,Affection,Curiosity,Relief,Fear,Curiosity,Easy,
625,Curiosity,Seeing a famous celebrity wearing a t-shirt with your obscure hometown's logo on it.,Fear,Curiosity,Relief,Sad,Curiosity,Easy,
626,Curiosity,Finding a leather-bound diary with a sturdy brass lock at a local thrift store.,Embarrassment,Curiosity,Fear,Happy,Curiosity,Easy,
627,Curiosity,"Spotting a strange, brightly glowing blue light hovering silently in the night sky.",Fear,Embarrassment,Curiosity,Sad,Curiosity,Easy,
628,Curiosity,"Hearing your favorite podcaster mention they have a massive, life-changing announcement next week.",Curiosity,Embarrassment,Fear,Neutral,Curiosity,Easy,
629,Curiosity,Finding a generic USB drive labeled 'Do Not Open' sitting on a library computer.,Curiosity,Embarrassment,Relief,Happy,Curiosity,Easy,
630,Curiosity,Watching a group of unrelated strangers all suddenly look up at the exact same moment.,Angry,Curiosity,Relief,Neutral,Curiosity,Easy,
631,Curiosity,"Catching a fleeting glimpse of a bizarre, beautiful painting through a closing window.",Fear,Angry,Affection,Curiosity,Curiosity,Easy,
632,Curiosity,Reading an engaging book and discovering the very last chapter has been completely torn out.,Curiosity,Embarrassment,Affection,Fear,Curiosity,Easy,
633,Happy,Opening a beautifully wrapped birthday gift from your best friend to see what is inside.,Curiosity,Happy,Embarrassment,Relief,Happy,Easy,
634,Happy,"Finally turning the key to see the inside of the new, luxurious apartment you just rented.",Happy,Fear,Relief,Neutral,Happy,Easy,
635,Curiosity,Checking your phone to see the final score of a game your team was already winning.,Angry,Relief,Curiosity,Neutral,Curiosity,Easy,
636,Happy,"Eagerly unlocking a secret bonus level in your favorite, highly anticipated video game.",Affection,Happy,Relief,Angry,Happy,Easy,
637,Neutral,Watching a single drop of rain trace a completely random path down a windowpane.,Sad,Embarrassment,Fear,Neutral,Neutral,Easy,
638,Neutral,Mildly wondering why a completely plain brown cardboard box was left by the curb.,Relief,Fear,Neutral,Embarrassment,Neutral,Easy,
639,Neutral,Casually glancing at a stranger's grocery cart to see what they are buying for dinner.,Affection,Sad,Curiosity,Neutral,Neutral,Easy,
640,Curiosity,Examining a slightly unusually shaped gray pebble you found while walking on the beach.,Sad,Relief,Angry,Curiosity,Curiosity,Easy,
641,Curiosity,Realizing an old high school acquaintance has completely faked their lavish life on Instagram.,Fear,Curiosity,Angry,Embarrassment,Curiosity,Medium,
642,Curiosity,Finding an entirely unexplained $500 cash deposit in your checking account.,Neutral,Curiosity,Embarrassment,Relief,Curiosity,Medium,
643,Curiosity,Hearing your parents casually reference a mysterious sibling you never knew existed.,Neutral,Curiosity,Relief,Embarrassment,Curiosity,Medium,
644,Curiosity,"Finding an old love letter tucked inside a used textbook, signed only with an initial.",Embarrassment,Neutral,Fear,Curiosity,Curiosity,Medium,
645,Curiosity,"Discovering a completely blank, hidden webpage buried within your company's main site.",Curiosity,Affection,Embarrassment,Fear,Curiosity,Medium,
646,Curiosity,Noticing a senior coworker silently leaves the office at exactly 3:14 PM every single day.,Happy,Relief,Affection,Curiosity,Curiosity,Medium,
647,Curiosity,Trying to figure out exactly how a complex internet scam operation actually makes money.,Sad,Curiosity,Embarrassment,Fear,Curiosity,Medium,
648,Curiosity,"Finding out a famously quiet, boring coworker used to be a local punk rock star.",Angry,Curiosity,Relief,Happy,Curiosity,Medium,
649,Curiosity,Realizing a background extra in a huge Hollywood blockbuster looks exactly like you.,Relief,Sad,Curiosity,Fear,Curiosity,Medium,
650,Curiosity,Spotting a completely out-of-place historical anomaly in an otherwise accurate old documentary.,Neutral,Curiosity,Relief,Angry,Curiosity,Medium,
651,Curiosity,Listening to someone fluently speak a language you cannot even begin to identify.,Curiosity,Embarrassment,Angry,Sad,Curiosity,Medium,
652,Curiosity,"Finding an intricate, hand-drawn map tucked inside a library copy of a fantasy novel.",Curiosity,Fear,Sad,Happy,Curiosity,Medium,
653,Curiosity,"Wondering why a highly qualified, enthusiastic candidate suddenly withdrew from a job interview.",Angry,Affection,Curiosity,Embarrassment,Curiosity,Medium,
654,Curiosity,Noticing that a specific street lamp mysteriously flickers only when you walk past it.,Curiosity,Angry,Relief,Fear,Curiosity,Medium,
655,Curiosity,"Seeing a perfectly preserved, abandoned shopping mall from the 1990s on a road trip.",Angry,Happy,Sad,Curiosity,Curiosity,Medium,
656,Curiosity,"Reading a completely incomprehensible, code-filled error message on your bank's ATM screen.",Fear,Embarrassment,Neutral,Curiosity,Curiosity,Medium,
657,Curiosity,"Wondering what your notoriously strict, humorless professor is actually like in their personal life.",Embarrassment,Neutral,Sad,Curiosity,Curiosity,Medium,
658,Curiosity,Hearing a credible rumor that your company is developing a radical new product in absolute secret.,Embarrassment,Curiosity,Affection,Angry,Curiosity,Medium,
659,Curiosity,"Finding a strange, unlisted tracking app installed deeply within your phone's privacy settings.",Angry,Neutral,Affection,Curiosity,Curiosity,Medium,
660,Curiosity,Realizing your new date entirely refuses to talk about the entire decade of their twenties.,Sad,Curiosity,Neutral,Relief,Curiosity,Medium,
661,Curiosity,"Noticing a series of cryptic, coded messages written sharply on the subway walls.",Affection,Curiosity,Angry,Fear,Curiosity,Medium,
662,Curiosity,Wondering exactly how an influencer affords a luxury lifestyle with almost no visible followers.,Embarrassment,Happy,Curiosity,Angry,Curiosity,Medium,
663,Curiosity,"Finding an old, heavily padlocked iron chest in the basement of the house you just bought.",Sad,Curiosity,Angry,Relief,Curiosity,Medium,
664,Curiosity,Observing a stranger intensely taking notes while watching a completely mundane sunset.,Curiosity,Angry,Fear,Relief,Curiosity,Medium,
665,Curiosity,"Spotting an incredibly rare, multi-million dollar sports car parked at a rundown, cheap motel.",Angry,Curiosity,Relief,Fear,Curiosity,Medium,
666,Curiosity,"Realizing a childhood friend remembers a major, traumatic shared event completely differently than you do.",Curiosity,Embarrassment,Relief,Neutral,Curiosity,Medium,
667,Curiosity,"Wondering why a famous, critically acclaimed author abruptly stopped writing at the peak of their career.",Curiosity,Fear,Relief,Sad,Curiosity,Medium,
668,Curiosity,"Discovering a bizarre, hidden audio track at the very end of a vintage vinyl record.",Curiosity,Affection,Happy,Embarrassment,Curiosity,Medium,
669,Curiosity,"Overhearing a pilot say something highly unusual over the intercom before an immediate, sharp cutoff.",Fear,Sad,Curiosity,Embarrassment,Curiosity,Medium,
670,Curiosity,Noticing that your new next-door neighbor has absolutely no furniture being moved into their house.,Sad,Angry,Happy,Curiosity,Curiosity,Medium,
671,Curiosity,"Figuring out exactly why a specific, obscure financial stock suddenly skyrocketed for no apparent reason.",Angry,Sad,Curiosity,Fear,Curiosity,Medium,
672,Curiosity,Watching a highly skilled street magician perform a close-up trick that completely defies all logic.,Relief,Neutral,Curiosity,Sad,Curiosity,Medium,
673,Curiosity,Eagerly refreshing the admissions webpage to see if you finally got accepted into your dream program.,Curiosity,Affection,Embarrassment,Sad,Curiosity,Medium,
674,Happy,"Exploring a vibrant, beautifully historical new city on the very first day of your long vacation.",Happy,Angry,Relief,Affection,Happy,Medium,
675,Curiosity,"Trying a highly recommended, exotic new dessert for the very first time at a famous restaurant.",Angry,Neutral,Affection,Curiosity,Curiosity,Medium,
676,Curiosity,Checking the live tracking number of an important package you have been excited about for weeks.,Angry,Relief,Affection,Curiosity,Curiosity,Medium,
677,Neutral,Wondering mildly how the complex logistics of daily city waste management actually operate.,Neutral,Fear,Embarrassment,Sad,Neutral,Medium,
678,Neutral,Objectively analyzing the subtle differences in narrative pacing between two entirely average movies.,Curiosity,Affection,Angry,Neutral,Neutral,Medium,
679,Curiosity,Contemplating why ancient humans decided to domesticate certain species of animals but completely ignored others.,Fear,Happy,Affection,Curiosity,Curiosity,Medium,
680,Neutral,"Tracing the exact global supply chain route of an ordinary, disposable plastic water bottle.",Sad,Embarrassment,Neutral,Relief,Neutral,Medium,
681,Curiosity,Delving deeply into your own subconscious motivations to finally understand a lifelong self-destructive habit.,Embarrassment,Curiosity,Sad,Relief,Curiosity,Hard,
682,Curiosity,"Exploring the profound, terrifying implications of advanced artificial intelligence suddenly achieving true, independent sentience.",Embarrassment,Affection,Curiosity,Neutral,Curiosity,Hard,
683,Curiosity,Wondering exactly how the subjective passage of time truly feels to a species that lives for centuries.,Neutral,Embarrassment,Curiosity,Fear,Curiosity,Hard,
684,Curiosity,"Analyzing the complex, hidden psychological reasons why completely reasonable people join dangerous, extreme cults.",Affection,Curiosity,Angry,Relief,Curiosity,Hard,
685,Curiosity,"Obsessively trying to pinpoint the exact moment a deeply loving, long-term relationship irrevocably turned cold.",Fear,Relief,Embarrassment,Curiosity,Curiosity,Hard,
686,Curiosity,Investigating the philosophical paradox of knowing you are constantly changing but feeling exactly the same inside.,Sad,Curiosity,Neutral,Fear,Curiosity,Hard,
687,Curiosity,"Wondering what a completely unique color, existing entirely outside the human visual spectrum, would actually look like.",Sad,Affection,Relief,Curiosity,Curiosity,Hard,
688,Curiosity,"Probing the intricate, unwritten social rules that implicitly dictate the behavior of a highly insular community.",Relief,Neutral,Curiosity,Embarrassment,Curiosity,Hard,
689,Curiosity,"Questioning the fundamental nature of physical reality after experiencing an intense, hyper-realistic, lucid dream.",Embarrassment,Affection,Sad,Curiosity,Curiosity,Hard,
690,Curiosity,Seeking to deeply and genuinely understand the core mindset of someone whose political values completely oppose yours.,Curiosity,Sad,Relief,Neutral,Curiosity,Hard,
691,Curiosity,Tracing the hidden generational trauma that unconsciously shaped your family's most peculiar and strict traditions.,Relief,Curiosity,Fear,Sad,Curiosity,Hard,
692,Curiosity,Wondering exactly how historians thousands of years from now will completely misinterpret our modern daily habits.,Relief,Embarrassment,Angry,Curiosity,Curiosity,Hard,
693,Curiosity,"Exploring the highly unsettling psychological boundary between true altruism and sophisticated, ego-driven self-interest.",Embarrassment,Fear,Curiosity,Angry,Curiosity,Hard,
694,Curiosity,Contemplating the exact biological and philosophical threshold where a collection of cells becomes a conscious self.,Curiosity,Affection,Embarrassment,Angry,Curiosity,Hard,
695,Curiosity,"Trying to definitively solve an old, complex interpersonal mystery that everyone else in your family has abandoned.",Sad,Happy,Embarrassment,Curiosity,Curiosity,Hard,
696,Curiosity,"Analyzing the subtle, pervasive ways that a specific language fundamentally shapes and limits human cognitive thought.",Neutral,Relief,Curiosity,Sad,Curiosity,Hard,
697,Curiosity,Wondering exactly how it physically feels to completely lose one's ego during a profound meditative state.,Embarrassment,Curiosity,Happy,Angry,Curiosity,Hard,
698,Curiosity,"Investigating the incredibly fine, highly debated line between true creative genius and severe psychological breakdown.",Fear,Embarrassment,Angry,Curiosity,Curiosity,Hard,
699,Happy,"Feeling a profound, joyful sense of wonder while conceptually exploring the infinite complexity of the cosmos.",Fear,Happy,Sad,Relief,Happy,Hard,
700,Neutral,Dispassionately observing your own intense emotional reactions to stress as if you were a detached scientific experiment.,Affection,Neutral,Relief,Angry,Neutral,Hard,
701,Embarrassment,"Waving excitedly at someone across the street, then realizing they were waving at the person behind you.",Fear,Embarrassment,Relief,Neutral,Embarrassment,Easy,
702,Embarrassment,Your stomach growls incredibly loudly during a completely silent final exam.,Curiosity,Embarrassment,Angry,Sad,Embarrassment,Easy,
703,Embarrassment,Accidentally calling your college professor 'Mom' in front of the entire lecture hall.,Curiosity,Embarrassment,Angry,Happy,Embarrassment,Easy,
704,Embarrassment,Tripping dramatically on a flat surface while walking past your gym crush.,Sad,Curiosity,Happy,Embarrassment,Embarrassment,Easy,
705,Embarrassment,Realizing you have a large piece of spinach stuck in your front teeth after a long date.,Embarrassment,Neutral,Sad,Angry,Embarrassment,Easy,
706,Embarrassment,Walking out of a public restroom with a long trail of toilet paper stuck to your shoe.,Angry,Sad,Fear,Embarrassment,Embarrassment,Easy,
707,Embarrassment,"Laughing out loud at a text message in a completely quiet, serious library.",Curiosity,Fear,Embarrassment,Sad,Embarrassment,Easy,
708,Embarrassment,You confidently push a glass door that clearly has a massive 'Pull' sign on it.,Relief,Sad,Angry,Embarrassment,Embarrassment,Easy,
709,Embarrassment,Realizing your shirt has been inside out for the entire workday.,Sad,Relief,Fear,Embarrassment,Embarrassment,Easy,
710,Embarrassment,Going in for a hug while the other person is only going for a high-five.,Neutral,Happy,Sad,Embarrassment,Embarrassment,Easy,
711,Embarrassment,"Answering a question in class with supreme confidence, only to be completely wrong.",Relief,Fear,Embarrassment,Affection,Embarrassment,Easy,
712,Embarrassment,Your phone loudly starts playing an embarrassing song in a crowded elevator.,Embarrassment,Sad,Neutral,Curiosity,Embarrassment,Easy,
713,Embarrassment,Congratulating a woman on her pregnancy when she is not actually pregnant.,Angry,Fear,Happy,Embarrassment,Embarrassment,Easy,
714,Embarrassment,Dropping your full lunch tray in the middle of a crowded cafeteria.,Neutral,Curiosity,Embarrassment,Fear,Embarrassment,Easy,
715,Embarrassment,Accidentally liking your ex's deeply buried vacation photo from five years ago.,Relief,Affection,Sad,Embarrassment,Embarrassment,Easy,
716,Embarrassment,Realizing you have been pronouncing a common word wrong your entire life.,Happy,Sad,Neutral,Embarrassment,Embarrassment,Easy,
717,Embarrassment,Trying to smoothly lean against a wall and completely missing it.,Fear,Sad,Angry,Embarrassment,Embarrassment,Easy,
718,Embarrassment,Speaking loudly while wearing noise-canceling headphones in a quiet office.,Embarrassment,Sad,Curiosity,Affection,Embarrassment,Easy,
719,Embarrassment,Sending a screenshot of a conversation to the exact person you were talking about.,Embarrassment,Relief,Affection,Curiosity,Embarrassment,Easy,
720,Embarrassment,Spilling red wine on the host's pristine white couch at a fancy party.,Embarrassment,Sad,Relief,Happy,Embarrassment,Easy,
721,Embarrassment,Farting loudly by accident during a yoga class when the room is silent.,Embarrassment,Curiosity,Neutral,Happy,Embarrassment,Easy,
722,Embarrassment,Misjudging a step and stumbling awkwardly in front of a group of teenagers.,Embarrassment,Affection,Relief,Fear,Embarrassment,Easy,
723,Embarrassment,Waking up in a meeting and realizing you were visibly drooling.,Happy,Relief,Embarrassment,Sad,Embarrassment,Easy,
724,Embarrassment,Replying 'You too!' when the movie theater worker tells you to enjoy the film.,Relief,Affection,Sad,Embarrassment,Embarrassment,Easy,
725,Embarrassment,Walking into the completely wrong classroom and sitting down before realizing it.,Affection,Fear,Angry,Embarrassment,Embarrassment,Easy,
726,Embarrassment,Your credit card declines for a two-dollar coffee with a long line behind you.,Neutral,Embarrassment,Happy,Fear,Embarrassment,Easy,
727,Embarrassment,Having your voice crack loudly during an important presentation.,Relief,Fear,Embarrassment,Happy,Embarrassment,Easy,
728,Embarrassment,Realizing halfway through a story that no one is actually listening to you.,Happy,Affection,Neutral,Embarrassment,Embarrassment,Easy,
729,Embarrassment,Asking someone 'How is your dog?' only to be reminded the dog passed away.,Sad,Happy,Relief,Embarrassment,Embarrassment,Easy,
730,Embarrassment,You confidently sing the wrong lyrics loudly at a concert.,Relief,Affection,Fear,Embarrassment,Embarrassment,Easy,
731,Embarrassment,Walking around all morning with dried toothpaste clearly visible on your chin.,Neutral,Relief,Fear,Embarrassment,Embarrassment,Easy,
732,Embarrassment,"Trying to quietly open a snack in a meeting, but the wrapper is deafeningly loud.",Embarrassment,Affection,Curiosity,Sad,Embarrassment,Easy,
733,Embarrassment,Forgetting the name of a close coworker while introducing them to your boss.,Affection,Neutral,Embarrassment,Angry,Embarrassment,Easy,
734,Embarrassment,Tripping up the stairs while rushing to catch a train.,Sad,Curiosity,Embarrassment,Happy,Embarrassment,Easy,
735,Fear,Realizing you forgot your wallet right when the waiter hands you an expensive bill.,Happy,Fear,Neutral,Angry,Fear,Easy,
736,Embarrassment,Presenting on stage and suddenly realizing your pants zipper is completely down.,Embarrassment,Relief,Neutral,Angry,Embarrassment,Easy,
737,Fear,Sending a highly inappropriate meme to the family group chat instead of your friends.,Fear,Angry,Neutral,Affection,Fear,Easy,
738,Embarrassment,Your boss walks in right as you are mimicking their specific voice to a coworker.,Happy,Embarrassment,Sad,Curiosity,Embarrassment,Easy,
739,Embarrassment,Realizing you accidentally attached a personal medical document instead of your resume to a job application.,Affection,Relief,Embarrassment,Sad,Embarrassment,Easy,
740,Embarrassment,Accidentally leaving your microphone unmuted while chewing loudly during a massive company call.,Neutral,Affection,Embarrassment,Curiosity,Embarrassment,Easy,
741,Embarrassment,Realizing halfway through an impassioned argument that your core fact is completely wrong.,Fear,Curiosity,Embarrassment,Angry,Embarrassment,Medium,
742,Embarrassment,"You reply all to a company-wide email with a very casual, personal message.",Sad,Relief,Angry,Embarrassment,Embarrassment,Medium,
743,Embarrassment,Being caught aggressively lip-syncing in your car by the driver right next to you.,Affection,Fear,Embarrassment,Neutral,Embarrassment,Medium,
744,Embarrassment,Confidently telling a joke in a group setting and receiving absolute dead silence.,Relief,Fear,Embarrassment,Curiosity,Embarrassment,Medium,
745,Embarrassment,"Asking an acquaintance how their partner is, only to find out they recently had a messy divorce.",Curiosity,Angry,Embarrassment,Sad,Embarrassment,Medium,
746,Fear,Accidentally complaining about a client while the client is secretly copied on the email chain.,Fear,Affection,Happy,Curiosity,Fear,Medium,
747,Embarrassment,Having a coworker point out that you have been calling them the wrong name for three months.,Happy,Curiosity,Embarrassment,Angry,Embarrassment,Medium,
748,Embarrassment,Your screen sharing starts early and everyone sees you searching for dumb dating advice.,Relief,Neutral,Embarrassment,Happy,Embarrassment,Medium,
749,Embarrassment,Accidentally double-tapping an old photo on the Instagram of your partner's ex.,Angry,Curiosity,Affection,Embarrassment,Embarrassment,Medium,
750,Embarrassment,"Trying to join a conversation and completely misunderstanding the topic, making an inappropriate comment.",Happy,Angry,Affection,Embarrassment,Embarrassment,Medium,
751,Embarrassment,"A friend reads your old, highly cringey teenage poetry out loud to the group.",Curiosity,Happy,Embarrassment,Relief,Embarrassment,Medium,
752,Embarrassment,Walking into a glass door so hard that the entire office turns to look at you.,Angry,Embarrassment,Curiosity,Affection,Embarrassment,Medium,
753,Embarrassment,"Confidently correcting someone's grammar, only to realize your correction was actually wrong.",Happy,Angry,Curiosity,Embarrassment,Embarrassment,Medium,
754,Embarrassment,Realizing you have been visibly sweating through your shirt during a first date.,Fear,Sad,Embarrassment,Angry,Embarrassment,Medium,
755,Embarrassment,"You go for a fist bump and the interviewer goes for a handshake, resulting in an awkward hand-hold.",Angry,Embarrassment,Relief,Affection,Embarrassment,Medium,
756,Embarrassment,"Being forced to loudly explain a highly specific, strange purchase to a cashier.",Fear,Relief,Affection,Embarrassment,Embarrassment,Medium,
757,Embarrassment,Your mom drops you off at college and yells an embarrassing childhood nickname in front of everyone.,Embarrassment,Relief,Curiosity,Angry,Embarrassment,Medium,
758,Embarrassment,"Waving back at a cute person at the gym, then seeing they were waving to their partner.",Embarrassment,Curiosity,Fear,Relief,Embarrassment,Medium,
759,Embarrassment,Dropping a heavy weight on your foot at the gym and trying to pretend it didn't hurt.,Fear,Sad,Relief,Embarrassment,Embarrassment,Medium,
760,Embarrassment,Getting caught taking a heavily posed selfie in public by a group of laughing teenagers.,Relief,Sad,Curiosity,Embarrassment,Embarrassment,Medium,
761,Embarrassment,Your phone rings at full volume during a funeral service.,Fear,Embarrassment,Affection,Relief,Embarrassment,Medium,
762,Fear,Accidentally sharing your screen showing you are applying for other jobs during a 1-on-1 with your manager.,Embarrassment,Neutral,Sad,Fear,Fear,Medium,
763,Embarrassment,Trying to speak a foreign language while traveling and accidentally saying something deeply offensive.,Affection,Curiosity,Happy,Embarrassment,Embarrassment,Medium,
764,Embarrassment,Choking on water and having a violent coughing fit during a totally silent movie scene.,Embarrassment,Fear,Neutral,Curiosity,Embarrassment,Medium,
765,Embarrassment,Realizing your fly was unzipped for the entirety of an important job interview.,Curiosity,Embarrassment,Sad,Neutral,Embarrassment,Medium,
766,Embarrassment,"Getting completely rejected after planning a huge, public promposal.",Curiosity,Embarrassment,Relief,Neutral,Embarrassment,Medium,
767,Embarrassment,Overhearing your friends gently making fun of a quirky habit you thought nobody noticed.,Curiosity,Embarrassment,Sad,Neutral,Embarrassment,Medium,
768,Embarrassment,Accidentally liking a LinkedIn post from the person you are actively stalking before an interview.,Embarrassment,Happy,Affection,Curiosity,Embarrassment,Medium,
769,Embarrassment,Leaving the restroom with your skirt tucked completely into your underwear.,Embarrassment,Affection,Curiosity,Relief,Embarrassment,Medium,
770,Embarrassment,Having to ask for a child's menu because you are an extremely picky eater on a date.,Embarrassment,Neutral,Relief,Angry,Embarrassment,Medium,
771,Embarrassment,A coworker points out a very obvious spelling mistake on your heavily praised presentation slide.,Curiosity,Happy,Embarrassment,Affection,Embarrassment,Medium,
772,Embarrassment,Being explicitly told by a flight attendant that your carry-on bag is way too big to fit.,Affection,Happy,Embarrassment,Angry,Embarrassment,Medium,
773,Embarrassment,Confidently introducing two people who inform you they actually dated for three years.,Embarrassment,Neutral,Fear,Happy,Embarrassment,Medium,
774,Fear,You accidentally badmouth the CEO to a stranger in the elevator who turns out to be the CEO.,Curiosity,Neutral,Fear,Sad,Fear,Medium,
775,Embarrassment,Finding out that the 'private' room you were changing in has a huge window facing the street.,Happy,Relief,Neutral,Embarrassment,Embarrassment,Medium,
776,Embarrassment,Realizing you left your webcam on while getting dressed during a remote lecture.,Curiosity,Embarrassment,Neutral,Sad,Embarrassment,Medium,
777,Embarrassment,"You proudly tell a story about meeting a celebrity, and a friend proves you were lying.",Embarrassment,Curiosity,Sad,Angry,Embarrassment,Medium,
778,Embarrassment,Your card declines three times in a row while trying to pay for a business lunch.,Curiosity,Embarrassment,Affection,Angry,Embarrassment,Medium,
779,Embarrassment,Tripping on stage while walking up to accept your hard-earned college diploma.,Fear,Angry,Embarrassment,Happy,Embarrassment,Medium,
780,Embarrassment,"Asking someone when they are due, only to find out they just gained weight.",Curiosity,Angry,Embarrassment,Happy,Embarrassment,Medium,
781,Embarrassment,Being praised profusely for a project you know you actually contributed almost nothing to.,Embarrassment,Relief,Sad,Affection,Embarrassment,Hard,
782,Fear,"Getting caught in a complex, completely unnecessary lie told just to impress someone you deeply respect.",Affection,Fear,Angry,Relief,Fear,Hard,
783,Embarrassment,Trying to relate to a marginalized group's struggles and realizing you sound incredibly privileged and tone-deaf.,Curiosity,Embarrassment,Relief,Sad,Embarrassment,Hard,
784,Embarrassment,"Publicly calling out someone for a mistake, only to realize you are the one who actually messed up.",Affection,Relief,Embarrassment,Angry,Embarrassment,Hard,
785,Embarrassment,A respected mentor kindly but firmly explains that your behavior at the networking event was highly unprofessional.,Angry,Embarrassment,Fear,Neutral,Embarrassment,Hard,
786,Fear,Realizing you accidentally plagiarized a significant portion of your final thesis just before you submit it.,Angry,Fear,Embarrassment,Affection,Fear,Hard,
787,Embarrassment,Finding out you were the completely oblivious 'toxic person' everyone was complaining about in a group chat.,Fear,Happy,Sad,Embarrassment,Embarrassment,Hard,
788,Embarrassment,Receiving an award for a heartfelt essay you entirely generated using an AI language model.,Happy,Embarrassment,Sad,Affection,Embarrassment,Hard,
789,Embarrassment,"Loudly bragging about your high salary to friends, only to learn they all make significantly more than you.",Affection,Relief,Fear,Embarrassment,Embarrassment,Hard,
790,Embarrassment,"Throwing a massive temper tantrum over a delayed flight in front of a completely calm, silent crowd.",Relief,Embarrassment,Curiosity,Affection,Embarrassment,Hard,
791,Embarrassment,"Trying to sound incredibly smart in a debate, but misusing a basic concept and being gently corrected by an expert.",Embarrassment,Relief,Happy,Curiosity,Embarrassment,Hard,
792,Embarrassment,Overhearing a group of your closest friends discussing why they find it so exhausting to hang out with you.,Embarrassment,Relief,Affection,Happy,Embarrassment,Hard,
793,Embarrassment,"Accidentally sending an extremely harsh, unedited draft of a performance review to the employee being reviewed.",Neutral,Embarrassment,Sad,Curiosity,Embarrassment,Hard,
794,Embarrassment,"Being openly rejected by a friend after making an unwanted, completely misjudged romantic advance.",Embarrassment,Happy,Fear,Curiosity,Embarrassment,Hard,
795,Embarrassment,Having a date kindly point out that you have been doing nothing but talking about yourself for two hours.,Embarrassment,Fear,Angry,Affection,Embarrassment,Hard,
796,Embarrassment,A child loudly and innocently points out a major physical insecurity you have been desperately trying to hide.,Neutral,Sad,Fear,Embarrassment,Embarrassment,Hard,
797,Embarrassment,"Your meticulously planned, highly expensive startup completely fails in its first week due to a basic math error.",Neutral,Embarrassment,Fear,Curiosity,Embarrassment,Hard,
798,Embarrassment,"Apologizing profusely for something minor, and the person tells you your apology is making it much worse.",Angry,Embarrassment,Fear,Neutral,Embarrassment,Hard,
799,Embarrassment,Being publicly comforted by a rival after failing spectacularly at a highly publicized sporting event.,Affection,Sad,Relief,Embarrassment,Embarrassment,Hard,
800,Embarrassment,Realizing you confidently explained a woman's own highly cited research paper to her at a conference.,Curiosity,Neutral,Relief,Embarrassment,Embarrassment,Hard,
801,Relief,Finding your lost wallet in your jacket pocket just as you were about to cancel your cards.,Curiosity,Embarrassment,Sad,Relief,Relief,Easy,
802,Relief,The professor extends the deadline for the major essay by an extra week.,Angry,Happy,Relief,Curiosity,Relief,Easy,
803,Relief,"Waking up panicking that you overslept, only to realize it is Saturday.",Relief,Affection,Curiosity,Angry,Relief,Easy,
804,Relief,Seeing a negative result on a medical test you were incredibly stressed about.,Affection,Fear,Happy,Relief,Relief,Easy,
805,Relief,Checking your bank account and realizing you have just enough money to cover rent.,Happy,Affection,Curiosity,Relief,Relief,Easy,
806,Relief,Finding your misplaced passport ten minutes before you need to leave for the airport.,Curiosity,Embarrassment,Relief,Neutral,Relief,Easy,
807,Relief,The dentist tells you that you don't have any new cavities this time.,Relief,Embarrassment,Affection,Happy,Relief,Easy,
808,Relief,A meeting you were completely unprepared for gets cancelled at the last minute.,Affection,Relief,Curiosity,Embarrassment,Relief,Easy,
809,Relief,You finally submit your final college application after months of stressful drafting.,Affection,Happy,Embarrassment,Relief,Relief,Easy,
810,Relief,"Your computer crashes, but it successfully restores your unsaved 10-page document upon rebooting.",Happy,Curiosity,Angry,Relief,Relief,Easy,
811,Relief,"You thought you sent an embarrassing text to your boss, but it failed to send.",Fear,Curiosity,Angry,Relief,Relief,Easy,
812,Relief,Making it to the train platform exactly as the doors are about to close.,Embarrassment,Sad,Curiosity,Relief,Relief,Easy,
813,Relief,You check your final grade and see you barely passed the hardest class.,Relief,Sad,Fear,Curiosity,Relief,Easy,
814,Relief,Hearing the heavy rain stop right before you have to walk home.,Embarrassment,Curiosity,Relief,Neutral,Relief,Easy,
815,Relief,"Your phone battery dies, but you immediately find a charger in your bag.",Curiosity,Angry,Relief,Fear,Relief,Easy,
816,Relief,The terrifying turbulence on your long flight finally smooths out completely.,Happy,Neutral,Curiosity,Relief,Relief,Easy,
817,Relief,"You finally take off your tight, uncomfortable shoes after a very long day of walking.",Embarrassment,Neutral,Relief,Fear,Relief,Easy,
818,Relief,Finding out the stain on your favorite white shirt washed out completely.,Sad,Fear,Curiosity,Relief,Relief,Easy,
819,Relief,"You thought you lost your keys, but they were just at the bottom of your bag.",Curiosity,Embarrassment,Affection,Relief,Relief,Easy,
820,Relief,Your roommate pays their half of the rent after being unreachable for three days.,Curiosity,Relief,Embarrassment,Angry,Relief,Easy,
821,Relief,"A massive, stressful family gathering finally comes to a peaceful end.",Relief,Angry,Affection,Sad,Relief,Easy,
822,Relief,You finish giving your terrifying public speech and sit back down in your chair.,Sad,Happy,Relief,Curiosity,Relief,Easy,
823,Relief,Realizing the loud crashing sound downstairs was just your cat knocking over a book.,Curiosity,Angry,Sad,Relief,Relief,Easy,
824,Relief,"You thought you were pulled over by the police, but they pass you for someone else.",Neutral,Affection,Angry,Relief,Relief,Easy,
825,Happy,Finding out your missing dog was safely picked up by a friendly neighbor.,Curiosity,Neutral,Happy,Fear,Happy,Easy,
826,Relief,The intense headache you have had all day finally starts to fade away.,Angry,Relief,Curiosity,Fear,Relief,Easy,
827,Relief,"Your car engine makes a weird noise, but the mechanic says it is a cheap fix.",Affection,Sad,Relief,Embarrassment,Relief,Easy,
828,Relief,"You completely forgot a friend's birthday, but they rescheduled their party for next week.",Relief,Happy,Affection,Fear,Relief,Easy,
829,Happy,You finally unlock the front door after struggling with the frozen lock for ten minutes.,Affection,Neutral,Happy,Sad,Happy,Easy,
830,Happy,Hearing that your sick family member is finally being discharged from the hospital.,Happy,Sad,Relief,Fear,Happy,Easy,
831,Relief,The stressful group project is finally over and you never have to see them again.,Neutral,Relief,Curiosity,Fear,Relief,Easy,
832,Relief,You log into the portal and see your financial aid was officially approved.,Curiosity,Relief,Sad,Affection,Relief,Easy,
833,Relief,You nervously step on the scale and see you haven't gained the weight you feared.,Happy,Fear,Relief,Neutral,Relief,Easy,
834,Relief,You finally remember the password to an old account right before it locks you out.,Curiosity,Affection,Relief,Neutral,Relief,Easy,
835,Relief,"A spider disappears in your room, but you immediately spot it and trap it safely.",Curiosity,Relief,Angry,Fear,Relief,Easy,
836,Relief,"You accidentally drop your brand new phone face down, but the screen is completely fine.",Curiosity,Neutral,Relief,Affection,Relief,Easy,
837,Relief,"You realize you accidentally left the stove on, but you rush home in time to turn it off safely.",Relief,Angry,Affection,Fear,Relief,Easy,
838,Relief,The heavy traffic clears up just in time for you to make your job interview.,Curiosity,Neutral,Relief,Embarrassment,Relief,Easy,
839,Relief,You finally untangle the massive knot in your favorite necklace after an hour of trying.,Relief,Angry,Embarrassment,Happy,Relief,Easy,
840,Relief,"Hearing the final bell ring on the last, grueling day of the semester.",Happy,Relief,Curiosity,Neutral,Relief,Easy,
841,Relief,"You confess a difficult truth to a close friend, and they immediately understand and support you.",Happy,Curiosity,Relief,Affection,Relief,Medium,
842,Relief,"Your boss calls you into the office, but it's just to ask a quick question, not fire you.",Neutral,Relief,Curiosity,Fear,Relief,Medium,
843,Relief,You successfully navigate a massive argument with your partner without anyone yelling.,Affection,Sad,Relief,Fear,Relief,Medium,
844,Happy,A toxic coworker unexpectedly announces they are taking a job at a completely different company.,Happy,Relief,Angry,Affection,Happy,Medium,
845,Relief,You finally pay off the very last installment of a heavily burdensome credit card debt.,Fear,Sad,Relief,Embarrassment,Relief,Medium,
846,Relief,You realize your social media mistake was taken down before anyone actually saw it.,Affection,Relief,Fear,Curiosity,Relief,Medium,
847,Relief,Hearing that the massive round of corporate layoffs will not affect your specific department.,Embarrassment,Relief,Neutral,Curiosity,Relief,Medium,
848,Relief,"You nervously set a hard boundary with a parent, and they surprisingly respect it.",Curiosity,Relief,Neutral,Embarrassment,Relief,Medium,
849,Happy,"A medical scare turns out to be a completely harmless, easily treatable condition.",Affection,Fear,Happy,Embarrassment,Happy,Medium,
850,Relief,"You finally end a long, draining relationship and wake up the next morning alone.",Angry,Affection,Relief,Embarrassment,Relief,Medium,
851,Relief,You realize a rumor spreading around the office is about someone else entirely.,Neutral,Relief,Fear,Angry,Relief,Medium,
852,Relief,"Your intense, weeks-long hyper-fixation on a stressful problem finally just fades away.",Happy,Relief,Sad,Fear,Relief,Medium,
853,Relief,You safely land a difficult jump in sports without re-injuring your recovering knee.,Relief,Angry,Curiosity,Fear,Relief,Medium,
854,Relief,A terrifying financial emergency is narrowly avoided thanks to a sudden tax refund.,Relief,Affection,Embarrassment,Sad,Relief,Medium,
855,Relief,You formally decline an invitation to an event you were dreading attending for months.,Happy,Sad,Curiosity,Relief,Relief,Medium,
856,Relief,"After days of agonizing silence, you finally get a polite rejection instead of being ghosted.",Angry,Relief,Neutral,Fear,Relief,Medium,
857,Relief,You realize you don't actually care what your critical extended family thinks of your career.,Angry,Happy,Relief,Neutral,Relief,Medium,
858,Happy,A friend who borrowed a large sum of money from you finally pays it all back.,Fear,Happy,Curiosity,Embarrassment,Happy,Medium,
859,Relief,You step out of a highly toxic workplace environment for the very last time.,Happy,Relief,Sad,Curiosity,Relief,Medium,
860,Relief,"You finish a grueling, incredibly painful physical therapy session and can finally rest.",Relief,Fear,Happy,Affection,Relief,Medium,
861,Relief,You finally admit to yourself that you don't want to go to medical school anymore.,Curiosity,Relief,Embarrassment,Affection,Relief,Medium,
862,Relief,"A highly anticipated date gets canceled, and you realize you actually just wanted to stay home.",Relief,Happy,Affection,Fear,Relief,Medium,
863,Relief,"You successfully hide a massive, embarrassing mistake long enough to silently fix it completely.",Fear,Relief,Sad,Curiosity,Relief,Medium,
864,Happy,"After weeks of severe insomnia, you finally get eight full hours of uninterrupted sleep.",Sad,Angry,Happy,Affection,Happy,Medium,
865,Relief,You manage to calm down your escalating panic attack before you lose total control.,Affection,Embarrassment,Relief,Sad,Relief,Medium,
866,Relief,You stop trying to force a dying friendship to work and simply let it fade out.,Embarrassment,Neutral,Angry,Relief,Relief,Medium,
867,Relief,Your landlord announces they are not raising your rent for the upcoming lease renewal.,Curiosity,Neutral,Sad,Relief,Relief,Medium,
868,Relief,"You accidentally double-book yourself, but one of the events gets suddenly postponed.",Neutral,Relief,Fear,Sad,Relief,Medium,
869,Relief,You finally tell your partner about your secret financial debt and they don't leave you.,Relief,Embarrassment,Angry,Affection,Relief,Medium,
870,Relief,"A massive, hidden burden you have been carrying is suddenly no longer your responsibility.",Neutral,Sad,Angry,Relief,Relief,Medium,
871,Relief,"You confront a friend about their hurtful behavior, and they sincerely apologize and change.",Neutral,Happy,Embarrassment,Relief,Relief,Medium,
872,Relief,You finally block a toxic ex on all platforms and the constant anxiety stops.,Neutral,Happy,Fear,Relief,Relief,Medium,
873,Relief,You finish moving the last heavy box up three flights of stairs into your new apartment.,Embarrassment,Sad,Angry,Relief,Relief,Medium,
874,Relief,A friend casually changes the subject when someone brings up an incredibly triggering topic for you.,Happy,Relief,Angry,Fear,Relief,Medium,
875,Relief,"You bravely share your vulnerable creative work and it receives quiet, respectful praise.",Curiosity,Embarrassment,Sad,Relief,Relief,Medium,
876,Relief,"You realize your anxiety was lying to you, and your friends actually do enjoy your company.",Affection,Happy,Relief,Embarrassment,Relief,Medium,
877,Relief,"The incredibly intense, awkward silence at the dinner party is finally broken by a joke.",Affection,Relief,Sad,Fear,Relief,Medium,
878,Relief,You finally hit 'send' on an email resigning from a job that was destroying your mental health.,Embarrassment,Relief,Angry,Neutral,Relief,Medium,
879,Relief,You survive the first holiday season after a major loss without completely breaking down.,Curiosity,Happy,Neutral,Relief,Relief,Medium,
880,Relief,"After losing your job, you finally secure a decent, temporary gig to pay the upcoming bills.",Embarrassment,Sad,Neutral,Relief,Relief,Medium,
881,Relief,"You finally fail the impossible standard you set for yourself, meaning you can stop trying so hard.",Embarrassment,Relief,Sad,Fear,Relief,Hard,
882,Relief,You realize with quiet clarity that someone else's emotional crisis is simply not your problem to fix.,Relief,Curiosity,Happy,Angry,Relief,Hard,
883,Relief,The devastating realization that your marriage is truly over is overshadowed by the peace of no longer fighting.,Relief,Angry,Happy,Embarrassment,Relief,Hard,
884,Relief,"You let down someone you admire deeply, but the crushing weight of their expectations is finally gone.",Relief,Neutral,Affection,Sad,Relief,Hard,
885,Relief,"You give up on a lifelong, agonizing dream and suddenly feel a profound, empty lightness.",Angry,Relief,Affection,Curiosity,Relief,Hard,
886,Relief,"You finally accept that an estranged family member will never change, and you stop hoping they will.",Angry,Embarrassment,Affection,Relief,Relief,Hard,
887,Relief,"You hit absolute rock bottom financially, and the constant fear of falling is replaced by silent calm.",Affection,Relief,Happy,Sad,Relief,Hard,
888,Happy,"You are officially diagnosed with a chronic illness, finally explaining years of mysterious, dismissed pain.",Curiosity,Sad,Affection,Happy,Happy,Hard,
889,Relief,"You publicly admit a massive personal failure, and the exhaustion of hiding it instantly vanishes.",Embarrassment,Relief,Curiosity,Sad,Relief,Hard,
890,Relief,"Your most terrifying, irrational fear finally comes true, and you realize you can actually survive it.",Relief,Affection,Sad,Neutral,Relief,Hard,
891,Relief,"You silently walk away from an unwinnable, toxic argument without trying to prove you are right.",Affection,Happy,Angry,Relief,Relief,Hard,
892,Relief,"You grieve the loss of a parent who was deeply abusive, feeling mostly that the nightmare is over.",Angry,Embarrassment,Happy,Relief,Relief,Hard,
893,Relief,You finally stop performing your curated personality and let yourself just be uninteresting and quiet.,Embarrassment,Fear,Neutral,Relief,Relief,Hard,
894,Relief,"You completely burn a bridge with a powerful mentor, liberating yourself from their constant manipulation.",Curiosity,Neutral,Sad,Relief,Relief,Hard,
895,Relief,"You realize you have absolutely no idea what you are doing with your life, and that's okay.",Relief,Angry,Happy,Sad,Relief,Hard,
896,Relief,"You survive a near-death experience and the trivial, petty anxieties of your daily life completely evaporate.",Angry,Relief,Embarrassment,Sad,Relief,Hard,
897,Relief,You intentionally miss a massive career opportunity just to preserve your fragile mental health.,Angry,Neutral,Relief,Sad,Relief,Hard,
898,Relief,"You finally forgive yourself for a terrible mistake you made years ago, ending your daily self-punishment.",Angry,Relief,Neutral,Embarrassment,Relief,Hard,
899,Relief,"You watch the company that wrongfully fired you completely collapse, releasing your lingering bitterness.",Affection,Relief,Embarrassment,Curiosity,Relief,Hard,
900,Relief,"You finally admit you do not love your partner anymore, ending months of suffocating internal guilt.",Embarrassment,Relief,Affection,Neutral,Relief,Hard,
