id,main_emotion,sub_emotion,situation,source,spiritual_reference,spiritual_reflection
1,Happy,Humble happiness,"Your sports team praises your winning shot, and you remember the assists that made it possible.",Kena Upanishad,"Uma reveals to Indra that the gods' victory depended on Brahman, correcting their assumption of independent power.",Enjoy the applause for a moment you executed well. Uma's teaching in the Kena Upanishad invites awareness of the support behind apparent individual victory. Thank the teammates who created the opening and share the celebration. Recognizing their role does not require denying your skill.
2,Happy,Growth satisfaction,Reading your old journal reveals that you now handle criticism more thoughtfully.,Yoga Sutras of Patanjali — svadhyaya,Svadhyaya involves sacred study and recitation; reflective engagement with one's conduct is a common contemporary application.,Seeing your own change can be quietly encouraging. Svadhyaya centers on reflective engagement with sacred study; its modern application can include examining conduct honestly. Identify one response you have outgrown and one you want to keep practicing. Let the journal record progress without demanding constant improvement.
3,Happy,Renewed confidence,You build a useful skill after being excluded from a club and receive unexpected appreciation.,Bhagavata Purana — Dhruva's story,"After painful rejection, Dhruva receives Narada's guidance and undertakes focused devotion; his story includes a change in what he values.","The appreciation matters, and so does the ability you developed independently. Dhruva's story includes movement from painful rejection toward a deeper commitment. Notice what you now enjoy about the skill itself. Let recognition add pleasure without giving the original rejection continued control over your choices."
4,Happy,Belonging,A new study group welcomes you even though you joined halfway through the semester.,Ramayana — Yuddha Kanda,"Rama accepts Vibhishana when he seeks refuge, despite the suspicion expressed by others.",Being included can make the whole semester feel lighter. Rama's acceptance of Vibhishana offers a reflection on making room for someone new. Receive the welcome without feeling you must immediately prove your worth. Offer one useful contribution and take time to learn everyone's working style.
5,Happy,Contented joy,A low-cost weekend with loved ones feels more fulfilling than an expensive outing.,Brihadaranyaka Upanishad,"Maitreyi asks Yajnavalkya whether wealth can bring immortality, opening an inquiry into what possessions cannot provide.","That enjoyment tells you something useful about your priorities. Maitreyi's question about the limits of wealth opens space to consider what possessions cannot supply. Notice whether time, laughter, or attention mattered most this weekend, and plan another gathering that protects those ingredients within your means."
6,Happy,Achievement joy,Your final-year project receives a high evaluation after months of careful work.,Bhagavad Gita — teaching on action,Krishna teaches Arjuna to attend to responsible action without claiming complete control over its fruits.,"Let yourself enjoy the result you worked toward. The Gita's teaching on action invites appreciation of disciplined effort without making every outcome the measure of your worth. Save what you learned about planning and teamwork, then celebrate this success with the people who encouraged you."
7,Happy,Collective joy,Your neighborhood successfully organizes an inclusive festival celebration.,Rig Veda — hymn of concord,"The Rig Veda's hymn of concord calls people to assemble, speak together, and cultivate shared purpose.",The shared happiness grew from many people making room for one another. The Rig Veda's hymn of concord offers an image of gathering around common purpose. Thank the volunteers and ask what made participation easier. Carry those practical lessons into the next event while enjoying this one fully.
8,Happy,Lightness,You donate unused belongings and enjoy the extra space in your room.,Yoga Sutras of Patanjali — aparigraha,"Aparigraha is non-possessiveness or non-grasping, encouraging examination of excessive attachment to acquisition.","The room feels different because there is less competing for your attention. Aparigraha invites examination of what we keep holding onto. Notice which belongings still support your life, and avoid rushing to refill the shelves. Let the freed space serve a purpose you actually enjoy."
9,Happy,Appreciation,Your manager thanks you for respectfully identifying a flaw in a project plan.,Mahabharata — Udyoga Parva,"Vidura offers honest counsel to Dhritarashtra, including advice that the king finds uncomfortable.",It feels good when honesty helps the whole team. Vidura's counsel reminds us that useful advice sometimes involves uncomfortable facts. Keep your notes on how you presented the concern clearly and respectfully. Recognize both your courage and your manager's willingness to listen.
10,Happy,Shared happiness,Two friends reconcile after you help arrange a calm conversation.,Mahabharata — Udyoga Parva,"Krishna undertakes a peace mission before the war, showing the value of a sincere attempt at dialogue.","Watching a friendship recover can be deeply satisfying. Krishna's peace mission highlights the value of making an honest attempt at dialogue, even when outcomes are uncertain. Appreciate your part without becoming responsible for every future disagreement. Let the friends decide how they will rebuild trust."
11,Happy,Vindication,Your college committee changes an unfair rule after listening to your complaint.,Mahabharata — Sabha Parva,Draupadi questions the justice of her treatment in the dice assembly; the episode exposes failures of responsibility among those present.,"Your voice helped make a practical difference. Draupadi's questions in the assembly remind us that unfair treatment deserves examination, even when a group has accepted it. Keep the written decision and thank those who supported the change. Enjoy the result without having to defend it endlessly."
12,Happy,Connection joy,A thoughtful compliment you gave makes a quiet classmate smile.,Bhagavad Gita — discipline of speech,"The Gita describes disciplined speech as truthful, beneficial, and considerate rather than needlessly distressing.","Your words made a small moment kinder. The Gita's discipline of speech brings together truth, benefit, and consideration. Keep the compliment specific rather than exaggerated, and let the classmate receive it freely. You can enjoy the exchange without expecting a similar compliment in return."
13,Happy,Skill confidence,You type comfortably without looking at the keyboard after consistent practice.,Yoga Sutras of Patanjali — abhyasa,Abhyasa is sustained practice; steadiness develops through continuing effort over time.,"A once awkward action has become easier through repetition. Abhyasa recognizes the value of sustained practice, and this improvement is evidence of your patience. Try the skill on a real piece of work and notice where effort is still needed. Enjoy the ease you have earned."
14,Happy,Values satisfaction,You choose a meaningful internship over a more glamorous offer and enjoy the first week.,Katha Upanishad,Nachiketa chooses a deeper inquiry over Yama's tempting offers; the text distinguishes the good from the merely pleasant.,The choice feels rewarding because it matches something you value. Nachiketa's preference for deeper understanding invites reflection beyond immediate attraction. Write down what this internship is teaching you and what support you need. Your satisfaction can guide continued learning without requiring this choice to be perfect forever.
15,Happy,Team triumph,Your diverse college team wins a competition by combining different strengths.,Devi Mahatmya — Markandeya Purana,"The gods' combined radiance manifests as the Goddess, who receives their weapons and confronts Mahishasura.","The result carries everyone's contribution. The Devi Mahatmya describes the Goddess manifesting through the gods' combined radiance, a useful image for gathered strength. Celebrate the designer, researcher, presenter, and quieter contributors alike. Note how you coordinated so the next collaboration benefits from what worked."
16,Happy,Community pride,Women in your locality organize a successful skills-sharing fair.,Devi Mahatmya — Markandeya Purana,"The gods' combined radiance manifests as the Goddess, who receives their weapons and confronts Mahishasura.","The fair made many capabilities visible in one place. Durga's manifestation through gathered divine energies offers a symbolic reflection on collective strength. Celebrate the teachers and organizers, and invite feedback from participants. One sustainable follow-up session may carry the enthusiasm further than an immediately larger event."
17,Happy,Collaborative satisfaction,A difficult move goes smoothly because you accept practical help from friends.,Bhagavata Purana — Gajendra's prayer,Gajendra turns to divine help when his strength cannot free him from the crocodile; the story expresses dependence beyond personal power.,Receiving help has allowed the move to become a shared experience. Gajendra's story can prompt reflection on the limits of doing everything through personal strength. Thank each friend specifically and finish the remaining tasks at a sensible pace. Support can be welcomed without turning immediately into a debt.
18,Happy,Kindhearted joy,You feel pleased after safely helping an injured street animal reach a local rescue volunteer.,Yoga Sutras of Patanjali — ahimsa,"Ahimsa, non-harming, is one of the ethical restraints in Yoga philosophy.","Your care became a concrete act of non-harming. Ahimsa in Yoga philosophy offers an ethical frame for that concern. Appreciate that you involved someone equipped to help, and follow their guidance if further assistance is needed. Compassion can be effective without requiring you to manage everything yourself."
19,Happy,Gratitude,You win a scholarship and recognize how many people supported your application.,Kena Upanishad,"Uma reveals to Indra that the gods' victory depended on Brahman, correcting their assumption of independent power.","The award recognizes your work within a wider web of help. In the Kena Upanishad, Uma redirects the gods from taking exclusive credit for victory. Celebrate confidently and send specific thanks to your supporters. Gratitude can deepen the achievement without shrinking your own contribution."
20,Happy,Freedom in authenticity,You enjoy a conversation more after admitting you have never watched the popular series being discussed.,Chandogya Upanishad,"Satyakama speaks honestly about his uncertain parentage, and his teacher recognizes the integrity of that answer.","Being honest let you participate as yourself. Satyakama's truthful introduction offers a reminder that uncertainty need not be hidden to deserve respect. Ask others what they enjoy about the series, or share something you do know. Connection can grow through curiosity without borrowed expertise."
21,Happy,Self-respect,You feel happy after declining a social challenge that conflicted with your values.,Ramayana — Sundara Kanda,Sita refuses Ravana's demands and maintains her convictions while held in the Ashoka grove.,"You chose what you could stand behind even when the group expected otherwise. Sita's firmness in the Ashoka grove can symbolize fidelity to one's convictions. Enjoy this quiet confidence, and decide on a simple response for future pressure so your boundary remains easy to express."
22,Happy,Meaningful excitement,You begin a volunteer research project on a question you have cared about for years.,Katha Upanishad,Nachiketa chooses a deeper inquiry over Yama's tempting offers; the text distinguishes the good from the merely pleasant.,There is energy in choosing a question that matters deeply to you. Nachiketa's persistence in seeking understanding can accompany this beginning. Define one realistic first investigation and the resources it requires. Enthusiasm becomes easier to sustain when your curiosity has a manageable task to work on.
23,Happy,Simple pleasure,You enjoy repairing your old phone and realize you do not need the latest model.,Isha Upanishad,The opening teaching discourages coveting others' possessions and relates life in the world to a spirit of renunciation.,There is satisfaction in discovering that what you have still serves you. The Isha Upanishad's warning against coveting can support this freedom from comparison. Keep the money available for priorities you actually care about. Enjoy your working phone without turning simplicity into a competition of its own.
24,Happy,Unburdened happiness,You stop collecting certificates you do not need and enjoy studying a subject more deeply.,Yoga Sutras of Patanjali — aparigraha,"Aparigraha is non-possessiveness or non-grasping, encouraging examination of excessive attachment to acquisition.",Letting go of accumulation has made room for actual interest. Aparigraha invites reflection on the urge to keep acquiring signs of achievement. Choose one topic you want to understand well and define a useful project around it. Learning can feel rewarding before another badge appears.
25,Happy,Professional pride,A client praises both the quality of your work and the honesty of your communication.,Taittiriya Upanishad,"The teacher's parting instruction connects truthfulness, responsible conduct, and continued study with life beyond formal education.",It feels especially good when competence and integrity are recognized together. The Taittiriya Upanishad connects learning with truthful conduct beyond the classroom. Keep the communication habits that made expectations clear. Let this feedback strengthen your professional standards while leaving room to keep learning.
26,Happy,Confident joy,You complete a long cycling ride after pacing yourself instead of racing others.,Katha Upanishad,"The chariot metaphor describes the intellect as charioteer, the mind as reins, and the senses as horses needing thoughtful direction.","Finishing at your own pace can feel wonderfully solid. The Katha Upanishad's chariot image emphasizes thoughtful direction of energy and the senses. Appreciate the decisions that made the ride manageable, including breaks and restraint. Your next goal can grow from your experience rather than another rider's speed."
27,Happy,Lifestyle satisfaction,You choose a smaller apartment with a shorter commute and feel happier in your daily routine.,Brihadaranyaka Upanishad,"Maitreyi asks Yajnavalkya whether wealth can bring immortality, opening an inquiry into what possessions cannot provide.","The choice is working because daily life matters alongside appearances. Maitreyi's inquiry into the limits of possessions invites this kind of evaluation. Notice the time and attention your shorter commute gives back. Use some of it deliberately, whether for cooking, friendship, rest, or an interest of your own."
28,Happy,Fairness joy,Your team credits every contributor fairly in the project presentation.,Yoga Sutras of Patanjali — asteya,"Asteya, non-stealing, is a Yogic ethical restraint; its modern applications can include respect for others' work and resources.","Recognition feels better when it is shared accurately. Asteya, the Yogic principle of non-stealing, can extend to honoring intellectual work and effort. Save the contribution list as a useful team habit. Celebrate both the finished project and the fairness with which you represented one another."
29,Happy,Fresh-start excitement,You open your first small online shop after careful preparation.,Ganesha worship — traditional Hindu teaching,Ganesha is traditionally honored at beginnings and associated with wisdom and the removal of obstacles.,"A beginning can hold both happiness and responsibility. Ganesha is traditionally honored when a new undertaking starts. If that symbolism speaks to you, mark the opening with a quiet intention, then check your orders and support arrangements. Let the excitement accompany the practical work of beginning."
30,Happy,Reassured happiness,A sibling studying abroad sends photos of the familiar scarf you gave them.,Ramayana — Sundara Kanda,Hanuman gives Sita Rama's ring as a recognizable sign that his message can be trusted.,"An ordinary object can carry a strong feeling of connection. Hanuman's delivery of Rama's ring shows how a recognizable token can make a message personal. Tell your sibling what the photographs meant to you, and agree on a simple way to keep sharing everyday moments."
31,Happy,Patient achievement,A community garden finally opens after months of permissions and volunteer work.,Descent of Ganga — traditional Hindu story,"Bhagiratha perseveres in bringing Ganga to earth, and Shiva receives her powerful descent in his matted hair.","This opening reflects persistence and coordination across many stages. Bhagiratha's effort to bring Ganga to earth can inspire appreciation of sustained purpose supported by others. Celebrate the first planting, then agree on realistic maintenance duties. A shared achievement continues through small acts of care after the launch."
32,Happy,Nature appreciation,Seeing a tree you planted survive its first summer makes you happy.,Bhagavata Purana — the avadhuta's teachers,"The avadhuta, traditionally associated with Dattatreya, learns patience and forbearance by observing the earth.","That living growth rewards patient attention without following your exact timetable. The avadhuta's learning from the earth invites respect for steadiness and observation. Notice what the tree needs now, adjust its care with the season, and take a photograph to mark this modest but meaningful milestone."
33,Happy,Pride in responsibility,Your club completes a successful event while you serve as temporary coordinator.,Ramayana — Ayodhya Kanda,"Bharata safeguards Rama's kingdom as a trust, placing Rama's sandals on the throne rather than claiming it for himself.","You handled a responsibility that others trusted you with. Bharata's stewardship offers a way to enjoy that achievement without treating the position as personal ownership. Share the event records, name the contributors, and leave useful notes for the next coordinator before celebrating together."
34,Happy,Gentle pride,You handle a child's accidental spill calmly and enjoy the trust that follows.,Yoga Sutras of Patanjali — ahimsa,"Ahimsa, non-harming, is one of the ethical restraints in Yoga philosophy.",Your response made an ordinary mistake feel manageable. Ahimsa can be practiced through the way we speak when someone is vulnerable. Clean up together at a suitable pace and appreciate the child's willingness to stay engaged. This kind of gentleness can coexist with teaching responsibility.
35,Happy,Everyday happiness,You spend a quiet evening drinking tea on the balcony and feel satisfied.,Yoga Sutras of Patanjali — santosha,"Santosha, contentment, is a Yogic observance concerned with freedom from perpetual dissatisfaction.","This small pleasure does not need a larger achievement behind it. Santosha, contentment in Yoga philosophy, invites appreciation of what is present. Notice the warmth, sounds, and changing light for a few moments. You can value this evening while still having ambitions for tomorrow."
36,Happy,Nurturing joy,Your family enjoys a meal you cook independently for the first time.,Annapurna tradition — Hindu devotional teaching,"Annapurna is revered as the giver of nourishment, drawing devotional attention to food, generosity, and care.",The meal offered more than a finished recipe; it created a moment of care. Annapurna's association with nourishment gives that ordinary work spiritual significance. Sit down and enjoy the food with everyone. Save the recipe and welcome useful feedback without measuring your affection by culinary perfection.
37,Happy,Trust satisfaction,You return a borrowed camera in excellent condition after using it for an important assignment.,Ramayana — Ayodhya Kanda,"Bharata safeguards Rama's kingdom as a trust, placing Rama's sandals on the throne rather than claiming it for himself.",Taking care of something entrusted to you is a worthwhile success. Bharata's guardianship of Rama's kingdom offers a larger image of stewardship. Share your thanks and the photographs your friend helped make possible. That dependable care can strengthen trust beyond this single loan.
38,Happy,Fulfillment,You complete a language course that you pursued consistently despite a busy schedule.,Parvati's tapas — traditional Shaiva story,Traditional accounts describe Parvati's sustained spiritual discipline and determination in her devotion to Shiva.,Your satisfaction has a history of repeated choices. Parvati's sustained discipline in traditional stories can symbolize commitment to something meaningful. Recognize the effort while also acknowledging the adjustments and rest that made it possible. Use the language in one enjoyable conversation before setting a new target.
39,Happy,Ethical pride,You release your first open-source contribution with proper credit to the original developers.,Yoga Sutras of Patanjali — asteya,"Asteya, non-stealing, is a Yogic ethical restraint; its modern applications can include respect for others' work and resources.","Your contribution now belongs within a wider community of work. Asteya encourages respect for what others have created. Check that acknowledgments and licenses are clear, then enjoy seeing your addition used. Giving credit supports the trust that makes shared technical learning possible."
40,Happy,Loyalty joy,You attend a friend's small local performance and see how much your presence matters.,Mahabharata — Mahaprasthanika Parva,Yudhishthira refuses to abandon the dog that has accompanied him on his final journey.,Showing up gave your friend something an audience count cannot fully describe. Yudhishthira's loyalty to his companion offers a reflection on staying attentive beyond prestige or reward. Tell your friend one thing you enjoyed in the performance. Let the evening be about shared presence and sincere encouragement.
41,Happy,Quiet confidence,You feel good wearing clothes that suit your comfort despite changing fashion trends.,Ramayana — Sundara Kanda,Sita refuses Ravana's demands and maintains her convictions while held in the Ashoka grove.,Comfort with your own choice can bring a steady kind of happiness. Sita's resolve can serve as a symbolic reminder of remaining connected to personal convictions. Enjoy the clothes and the occasion. You do not have to turn your preference into a defense or a judgment of others.
42,Happy,Playful satisfaction,You invent an inexpensive game that keeps children engaged during a family gathering.,Ramayana — Sundara Kanda,"Hanuman meets Surasa's challenge by changing size and using ingenuity, rather than relying only on strength.","Creative adjustment has brought everyone some fun. Hanuman's changing approach with Surasa offers a reminder that resourcefulness is a strength of its own. Keep the game simple enough for others to lead, and enjoy participating. You need not keep producing entertainment for the entire gathering."
43,Happy,Commitment joy,You finish a year of weekly dance classes and perform comfortably at the annual gathering.,Parvati's tapas — traditional Shaiva story,Traditional accounts describe Parvati's sustained spiritual discipline and determination in her devotion to Shiva.,"This ease grew from showing up through many ordinary weeks. Parvati's traditional discipline can symbolize devotion sustained beyond initial excitement. Enjoy the performance and thank your teacher. Choose your next practice goal after some rest, allowing celebration to be part of the commitment you have kept."
44,Happy,Recognition joy,A former student tells you that one explanation changed how they approached learning.,Chandogya Upanishad,"Uddalaka teaches Shvetaketu using salt dissolved in water, illustrating an underlying reality that is not directly visible.","You are seeing an effect that was quietly developing beyond your view. Uddalaka's salt-water illustration can invite appreciation of what is present without being immediately visible. Receive the thanks without minimizing it. Ask what helped, so you can bring that clarity to future teaching."
45,Happy,Shared pride,You enjoy watching a former rival give an excellent presentation.,Yoga Sutras of Patanjali — four attitudes,"Patanjali describes friendliness, compassion, appreciative joy, and equanimity as attitudes that support clarity of mind.","Appreciating their skill can make competition feel less constricting. Patanjali's four attitudes include joy in what is good and admirable. Offer a specific compliment if it feels natural, then note one technique you could learn. Your admiration can widen your possibilities rather than diminish your standing."
46,Happy,Expressive happiness,You finally tell a family member how much their steady support has meant to you.,Bhagavad Gita — discipline of speech,"The Gita describes disciplined speech as truthful, beneficial, and considerate rather than needlessly distressing.",Putting gratitude into clear words can make affection feel more visible. The Gita's guidance on truthful and beneficial speech offers a fitting companion to this moment. Let your family member respond in their own way. A sincere message remains valuable even when the reply is brief or awkward.
47,Happy,Openness joy,An honest conversation about your availability helps a friendship become more comfortable.,Yoga Sutras of Patanjali — satya,"Satya, truthfulness, is a foundational ethical restraint in Yoga philosophy.","Clarity has made room for a more realistic friendship. Satya supports speaking truthfully about what you can offer. Enjoy the ease that follows, and keep your commitments proportionate to your time. You need not promise constant access to show that the friendship matters to you."
48,Happy,Self-mastery satisfaction,You finish a shopping trip within your planned budget and still enjoy your purchases.,Katha Upanishad,"The chariot metaphor describes the intellect as charioteer, the mind as reins, and the senses as horses needing thoughtful direction.","The enjoyment feels steadier because your choices fit your limits. The Katha Upanishad's chariot metaphor can prompt reflection on directing impulses thoughtfully. Review what you bought once, then let yourself use and enjoy it. Restraint can support pleasure without turning every purchase into a moral test."
49,Happy,Appreciative joy,You feel genuinely happy when a close friend earns a competitive scholarship.,Yoga Sutras of Patanjali — four attitudes,"Patanjali describes friendliness, compassion, appreciative joy, and equanimity as attitudes that support clarity of mind.","Your friend's success can be something to enjoy together. Patanjali's four attitudes include appreciative joy, which makes room for another person's good fortune. Ask how they want to celebrate and offer a specific congratulations. Their achievement does not reduce the possibilities available in your own life."
50,Happy,Supported happiness,A tutor's help allows you to understand a topic you had struggled with alone.,Bhagavata Purana — Gajendra's prayer,Gajendra turns to divine help when his strength cannot free him from the crocodile; the story expresses dependence beyond personal power.,Getting help has opened something that effort alone had not yet unlocked. Gajendra's prayer expresses the limits of solitary strength. Enjoy the understanding and practice one fresh problem to consolidate it. Thank your tutor while also recognizing that asking and participating were active contributions of your own.
51,Happy,Domestic contentment,You enjoy the first peaceful evening in a room you have organized yourself.,Yoga Sutras of Patanjali — santosha,"Santosha, contentment, is a Yogic observance concerned with freedom from perpetual dissatisfaction.","A space that supports your needs can bring a quiet sense of enough. Santosha offers a language for appreciating that satisfaction. Sit in the room before making another improvement list. Notice what already works, and let future changes arise from use rather than restless comparison."
52,Happy,Respectful pride,A younger cousin chooses a sensible study plan after asking for your candid advice.,Mahabharata — Udyoga Parva,"Vidura offers honest counsel to Dhritarashtra, including advice that the king finds uncomfortable.","It is satisfying when your experience becomes useful to someone else. Vidura's example values honest counsel over easy approval. Ask your cousin which part of the plan feels workable, and leave the choice with them. You can support their effort without taking charge of every result."
53,Happy,Renewed enthusiasm,A balanced weekly routine leaves you enough energy to enjoy both classes and hobbies.,Bhagavad Gita — moderation in daily life,"The Gita recommends moderation in eating, recreation, effort, and sleep as part of disciplined living.","It is encouraging to discover that achievement and enjoyment can share a week. The Gita commends moderation in work, recreation, food, and rest. Notice which parts of your routine are realistic, and protect them when deadlines approach. A sustainable rhythm deserves appreciation alongside visible accomplishments."
54,Happy,Responsible joy,A safety issue you reported is fixed before anyone gets hurt.,Bhagavata Purana — churning of the ocean,"Shiva intervenes when the churning releases dangerous poison, an episode traditionally understood as compassionate protection of living beings.",It is satisfying to see prevention taken seriously. Shiva's protective role in the ocean-churning story can symbolize acting before harm spreads. Thank the people who repaired the problem and keep the reporting route available. Celebrate the safer environment without feeling personally responsible for watching everything forever.
55,Happy,Conviction pride,You feel pleased after refusing to join cheating and completing the exam honestly.,Bhagavata Purana — Prahlada's story,"Prahlada remains devoted to Vishnu despite Hiranyakashipu's hostility, a traditional example of conviction under pressure.","You protected a value under pressure. Prahlada's steadfastness offers a traditional image of conviction when others demand conformity. Let the satisfaction rest in what you chose, while avoiding arguments about everyone's character. If pressure continues, seek support from someone who can help maintain fair conditions."
56,Happy,Long-awaited joy,Your family completes a long-delayed home repair through patient coordination.,Descent of Ganga — traditional Hindu story,"Bhagiratha perseveres in bringing Ganga to earth, and Shiva receives her powerful descent in his matted hair.","The finished repair holds many conversations, adjustments, and practical efforts. Bhagiratha's persistence in the Ganga story offers a reflection on progress that requires sustained cooperation. Enjoy using the repaired space and acknowledge everyone's contribution. Keep the maintenance details together so the achievement remains useful over time."
57,Happy,Wonder,You notice how much your younger sibling has learned from watching you study.,Chandogya Upanishad,"Uddalaka teaches Shvetaketu using salt dissolved in water, illustrating an underlying reality that is not directly visible.","Some influence becomes visible only after time. Uddalaka's salt-water illustration points toward a presence that cannot simply be seen; it can also invite reflection on quiet contributions. Ask your sibling what interested them, and share one enjoyable learning activity without turning their curiosity into a performance test."
58,Happy,Cooperative satisfaction,Your study circle completes a revision plan that every member helped design.,Rig Veda — hymn of concord,"The Rig Veda's hymn of concord calls people to assemble, speak together, and cultivate shared purpose.",A plan feels different when everyone has a voice in it. The Rig Veda's hymn of concord values shared conversation and purpose. Celebrate the work completed and ask which parts helped each person. Keep the next plan flexible enough to respect different needs while retaining a common direction.
59,Happy,Purposeful joy,You enjoy teaching basic computer skills to older adults at a community center.,Seva — traditional Hindu ethical teaching,"Seva is service offered with care and humility, without making personal recognition its central purpose.",Their new confidence gives your knowledge a useful purpose. Seva places care for others at the center of service. Ask learners which task they want to master next and keep the pace comfortable. You can enjoy helping while setting hours that leave room for your own commitments.
60,Happy,Work satisfaction,You deliver a carefully prepared workshop and feel happy with your effort regardless of attendance.,Bhagavad Gita — teaching on action,Krishna teaches Arjuna to attend to responsible action without claiming complete control over its fruits.,"Your satisfaction has a foundation in the work you actually did. Krishna's teaching to Arjuna separates responsible effort from complete control of results. Keep the useful feedback and the material you developed. Celebrate having offered something thoughtful, then decide calmly whether another session would be worthwhile."
61,Happy,Purpose renewal,You discover that mentoring juniors is more satisfying than the award you originally wanted.,Bhagavata Purana — Dhruva's story,"After painful rejection, Dhruva receives Narada's guidance and undertakes focused devotion; his story includes a change in what he values.",Your sense of success is becoming more personal. Dhruva's story includes a shift beyond the reward that first drove his effort. Notice what mentoring gives you and what your juniors actually need. Let this discovery inform future choices without treating your earlier ambition as something shameful.
62,Happy,Creative joy,Your original poem is selected for the college magazine.,Saraswati worship — traditional Hindu teaching,"Saraswati is revered in Hindu tradition as a goddess of learning, speech, music, and the arts.","Having your words welcomed can feel deeply personal. Saraswati's association with language and the arts offers a way to honor both expression and learning. Keep a copy of this poem, thank the editors, and continue reading widely. Publication can be celebrated without becoming the only reason you write."
63,Happy,Abundance appreciation,Your balcony vegetables provide enough for a small meal to share.,Annapurna tradition — Hindu devotional teaching,"Annapurna is revered as the giver of nourishment, drawing devotional attention to food, generosity, and care.","The harvest makes nourishment feel close and personal. Annapurna's tradition invites gratitude for food and the care surrounding it. Prepare the vegetables with attention, share what is practical, and notice the work involved in growing them. Even a small harvest can deepen appreciation of everyday meals."
64,Happy,Giving satisfaction,You contribute anonymously to a classmate's essential study materials.,Dana — traditional Hindu ethical teaching,Dana is generosity; traditional Hindu teaching values giving with respect and consideration for the recipient.,The contribution can be meaningful without becoming a public story. Dana emphasizes generosity offered with respect for the recipient. Keep their circumstances private and let them use the help without owing you emotional repayment. Feeling glad about the gesture can coexist with careful boundaries around your own resources.
65,Happy,Reunion joy,An old school friend sends a handwritten letter after years without contact.,Ramayana — Sundara Kanda,Hanuman gives Sita Rama's ring as a recognizable sign that his message can be trusted.,"A familiar handwriting can bring back a whole season of friendship. Rama's ring gave Sita a recognizable connection through Hanuman's message. Enjoy the letter slowly, then reply with one memory and one honest update. Renewed connection grows through small, personal exchanges."
66,Happy,Empowerment,You speak confidently at a meeting after a colleague encourages you to share your expertise.,Ramayana — Kishkindha Kanda,Jambavan reminds Hanuman of his capabilities before the search for Sita continues across the ocean.,"It can be exciting to hear your own knowledge land well. Hanuman's encouragement from Jambavan suggests how another person's trust can awaken confidence. Write down the point you explained clearly. At your next meeting, prepare one contribution and give yourself permission to offer it early."
67,Happy,Welcoming joy,A new neighbor says your invitation helped them feel at home in the building.,Ramayana — Aranya Kanda,"Shabari welcomes Rama with sincere hospitality, and Rama receives her offerings with respect.","Your invitation gave someone a place in an unfamiliar setting. Shabari's welcome to Rama honors the significance of sincere hospitality. Ask whether there is a practical local detail they need, then let the relationship develop naturally. A warm beginning does not require you to host constantly."
68,Happy,Tender happiness,You finally adopt a shelter dog after preparing your home and schedule.,Mahabharata — Mahaprasthanika Parva,Yudhishthira refuses to abandon the dog that has accompanied him on his final journey.,"The excitement comes with a living being's trust. Yudhishthira's refusal to abandon his companion offers a reflection on loyalty beyond convenience. Celebrate the arrival with a quiet settling period, reliable care, and realistic arrangements for busy days. Affection becomes stronger through dependable everyday attention."
69,Happy,Balanced satisfaction,You enjoy a celebration while staying within your spending limit and including someone who felt left out.,Brihadaranyaka Upanishad,"Prajapati's teaching of the three 'da' calls for self-restraint, generosity, and compassion.","You made space for enjoyment, consideration, and limits at the same time. The three 'da' teachings bring restraint, generosity, and compassion together. Notice which choices made that balance possible. They can guide future celebrations without turning each social occasion into a test you must pass."
70,Happy,Self-understanding joy,You recognize that your favorite work combines explaining ideas and helping others learn.,Yoga Sutras of Patanjali — svadhyaya,Svadhyaya involves sacred study and recitation; reflective engagement with one's conduct is a common contemporary application.,That pattern can help you make more satisfying choices. Reflective engagement associated with svadhyaya invites careful attention to what your actions reveal. Collect two examples of work that energized you and discuss them with a mentor. You can explore the direction without immediately changing your whole career.
71,Happy,Comparison-free happiness,You are pleased with your modest exam improvement even though classmates scored higher.,Isha Upanishad,The opening teaching discourages coveting others' possessions and relates life in the world to a spirit of renunciation.,Your improvement deserves to be seen on its own terms. The Isha Upanishad's non-coveting principle can loosen the pull of someone else's result. Identify the study change that helped and choose a next step from your own needs. You can congratulate classmates while keeping your progress meaningful.
72,Happy,Anticipatory happiness,You receive the keys to your first independent workspace.,Ganesha worship — traditional Hindu teaching,Ganesha is traditionally honored at beginnings and associated with wisdom and the removal of obstacles.,"The keys make a new possibility tangible. Ganesha's traditional association with beginnings can help you mark the moment thoughtfully. Arrange the essentials, choose a realistic first task, and let the space become familiar through use. You do not need every corner finished before meaningful work begins."
73,Happy,Recreational joy,You take a proper day off and enjoy it without feeling behind.,Bhagavad Gita — moderation in daily life,"The Gita recommends moderation in eating, recreation, effort, and sleep as part of disciplined living.",Rest can belong within a responsible life. The Gita includes recreation and sleep in its teaching on moderation. Notice what made this day refreshing and plan your next task at a realistic time. You can return to your responsibilities without treating enjoyment as something that needs an apology.
74,Happy,Intellectual delight,Your question starts a lively and respectful discussion in a philosophy class.,Brihadaranyaka Upanishad,Gargi questions Yajnavalkya about the foundations of existence in a learned assembly.,A thoughtful question can be a contribution in its own right. Gargi's questioning in the Brihadaranyaka Upanishad honors serious inquiry. Capture the different answers you heard and choose one point to investigate further. Enjoy the conversation without needing to settle every uncertainty before the next class.
75,Happy,Generous joy,You use part of your first stipend to buy books for a community reading corner.,Brihadaranyaka Upanishad,"Prajapati's teaching of the three 'da' calls for self-restraint, generosity, and compassion.","Sharing your first earnings can make the achievement feel connected to others. The three disciplines in the Brihadaranyaka Upanishad join generosity with restraint and compassion. Keep enough for your needs, ask which books will be useful, and enjoy contributing without making the amount a measure of goodness."
76,Happy,Progress pride,You play a full song on the guitar after weeks of short practice sessions.,Yoga Sutras of Patanjali — abhyasa,Abhyasa is sustained practice; steadiness develops through continuing effort over time.,"Those ordinary practice sessions have become something you can hear. Abhyasa values steady repetition over time, and your progress gives that idea a practical shape. Record the song for yourself, enjoy the improvement, and choose one manageable skill for your next round of practice."
77,Happy,Dignity satisfaction,A workplace policy is updated to make participation easier for colleagues with disabilities.,Mahabharata — Sabha Parva,Draupadi questions the justice of her treatment in the dice assembly; the episode exposes failures of responsibility among those present.,An inclusive change deserves recognition because it affects daily dignity. Draupadi's challenge to accepted injustice invites attention to whose needs a group overlooks. Celebrate the colleagues who identified the barriers and ask how implementation is going. Progress becomes meaningful through access people can actually use.
78,Happy,Musical delight,You sing with a group for the first time and enjoy how the voices blend.,Saraswati worship — traditional Hindu teaching,"Saraswati is revered in Hindu tradition as a goddess of learning, speech, music, and the arts.",Sharing music can make participation feel more important than individual polish. Saraswati's association with music offers a devotional way to appreciate the experience. Notice what you enjoyed about listening as well as singing. Return for another session with one small musical skill you would like to develop.
79,Happy,Protective satisfaction,You help stop a hurtful rumor from spreading in a college group.,Bhagavata Purana — churning of the ocean,"Shiva intervenes when the churning releases dangerous poison, an episode traditionally understood as compassionate protection of living beings.",Preventing further harm is worth feeling good about. Shiva's intervention during the ocean churning can serve as an image of protective action. Keep supporting accurate information and respectful boundaries in the group. You do not have to absorb everyone's hostility to help make the conversation safer.
80,Happy,Accomplishment,You solve a difficult programming problem after a mentor reminds you of your earlier progress.,Ramayana — Kishkindha Kanda,Jambavan reminds Hanuman of his capabilities before the search for Sita continues across the ocean.,"That breakthrough belongs to your effort, and the encouragement mattered too. Jambavan helped Hanuman recognize abilities he already possessed. Save a brief explanation of your solution and thank your mentor. This gives future moments of doubt something concrete to look back on."
81,Happy,Thoughtful generosity,You give a friend a train ticket so they can attend an important family celebration.,Dana — traditional Hindu ethical teaching,Dana is generosity; traditional Hindu teaching values giving with respect and consideration for the recipient.,The gift responds to something that matters in your friend's life. Dana values considerate giving with respect for the person receiving it. Check that the arrangement suits them and keep expectations clear. Enjoy helping create this opportunity without requiring a particular display of gratitude.
82,Happy,Integrity satisfaction,You correct an accidental extra refund and feel good about the decision.,Yoga Sutras of Patanjali — satya,"Satya, truthfulness, is a foundational ethical restraint in Yoga philosophy.","Returning the extra amount brought your action into line with your values. Satya, truthfulness in Yoga philosophy, can illuminate that satisfaction. Keep a record of the correction and allow the matter to close. Your integrity does not need a public audience to be meaningful."
83,Happy,Delight,A simple redesign makes your college project work after an elaborate approach failed.,Ramayana — Sundara Kanda,"Hanuman meets Surasa's challenge by changing size and using ingenuity, rather than relying only on strength.",There is real pleasure in discovering a simpler route. Hanuman's encounter with Surasa highlights flexible intelligence alongside strength. Record why the smaller design worked so your team can reuse the reasoning. Celebrate the insight without dismissing the unsuccessful attempts that helped you find it.
84,Happy,Warmth,Friends say they felt welcome at the simple dinner you hosted in your hostel room.,Ramayana — Aranya Kanda,"Shabari welcomes Rama with sincere hospitality, and Rama receives her offerings with respect.","Their appreciation is about the welcome you created. Shabari's hospitality reminds us that sincere attention can give an ordinary offering significance. Keep the details that worked, whether shared seating or an unhurried conversation, and let yourself enjoy hosting without comparing your budget with anyone else's."
85,Happy,Seasonal joy,The first rain brings life back to your neighborhood park after a dry spell.,Bhagavata Purana — the avadhuta's teachers,"The avadhuta, traditionally associated with Dattatreya, learns patience and forbearance by observing the earth.",Watching the park change can make an ordinary walk feel special. The avadhuta's learning from the earth invites patient observation of natural processes. Notice the new smells and growth while walking safely. Let the pleasure be a reason to care for the place you share with others.
86,Happy,Optimism,You unexpectedly enjoy your new college after missing admission to your first choice.,Ramayana — Ayodhya Kanda,Rama faces the sudden change from coronation to exile while remaining concerned with duty and family relationships.,"Finding happiness here does not erase how much the original plan mattered. Rama's changed path in the Ramayana offers a reflection on living responsibly within new circumstances. Notice which people and opportunities are helping you settle, and choose one campus activity to explore further."
87,Happy,Acceptance joy,Your extended family warmly includes your partner in a celebration for the first time.,Ramayana — Yuddha Kanda,"Rama accepts Vibhishana when he seeks refuge, despite the suspicion expressed by others.",Their welcome has made an important relationship feel more at ease. Rama's openness to Vibhishana can inspire thoughtful inclusion. Enjoy the occasion and check privately how your partner experienced it. Shared warmth grows best when people also have space to express preferences and boundaries.
88,Happy,Moral confidence,You are happy that your teammates accept your refusal to falsify performance numbers.,Bhagavata Purana — Prahlada's story,"Prahlada remains devoted to Vishnu despite Hiranyakashipu's hostility, a traditional example of conviction under pressure.",Their acceptance makes integrity feel less lonely. Prahlada's firmness can inspire staying connected to a conviction under pressure. Keep the reporting process transparent and thank colleagues who supported accurate work. Enjoy the trust this creates while remembering that disagreement may still require clear boundaries later.
89,Happy,Peaceful enjoyment,You enjoy listening to an entire music album without repeatedly checking your phone.,Bhagavad Gita — returning a wandering mind,Krishna advises bringing the wandering mind back repeatedly during the practice of meditation.,Giving the music your attention made room for a different kind of pleasure. The Gita's practice of returning a wandering mind can inspire that everyday attentiveness. Notice a lyric or instrument you missed before. You might keep one short listening period free from notifications each week.
90,Happy,Discovery satisfaction,You avoid a costly booking mistake by reading the details carefully and find a better option.,Mahabharata — Vana Parva,Yudhishthira pauses to answer the Yaksha's questions instead of ignoring the warning at the lake.,"Your attention created a better outcome. At the Yaksha's lake, Yudhishthira's willingness to stop and listen matters. Appreciate the usefulness of checking before committing, then keep the confirmed details somewhere accessible. Enjoy planning the trip without repeatedly reopening a decision you have already examined well."
91,Happy,Intellectual satisfaction,You answer a tricky viva question correctly after pausing to think.,Mahabharata — Vana Parva,Yudhishthira pauses to answer the Yaksha's questions instead of ignoring the warning at the lake.,"That pause was part of your competence. Yudhishthira's encounter with the Yaksha values listening and considered answers instead of haste. Write down the reasoning that helped you respond. In the next viva, you can give yourself the same permission to think before speaking."
92,Happy,Graduation happiness,You graduate and look forward to using what you learned beyond college.,Taittiriya Upanishad,"The teacher's parting instruction connects truthfulness, responsible conduct, and continued study with life beyond formal education.",This milestone closes a course while opening a different kind of learning. The Taittiriya Upanishad's farewell teaching connects education with truthful conduct and continued study. Choose one skill to keep developing and one principle to carry into work. Give the graduation itself time to feel real.
93,Happy,Nostalgic happiness,You meet a childhood friend and quickly feel comfortable despite very different careers.,Bhagavata Purana — Krishna and Sudama,Krishna welcomes his old friend Sudama warmly despite the difference in their material circumstances.,The ease between you belongs to a history larger than job titles. Krishna's welcome to Sudama offers an image of friendship that notices the person before material position. Ask about your friend's present life as well as old memories. Give the renewed connection a simple next meeting.
94,Happy,Learning excitement,A science exhibition lets you discuss a question directly with a researcher.,Brihadaranyaka Upanishad,Gargi questions Yajnavalkya about the foundations of existence in a learned assembly.,Meeting someone who takes your question seriously can open new possibilities. Gargi's participation in a learned assembly offers an image of active inquiry. Write down what you understood and what remains unclear. A short follow-up reading can turn the excitement of the encounter into lasting understanding.
95,Happy,Adaptability pride,"Rain changes your outdoor birthday plans, but the improvised indoor celebration is wonderful.",Ramayana — Ayodhya Kanda,Rama faces the sudden change from coronation to exile while remaining concerned with duty and family relationships.,"The evening found its own shape, and you helped make that possible. Rama's response to a changed life path invites reflection on meeting circumstances with care. Notice the choices that made everyone comfortable. Keep a memory of the unexpected fun alongside the original plans you had made."
96,Happy,Absorbed enjoyment,You finish a painting after gradually learning to return your attention when distracted.,Bhagavad Gita — returning a wandering mind,Krishna advises bringing the wandering mind back repeatedly during the practice of meditation.,The pleasure in finishing includes many small returns to the canvas. Krishna's guidance about a wandering mind can inspire patience with those returns. Take a photograph of your work and note the conditions that helped you focus. Leave space to enjoy the painting before starting another.
97,Happy,Contribution pride,You quietly improve a shared spreadsheet that saves your team repetitive work.,Seva — traditional Hindu ethical teaching,"Seva is service offered with care and humility, without making personal recognition its central purpose.","Useful service often looks ordinary from the outside. Seva offers a way to value work through the help it provides. Show colleagues how the improvement works and document it so others can maintain it. Enjoy the saved effort, including the time it gives back to you."
98,Happy,Authentic pride,You receive praise for admitting a knowledge gap and then researching the answer.,Chandogya Upanishad,"Satyakama speaks honestly about his uncertain parentage, and his teacher recognizes the integrity of that answer.","Your honesty helped learning happen. Satyakama's truthful answer to his teacher offers an example of integrity being recognized. Keep that approach: name what you know, identify what needs checking, and follow through. Enjoy being respected for reliability rather than feeling you must always sound certain."
99,Happy,Friendship joy,A wealthy friend enjoys your inexpensive birthday gift because of its personal meaning.,Bhagavata Purana — Krishna and Sudama,Krishna welcomes his old friend Sudama warmly despite the difference in their material circumstances.,Your gift reached the relationship rather than a price expectation. Krishna's warm welcome to Sudama offers a reflection on friendship across material differences. Enjoy the response and resist adding an apology about the cost. Thoughtful attention is something you can offer without stretching beyond your budget.
100,Happy,Harmony,Your housemates agree on a fair cleaning schedule after a productive discussion.,Mahabharata — Udyoga Parva,"Krishna undertakes a peace mission before the war, showing the value of a sincere attempt at dialogue.",A practical agreement can make shared living noticeably more pleasant. Krishna's attempt at dialogue before conflict offers a reflection on talking while there is still room to cooperate. Put the schedule where everyone can see it and choose a review date. Enjoy the easier atmosphere you helped create.
101,Sad,Social sadness,You feel left behind when several friends enter new life stages together.,Yoga Sutras of Patanjali — four attitudes,"Patanjali describes friendliness, compassion, appreciative joy, and equanimity as attitudes that support clarity of mind.","Their happiness may stir a real sense of loss in you. Patanjali's attitudes of compassion and appreciative joy can make room for both experiences. Offer congratulations you can honestly mean, then give your own sadness some care. Talk to someone who understands your present circumstances without comparing timelines."
102,Sad,Caregiving sadness,Cooking for a loved one who has moved away makes the kitchen feel painfully quiet.,Annapurna tradition — Hindu devotional teaching,"Annapurna is revered as the giver of nourishment, drawing devotional attention to food, generosity, and care.","The kitchen still carries a relationship whose daily shape has changed. Annapurna, revered as a giver of nourishment, can invite care for the person cooking too. Prepare a portion that suits you and send the recipe if you wish. Missing your loved one and feeding yourself well can share the same meal."
103,Sad,Relationship grief,An attempt to repair a friendship ends with the other person refusing to talk.,Mahabharata — Udyoga Parva,"Krishna undertakes a peace mission before the war, showing the value of a sincere attempt at dialogue.","You offered a conversation, and the refusal still hurts. Krishna's peace mission offers a reminder that a sincere effort does not guarantee agreement. You can respect their decision and stop pursuing an immediate response. Put your next energy toward people and routines that can meet you with care."
104,Sad,Feeling unwanted,You are not chosen for a leadership role and struggle to attend the next club meeting.,Bhagavata Purana — Dhruva's story,"After painful rejection, Dhruva receives Narada's guidance and undertakes focused devotion; his story includes a change in what he values.","The decision may feel like a judgment on your place in the group. Dhruva's story can prompt reflection on finding direction beyond rejection. Decide whether the club still offers learning or connection, and choose one role on your terms. You may also take some space before returning."
105,Sad,Neglected joy,Work has crowded out your weekend hobby and life feels increasingly flat.,Bhagavad Gita — moderation in daily life,"The Gita recommends moderation in eating, recreation, effort, and sleep as part of disciplined living.","The missing hobby may represent a missing part of your rhythm. The Gita's moderation teaching gives recreation a legitimate place beside work. Restore a small, protected period for the activity and reduce one avoidable obligation. If the flatness continues across daily life, consider discussing it with a mental-health professional."
106,Sad,Collective disappointment,Your team loses a competition after working closely for several months.,Devi Mahatmya — Markandeya Purana,"The gods' combined radiance manifests as the Goddess, who receives their weapons and confronts Mahishasura.","The loss includes a shared hope, not just a result. The Devi Mahatmya's image of gathered strength can help you recognize what collaboration created. Meet once to appreciate contributions and identify a useful lesson. Let people be disappointed without requiring an immediate motivational speech or another competition."
107,Sad,Loneliness,You eat alone in the college canteen while nearby groups seem closely connected.,Ramayana — Aranya Kanda,"Shabari welcomes Rama with sincere hospitality, and Rama receives her offerings with respect.",Being surrounded by people can make loneliness more noticeable. Shabari's welcome in the Ramayana offers a reminder of the difference one open invitation can make. Consider asking a familiar classmate to share a table tomorrow. A small invitation is enough; you do not have to create instant friendship.
108,Sad,Identity hurt,You feel low after someone treats your accent as a sign of poor ability.,Chandogya Upanishad,"Satyakama speaks honestly about his uncertain parentage, and his teacher recognizes the integrity of that answer.","An accent does not summarize what you know or can learn. Satyakama's story honors truthful presence beyond a socially impressive background. Seek feedback on the actual content of your work, and choose any communication practice for your own goals. You need not erase your voice to deserve respect."
109,Sad,Loss of direction,"After finishing a major exam, you feel unexpectedly low and unsure what to do next.",Katha Upanishad,"The chariot metaphor describes the intellect as charioteer, the mind as reins, and the senses as horses needing thoughtful direction.",The structure that carried you forward has suddenly gone quiet. The Katha Upanishad's chariot metaphor can prompt a gentle question about direction. Plan one restorative activity and one small task for tomorrow. You can rebuild a rhythm before deciding what your next major destination should be.
110,Sad,Bereavement,Your elderly pet dies after many years as part of the family.,Mahabharata — Mahaprasthanika Parva,Yudhishthira refuses to abandon the dog that has accompanied him on his final journey.,The routines of care can leave a painful silence when a companion is gone. Yudhishthira's loyalty to the dog on his journey honors the significance of such bonds. You might preserve a photograph or share a favorite memory. There is no need to hurry past the sadness of loving them.
111,Sad,Disappointment,A course you were excited to take is canceled before the semester begins.,Ramayana — Ayodhya Kanda,Rama faces the sudden change from coronation to exile while remaining concerned with duty and family relationships.,"You had already imagined what this course would add to your life. Rama's unexpected exile invites reflection on meeting a changed path without denying the loss. Allow some disappointment, then ask whether a reading group, another class, or a later offering could preserve part of what interested you."
112,Sad,Estrangement sadness,A family member stops inviting you after you disagree with them respectfully.,Ramayana — Yuddha Kanda,"Rama accepts Vibhishana when he seeks refuge, despite the suspicion expressed by others.","Exclusion can hurt even when you would make the same choice again. Rama's acceptance of a person seeking refuge offers a reflection on belonging with dignity. Reach out once if it feels safe, then invest in supportive relationships. You cannot create mutual respect by surrendering every difference."
113,Sad,Deflation,A carefully planned research method proves unsuitable after you have invested weeks in it.,Ramayana — Sundara Kanda,"Hanuman meets Surasa's challenge by changing size and using ingenuity, rather than relying only on strength.","Losing a plan can hurt because it also holds time and hope. Hanuman's encounter with Surasa highlights the possibility of changing approach. Before discarding everything, list what the failed method taught you and discuss one alternative with your supervisor. An adjustment can preserve learning even when the original route closes."
114,Sad,Failure sadness,You are rejected from an internship despite preparing carefully for the interview.,Bhagavad Gita — teaching on action,Krishna teaches Arjuna to attend to responsible action without claiming complete control over its fruits.,"A rejection can feel personal after so much preparation. The Gita's distinction between action and its fruits can help you recognize that hiring involves factors beyond your control. Request useful feedback if available, allow yourself a disappointed day, and choose one concrete improvement before your next application."
115,Sad,Mixed sadness,You are happy for a friend's engagement but feel lonely about your own relationship situation.,Yoga Sutras of Patanjali — four attitudes,"Patanjali describes friendliness, compassion, appreciative joy, and equanimity as attitudes that support clarity of mind.","Both feelings can be present without making your affection false. Patanjali's compassion and appreciative joy offer room for your friend's happiness and your own ache. Join the celebration within your capacity, then seek companionship that supports you. You do not have to resolve loneliness before offering sincere good wishes."
116,Sad,Decision regret,You choose an elective hastily and later discover that it does not match your interests.,Mahabharata — Vana Parva,Yudhishthira pauses to answer the Yaksha's questions instead of ignoring the warning at the lake.,"Regret can help identify what you wish you had checked. Yudhishthira's pause before the Yaksha's questions offers a practical reminder to examine conditions first. Find out whether a change is possible. If it is not, identify one useful skill the course can still give you this term."
117,Sad,Long-delay disappointment,A neighborhood improvement project stalls after months of volunteer effort.,Descent of Ganga — traditional Hindu story,"Bhagiratha perseveres in bringing Ganga to earth, and Shiva receives her powerful descent in his matted hair.","It is tiring to invest in something that still has not moved. Bhagiratha's long effort can inspire persistence, but persistence benefits from knowing the next real obstacle. Ask for a clear status update and divide follow-up tasks. A pause in progress need not become a demand for unlimited personal effort."
118,Sad,Overlooked sadness,You do much of the administrative work for a club but receive little recognition.,Ramayana — Ayodhya Kanda,"Bharata safeguards Rama's kingdom as a trust, placing Rama's sandals on the throne rather than claiming it for himself.",Invisible responsibility can feel lonely when praise goes elsewhere. Bharata's stewardship offers an image of service that has value beyond ownership of a title. Your need for acknowledgment still matters. Describe your contribution clearly to the coordinator and ask for fairer credit and a sustainable division of work.
119,Sad,Academic loss,"A favorite teacher retires, leaving you sad about losing their guidance.",Taittiriya Upanishad,"The teacher's parting instruction connects truthfulness, responsible conduct, and continued study with life beyond formal education.",A good teacher can become part of how you approach the world. The Taittiriya Upanishad's parting instruction suggests carrying learning into continued practice. Write down three habits their teaching gave you and thank them if possible. Seek another source of guidance while allowing this particular relationship to remain special.
120,Sad,Envious sadness,Friends' holiday photographs make your ordinary weekend feel disappointing.,Isha Upanishad,The opening teaching discourages coveting others' possessions and relates life in the world to a spirit of renunciation.,"Their photographs show selected moments, while you are living an entire day. The Isha Upanishad's non-coveting teaching can invite a pause in comparison. Put the feed away for a while and choose something locally available that you would actually enjoy. A modest weekend still deserves your attention."
121,Sad,Creative emptiness,You no longer enjoy drawing after turning every sketch into social-media content.,Saraswati worship — traditional Hindu teaching,"Saraswati is revered in Hindu tradition as a goddess of learning, speech, music, and the arts.",The activity may have lost some private space to breathe. Saraswati's association with art and learning invites attention to the craft itself. Make one drawing you do not plan to post and use materials you enjoy. Notice what returns when the sketch is allowed to remain an exploration.
122,Sad,Social rejection,Few people attend a gathering you prepared with considerable care.,Ramayana — Aranya Kanda,"Shabari welcomes Rama with sincere hospitality, and Rama receives her offerings with respect.","An empty chair can feel personal after you have made room for someone. Shabari's hospitality invites attention to the sincerity of the offering rather than its scale. Spend time with whoever came, then seek context before assuming rejection. You can adjust future plans while still valuing your welcome."
123,Sad,Slow-change grief,A place you loved in childhood has changed so much that visiting leaves you sad.,Bhagavata Purana — the avadhuta's teachers,"The avadhuta, traditionally associated with Dattatreya, learns patience and forbearance by observing the earth.",Returning can reveal how much time has passed. The avadhuta's attentive learning from the earth invites observation of change without demanding that you welcome every part of it. Identify what you miss and what remains recognizable. Share the memories with someone rather than expecting the place to preserve them unchanged.
124,Sad,Overburdened sadness,You are the first person everyone calls during problems and feel you have nobody to call.,Bhagavata Purana — Gajendra's prayer,Gajendra turns to divine help when his strength cannot free him from the crocodile; the story expresses dependence beyond personal power.,"Being dependable should not require being unsupported. Gajendra's turn toward help can remind you that strength has limits. Choose one trusted person and describe a specific need, without waiting until you are completely overwhelmed. You can also reduce your availability while building a more reciprocal network of support."
125,Sad,Financial sadness,You cannot afford to contribute to a friend's fundraiser and feel ashamed.,Dana — traditional Hindu ethical teaching,Dana is generosity; traditional Hindu teaching values giving with respect and consideration for the recipient.,"Care does not become less real because money is limited. Dana includes the spirit and suitability of a gift, not a contest over size. You might offer time or share information with permission, if that is useful. Protect your essential expenses and let your concern remain sincere."
126,Sad,Recognition loss,A teammate presents your idea without mentioning your contribution.,Yoga Sutras of Patanjali — asteya,"Asteya, non-stealing, is a Yogic ethical restraint; its modern applications can include respect for others' work and resources.",It is painful to see your work separated from your name. Asteya can be applied to respect for intellectual contributions. Gather a simple record of your work and request a correction through the appropriate channel. Protecting fair credit is compatible with staying professional and avoiding public retaliation.
127,Sad,Trust sadness,A supervisor gives you flattering feedback privately but a very different formal review.,Yoga Sutras of Patanjali — satya,"Satya, truthfulness, is a foundational ethical restraint in Yoga philosophy.","The inconsistency can make it hard to know where you stand. Satya highlights why clear, truthful communication matters. Request examples tied to the review criteria and keep a written record of the discussion. You can acknowledge the hurt while seeking information that helps you decide your next professional step."
128,Sad,Missing care,Living alone makes mealtimes feel empty after years of eating with family.,Annapurna tradition — Hindu devotional teaching,"Annapurna is revered as the giver of nourishment, drawing devotional attention to food, generosity, and care.","The food may be adequate while the company is what you miss. Annapurna's tradition draws attention to nourishment as care. Arrange an occasional shared meal, whether with a neighbor or over a call, and make one familiar dish for yourself. Your everyday needs deserve tenderness even in solitude."
129,Sad,Discouragement,Repeated errors in a coding assignment make you feel that you have no technical ability.,Ramayana — Kishkindha Kanda,Jambavan reminds Hanuman of his capabilities before the search for Sita continues across the ocean.,A difficult assignment can make your earlier learning disappear from view. Jambavan's encouragement of Hanuman suggests the value of a grounded reminder from someone who knows your effort. Ask a classmate to review one failing section with you. Start with the specific error rather than a verdict on your ability.
130,Sad,Unheard sadness,Your family dismisses a thoughtful concern you raise about a major household decision.,Mahabharata — Udyoga Parva,"Vidura offers honest counsel to Dhritarashtra, including advice that the king finds uncomfortable.","It is difficult to care about a decision and feel unheard. Vidura's counsel shows that honest advice is not always welcomed. Write your concern in a few clear points and choose a calmer time to share it. After that, distinguish your responsibility to speak from your power to decide."
131,Sad,Betrayal hurt,People laugh along when a friend makes a cruel joke about your appearance.,Mahabharata — Sabha Parva,Draupadi questions the justice of her treatment in the dice assembly; the episode exposes failures of responsibility among those present.,The laughter can make the hurt feel collective. Draupadi's assembly scene exposes the responsibility of witnesses as well as the person causing harm. Tell a trusted participant how it affected you and ask for support. You deserve company that does not use your dignity as entertainment.
132,Sad,Anticipatory sadness,A close friend is moving abroad and your weekly meetings are ending.,Mahabharata — Mahaprasthanika Parva,Yudhishthira refuses to abandon the dog that has accompanied him on his final journey.,"A farewell changes the weekly rhythm you shared, and missing it makes sense. Yudhishthira's refusal to leave his companion can prompt reflection on what dependable care means across distance. Plan a goodbye that suits you both, then agree on contact you can realistically maintain. Give the change time to feel familiar."
133,Sad,Wistfulness,Old photographs keep pulling your attention back to a happier period of college.,Bhagavad Gita — returning a wandering mind,Krishna advises bringing the wandering mind back repeatedly during the practice of meditation.,"Those photographs hold real experiences you miss. The Gita's guidance on gently returning a wandering mind can support moving between memory and the present. Choose one photograph to appreciate, then attend to something around you now. You can carry affection for the past without spending the whole evening there."
134,Sad,Unappreciated care,You look after a family home while relatives are away and they notice only what remains unfinished.,Ramayana — Ayodhya Kanda,"Bharata safeguards Rama's kingdom as a trust, placing Rama's sandals on the throne rather than claiming it for himself.","It hurts when care is measured only by omissions. Bharata's stewardship can help you name the responsibility you have carried. Explain what you managed and what was beyond your capacity. Future arrangements can include clearer expectations and shared tasks, so affection does not quietly become an unlimited assignment."
135,Sad,Parting sadness,Graduation means leaving teachers and routines that made college feel secure.,Taittiriya Upanishad,"The teacher's parting instruction connects truthfulness, responsible conduct, and continued study with life beyond formal education.",Leaving can be sad even when the future contains good possibilities. The Taittiriya Upanishad's farewell teaching treats education as something carried into life. Write a note to a teacher and preserve one habit that helped you learn. Connection can continue in a new form after daily contact ends.
136,Sad,Rejection hurt,An older sibling repeatedly dismisses your achievements as unimportant.,Bhagavata Purana — Dhruva's story,"After painful rejection, Dhruva receives Narada's guidance and undertakes focused devotion; his story includes a change in what he values.","Their response hurts because you hoped they would see your effort. Dhruva's story begins with rejection and moves toward a more sustaining focus. Seek feedback from someone who can be fair, and decide what you value about the achievement yourself. You do not have to keep presenting it for approval."
137,Sad,Dignity hurt,Someone you admire speaks dismissively about your personal aspirations.,Ramayana — Sundara Kanda,Sita refuses Ravana's demands and maintains her convictions while held in the Ashoka grove.,"Their judgment carries weight because their opinion mattered to you. Sita's refusal to abandon her convictions can offer symbolic support for staying connected to your own direction. Ask what evidence or advice is useful, and leave the contempt aside. Your aspiration deserves thoughtful evaluation rather than automatic dismissal."
138,Sad,Emptiness,Buying something expensive brings little satisfaction after you saved for it for months.,Brihadaranyaka Upanishad,"Maitreyi asks Yajnavalkya whether wealth can bring immortality, opening an inquiry into what possessions cannot provide.",The disappointment may be telling you that the purchase carried hopes beyond its actual use. Maitreyi's question about wealth invites an honest look at those hopes. Consider what you wanted to feel and what else might support that need. You can learn from the purchase without condemning yourself.
139,Sad,Lost expectations,A promised transfer to your preferred city falls through at work.,Ramayana — Ayodhya Kanda,Rama faces the sudden change from coronation to exile while remaining concerned with duty and family relationships.,"You may be grieving a life you had begun to imagine there. Rama's move from expected coronation to exile offers a reflection on disrupted plans. Ask for the actual options and timeline, then separate immediate needs from longer wishes. You are allowed to feel disappointed while making a workable interim plan."
140,Sad,Inadequacy,You compare your achievement with a friend's and feel that yours does not count.,Kena Upanishad,"Uma reveals to Indra that the gods' victory depended on Brahman, correcting their assumption of independent power.","Comparison can narrow the picture until only differences remain. Uma's teaching to Indra questions the idea of achievement as entirely self-made. Consider the different circumstances and support behind each result, then describe your own progress accurately. Your friend's success and your disappointment can both be acknowledged without ranking your worth."
141,Sad,Feeling insignificant,Your efforts to support a younger cousin seem to go unnoticed.,Chandogya Upanishad,"Uddalaka teaches Shvetaketu using salt dissolved in water, illustrating an underlying reality that is not directly visible.","Care can feel discouraging when you cannot see its effect. Uddalaka's salt-water teaching offers an image of presence beyond immediate visibility, not a promise that every effort succeeds. Ask your cousin what support would actually help. Their answer can guide your care more reliably than guessing from silence."
142,Sad,Stalled hope,Your plan to start a small business is delayed by missing paperwork.,Ganesha worship — traditional Hindu teaching,Ganesha is traditionally honored at beginnings and associated with wisdom and the removal of obstacles.,The delay interrupts more than a schedule; it interrupts your anticipation. Ganesha's association with beginnings can provide a reflective pause while you identify the actual obstacle. Make a short list of missing documents and whom to contact. A postponed beginning can still receive practical attention today.
143,Sad,Belief-related sorrow,A loved one ridicules a spiritual practice that is personally meaningful to you.,Bhagavata Purana — Prahlada's story,"Prahlada remains devoted to Vishnu despite Hiranyakashipu's hostility, a traditional example of conviction under pressure.",Mockery can hurt more when it comes from someone close. Prahlada's steadfast devotion offers a reflection on holding a conviction without needing universal agreement. Explain that respectful disagreement is welcome and ridicule is painful. You can keep the practice private or seek supportive company while maintaining appropriate boundaries.
144,Sad,Community disconnection,A neighborhood gathering ends in disagreement and leaves you sad about growing divisions.,Rig Veda — hymn of concord,"The Rig Veda's hymn of concord calls people to assemble, speak together, and cultivate shared purpose.","It is painful when a place meant for connection becomes tense. The Rig Veda's hymn of concord invites shared conversation and purpose. After emotions settle, identify one practical issue on which people still agree. A smaller, respectful discussion may rebuild cooperation more effectively than forcing immediate agreement on everything."
145,Sad,Setback sadness,An injury to your bicycle ends a planned weekend ride before it begins.,Ramayana — Sundara Kanda,"Hanuman meets Surasa's challenge by changing size and using ingenuity, rather than relying only on strength.",The disappointment is about the outing you were looking forward to. Hanuman's flexible response to Surasa can inspire changing the form of a plan. Arrange the repair and consider whether a walk or nearby visit would still meet your wish for time outdoors. Adaptation can wait until you have acknowledged the letdown.
146,Sad,Confidence loss,A poor first driving lesson makes you doubt whether you will ever learn.,Ramayana — Kishkindha Kanda,Jambavan reminds Hanuman of his capabilities before the search for Sita continues across the ocean.,One difficult lesson gives only a small view of a new skill. Jambavan helped Hanuman see beyond a moment of uncertainty. Ask your instructor which single action to practice next and what already went adequately. A more complete account of the lesson can soften the disappointment without disguising the work ahead.
147,Sad,Overwhelm sadness,Too many unfinished responsibilities make you feel defeated before the day starts.,Katha Upanishad,"The chariot metaphor describes the intellect as charioteer, the mind as reins, and the senses as horses needing thoughtful direction.",A crowded list can make every task seem to pull in a different direction. The Katha Upanishad's chariot image invites deliberate guidance. Choose the one responsibility with the clearest immediate consequence and reduce it to a first action. Ask for help or renegotiate another task instead of carrying the whole list silently.
148,Sad,Longing,You miss a grandparent whose familiar voice is preserved in an old recording.,Ramayana — Sundara Kanda,Hanuman gives Sita Rama's ring as a recognizable sign that his message can be trusted.,"That voice may bring comfort and fresh sadness together. Rama's ring in Hanuman's message shows the emotional weight a familiar token can carry. Listen when you have room for the feelings, and perhaps share a memory with someone who knew your grandparent. You can stop whenever you need a pause."
149,Sad,Disillusionment,You discover that a trusted friend has repeatedly lied about small matters.,Yoga Sutras of Patanjali — satya,"Satya, truthfulness, is a foundational ethical restraint in Yoga philosophy.",Repeated dishonesty can unsettle a bond even when each incident seems minor. Satya gives a clear ethical language for why truth matters. Name the pattern and ask for an honest conversation. You can take time to decide how much trust and access the friendship can reasonably hold now.
150,Sad,Distance sadness,Different income levels make you feel you no longer fit with an old friend.,Bhagavata Purana — Krishna and Sudama,Krishna welcomes his old friend Sudama warmly despite the difference in their material circumstances.,Money can change social arrangements without having to determine the value of a friendship. Krishna's welcome to Sudama offers a different measure of connection. Suggest an activity that fits your budget and speak plainly about the limit. Their response can help you understand what the friendship can hold.
151,Sad,Discouraged persistence,Your spoken English improves slowly and you feel embarrassed by repeated corrections.,Yoga Sutras of Patanjali — abhyasa,Abhyasa is sustained practice; steadiness develops through continuing effort over time.,"Corrections can feel heavy when you are trying hard to communicate. Abhyasa values continued practice, but the practice should be usable and respectful. Choose a patient conversation partner and one language feature to work on at a time. Track whether you express yourself more clearly, not whether every sentence is flawless."
152,Sad,Beginning sadness,Your first week in a new city feels much lonelier than you expected.,Ganesha worship — traditional Hindu teaching,Ganesha is traditionally honored at beginnings and associated with wisdom and the removal of obstacles.,A new beginning can contain grief for what was familiar. Ganesha's traditional place at beginnings can accompany a modest intention for this week. Find one reliable daily place and one opportunity for contact. You do not need to feel settled immediately for the move to become meaningful over time.
153,Sad,Exclusion hurt,Friends make a new group chat and you discover that you were not included.,Ramayana — Yuddha Kanda,"Rama accepts Vibhishana when he seeks refuge, despite the suspicion expressed by others.",That discovery can make your place in the friendship feel uncertain. Rama's willingness to receive Vibhishana offers a reflection on the importance of inclusion. Ask one trusted friend what happened before deciding what it means. You may also choose company where invitations and consideration are more consistent.
154,Sad,Homesickness,You miss home during your first festival away at college.,Ramayana — Sundara Kanda,Hanuman gives Sita Rama's ring as a recognizable sign that his message can be trusted.,A festival can make distance feel especially sharp. Rama's ring carried a familiar connection to Sita through Hanuman. You might keep a meaningful object nearby or arrange a short family call around one shared custom. Let the connection comfort you without expecting it to remove all the homesickness.
155,Sad,Moral distress,You are upset after witnessing coworkers spread cruel comments about someone absent.,Bhagavata Purana — churning of the ocean,"Shiva intervenes when the churning releases dangerous poison, an episode traditionally understood as compassionate protection of living beings.","The comments may hurt because they violate your sense of care. Shiva's protective action in the churning story can inspire limiting harm. Avoid adding to the conversation, check on the affected colleague when appropriate, and use a suitable reporting route if the pattern continues. Protection can be quiet and practical."
156,Sad,Loss of belonging,Your local sports group dissolves and you miss its familiar weekly routine.,Rig Veda — hymn of concord,"The Rig Veda's hymn of concord calls people to assemble, speak together, and cultivate shared purpose.",The group gave you regular contact as well as an activity. The Rig Veda's call to gather around shared purpose can inspire a smaller continuation. Ask two former members whether they would like an occasional game or walk. A new arrangement can honor what you miss without reproducing the old group exactly.
157,Sad,Slow-progress sadness,Your handwriting practice seems to show little improvement after several weeks.,Yoga Sutras of Patanjali — abhyasa,Abhyasa is sustained practice; steadiness develops through continuing effort over time.,"Slow change can feel discouraging when you look at it every day. Abhyasa emphasizes sustained practice, but practice also benefits from feedback. Compare one older page with a recent one and ask a teacher about a specific difficulty. Adjust the exercise rather than treating patience as endless repetition without guidance."
158,Sad,Concerned sadness,You feel dispirited after a volunteer program ends before the people it serves have another arrangement.,Seva — traditional Hindu ethical teaching,"Seva is service offered with care and humility, without making personal recognition its central purpose.",It is hard to leave needs unfinished when you have cared about the work. Seva directs attention toward useful service rather than a role you must personally retain. Ask the coordinator about a responsible handover or existing alternatives. A manageable final contribution can honor your concern without making you responsible for replacing the whole program.
159,Sad,Invisible grief,"You miss a friendship that ended quietly, but others do not understand why it matters.",Chandogya Upanishad,"Uddalaka teaches Shvetaketu using salt dissolved in water, illustrating an underlying reality that is not directly visible.",A loss can be significant even without a formal ending that others recognize. Uddalaka's illustration of unseen presence can prompt respect for what is not outwardly obvious. Name what you miss in that friendship and share it with someone willing to listen. Your sadness does not need public validation to deserve care.
160,Sad,Frustrated sorrow,A friend ignores your careful warning and then faces the problem you feared.,Mahabharata — Udyoga Parva,"Vidura offers honest counsel to Dhritarashtra, including advice that the king finds uncomfortable.","It is hard to watch someone suffer after trying to help. Vidura's experience of unwelcome counsel reminds us that advice cannot control another person's choices. Offer the support you can reasonably provide now, and avoid making their difficulty a lesson in being right. Keep your own limits clear."
161,Sad,Attachment grief,You must leave a rented room where you spent several meaningful years.,Yoga Sutras of Patanjali — aparigraha,"Aparigraha is non-possessiveness or non-grasping, encouraging examination of excessive attachment to acquisition.",A room can hold routines and memories that are hard to pack. Aparigraha invites loosening possession without pretending attachment never existed. Photograph a few meaningful corners and choose one object to carry forward. You can leave the space while keeping what those years taught and gave you.
162,Sad,Compassion fatigue,You feel low after repeatedly helping relatives while ignoring your own limits.,Brihadaranyaka Upanishad,"Prajapati's teaching of the three 'da' calls for self-restraint, generosity, and compassion.",Compassion becomes difficult to sustain when there is no room for your needs. The three 'da' teachings place restraint beside generosity and care. Choose one request you cannot reasonably meet and state that limit kindly. Giving can remain meaningful when it comes from a more balanced arrangement.
163,Sad,Exploitation hurt,A relative repeatedly borrows your study materials without returning them.,Yoga Sutras of Patanjali — asteya,"Asteya, non-stealing, is a Yogic ethical restraint; its modern applications can include respect for others' work and resources.",What seems minor to them may cost you time and trust. Asteya encourages respect for others' resources. Ask for the materials back by a specific date and change future lending arrangements if needed. A clear boundary can protect the relationship from accumulating resentment as well as protect your work.
164,Sad,Career discouragement,Your carefully submitted article receives another publication rejection.,Bhagavad Gita — teaching on action,Krishna teaches Arjuna to attend to responsible action without claiming complete control over its fruits.,"Repeated rejection can make effort feel difficult to trust. The Gita invites attention to what your action can genuinely influence. Read the response after a short pause, separate usable editorial feedback from preference, and choose whether to revise or try another venue. Your work deserves evaluation more specific than rejection alone."
165,Sad,Disappointment in effort,A personal routine breaks down after several steady months and you feel you have wasted your progress.,Parvati's tapas — traditional Shaiva story,Traditional accounts describe Parvati's sustained spiritual discipline and determination in her devotion to Shiva.,"A disrupted routine does not remove the months you practiced. Parvati's dedication can symbolize commitment that is examined and renewed. Look at what changed in your circumstances, then restart one manageable part. Your next step can respect what you have learned rather than demand an immediate return to the old schedule."
166,Sad,Humiliation hurt,A teacher mocks your answer in front of the class.,Mahabharata — Sabha Parva,Draupadi questions the justice of her treatment in the dice assembly; the episode exposes failures of responsibility among those present.,"Being corrected publicly is different from being treated with ridicule, and your hurt makes sense. Draupadi's questions in the assembly remind us to examine failures of dignity. Write down what happened and consider speaking privately with a trusted teacher or adviser. You deserve feedback that supports learning."
167,Sad,Intellectual loneliness,People around you dismiss your interest in philosophy as useless.,Brihadaranyaka Upanishad,Gargi questions Yajnavalkya about the foundations of existence in a learned assembly.,"Having an interest repeatedly belittled can make learning feel lonely. Gargi's serious questioning offers a reminder that inquiry has a place in spiritual tradition. Look for one discussion group, library event, or thoughtful reader who shares the interest. You do not need everyone's approval to keep exploring it."
168,Sad,Self-disappointment,You realize you have avoided an important decision for several months.,Yoga Sutras of Patanjali — svadhyaya,Svadhyaya involves sacred study and recitation; reflective engagement with one's conduct is a common contemporary application.,Seeing the delay clearly can bring sadness about lost time. The reflective spirit associated with svadhyaya can turn that recognition toward understanding. Ask what made the choice difficult and what information is still missing. Set one appointment or conversation that moves it forward without demanding a complete decision today.
169,Sad,Environmental grief,A familiar patch of trees is removed from your daily walking route.,Bhagavata Purana — the avadhuta's teachers,"The avadhuta, traditionally associated with Dattatreya, learns patience and forbearance by observing the earth.","The loss is real if that place offered shade, familiarity, or beauty. The avadhuta's learning from the earth invites attentive relationship with the natural world. Allow yourself to miss it, then explore a practical local conservation effort or another green space. Action can accompany grief without canceling it."
170,Sad,Self-directed sadness,You spend the evening calling yourself useless after making a small calculation error.,Yoga Sutras of Patanjali — ahimsa,"Ahimsa, non-harming, is one of the ethical restraints in Yoga philosophy.","The error needs correction, but harsh labels add a second burden. Ahimsa can inspire a less injuring way to speak to yourself. Rework the calculation and write one factual sentence about what went wrong. Treat yourself as someone who needs a useful explanation and another opportunity to practice."
171,Sad,Lost meaning,You achieve a goal chosen mainly to impress others and feel unexpectedly sad.,Katha Upanishad,Nachiketa chooses a deeper inquiry over Yama's tempting offers; the text distinguishes the good from the merely pleasant.,"Reaching the goal may have exposed a gap between approval and what matters to you. Nachiketa's inquiry invites a closer look at enduring value. Write down what you enjoyed, what felt borrowed, and what you would choose without an audience. This achievement can become information for a more personal next step."
172,Sad,Painful self-judgment,You feel guilty for being less productive while adjusting to a major life change.,Yoga Sutras of Patanjali — ahimsa,"Ahimsa, non-harming, is one of the ethical restraints in Yoga philosophy.",Adjustment uses attention even when it does not produce visible results. Ahimsa offers a reason to avoid turning that difficulty into self-attack. Reduce your daily targets to essentials and acknowledge what the change requires. Support from trusted people can help you find a workable pace during this period.
173,Sad,Nostalgic sadness,You sort childhood belongings and struggle to decide what to keep.,Yoga Sutras of Patanjali — aparigraha,"Aparigraha is non-possessiveness or non-grasping, encouraging examination of excessive attachment to acquisition.","Each object may seem to hold a piece of your earlier life. Aparigraha can invite thoughtful selection rather than forced detachment. Keep a few items that matter most, photograph others, and pause before difficult decisions. Let the process honor memory while making room for your present needs."
174,Sad,Isolation,You feel alone because your friends pressure you to act against your beliefs.,Bhagavata Purana — Prahlada's story,"Prahlada remains devoted to Vishnu despite Hiranyakashipu's hostility, a traditional example of conviction under pressure.","Conviction can become lonely when belonging seems conditional. Prahlada's story offers an image of remaining rooted under pressure, without requiring you to stay in harmful company. Look for one person who respects your choices and reduce exposure to coercive situations. Your beliefs can be held with both firmness and care."
175,Sad,Powerlessness,A group problem feels too large for you to address alone.,Devi Mahatmya — Markandeya Purana,"The gods' combined radiance manifests as the Goddess, who receives their weapons and confronts Mahishasura.",Feeling small beside a shared problem does not mean your concern is unimportant. Durga's manifestation through combined energies offers an image of strength gathered together. Identify one person or group already working on the issue and offer a manageable contribution. You need not carry the whole solution yourself.
176,Sad,Dissatisfaction,You feel sad that your life looks ordinary beside the milestones people post online.,Yoga Sutras of Patanjali — santosha,"Santosha, contentment, is a Yogic observance concerned with freedom from perpetual dissatisfaction.",Ordinary days rarely arrive with a caption that explains their value. Santosha invites noticing what supports your actual life without pretending all needs are met. Identify one thing that is already steady and one change you want. Taking a break from comparison can make both easier to see clearly.
177,Sad,Distress after conflict,You feel sad after repeatedly mediating arguments between family members.,Bhagavata Purana — churning of the ocean,"Shiva intervenes when the churning releases dangerous poison, an episode traditionally understood as compassionate protection of living beings.","Holding the middle can become exhausting, especially when nothing changes. Shiva's protective intervention can inspire limiting harm, but a human mediator also needs support. Step out of arguments that others can manage, and suggest a calmer or professionally supported discussion when needed. Your peace deserves consideration too."
178,Sad,Heartache,A partner ends the relationship because you will not abandon an important personal boundary.,Ramayana — Sundara Kanda,Sita refuses Ravana's demands and maintains her convictions while held in the Ashoka grove.,"The loss can hurt even when your boundary remains right for you. Sita's resolve under pressure offers a symbolic companion to protecting your convictions. Give yourself space to grieve the relationship, and speak with someone supportive. You do not need to reverse your boundary to prove you cared."
179,Sad,Regretful sadness,You hurt a sibling with a careless remark and now miss your usual closeness.,Bhagavad Gita — discipline of speech,"The Gita describes disciplined speech as truthful, beneficial, and considerate rather than needlessly distressing.","Missing the closeness shows that the relationship matters. The Gita's discipline of speech can guide a repair that is truthful and considerate. Apologize for the particular remark without explaining it away, then listen to its impact. Your sibling may need time before the familiar warmth returns."
180,Sad,Purpose loss,You feel unneeded after leaving a volunteer role that once structured your week.,Seva — traditional Hindu ethical teaching,"Seva is service offered with care and humility, without making personal recognition its central purpose.","Losing a role can also mean losing contact and routine. Seva values the act of care more broadly than one position. Give yourself time to miss the group, then consider a smaller contribution elsewhere or a planned visit. Your usefulness need not depend on being constantly needed."
181,Sad,Material inadequacy,You feel sad because you cannot give your parents the expensive gift you imagined.,Isha Upanishad,The opening teaching discourages coveting others' possessions and relates life in the world to a spirit of renunciation.,"The imagined gift may represent gratitude more than the object itself. The Isha Upanishad's non-coveting teaching invites freedom from measures borrowed from others. Consider a useful, affordable gesture and a direct expression of appreciation. Your relationship can receive care that does not depend on a particular price."
182,Sad,Heavy-heartedness,You cannot meet everyone's expectations during a demanding family celebration.,Brihadaranyaka Upanishad,"Prajapati's teaching of the three 'da' calls for self-restraint, generosity, and compassion.",Trying to care for everyone can leave you feeling that you have failed everyone. The three 'da' teachings pair compassion with restraint. Choose the commitments you can reasonably honor and explain the rest clearly. Your care can be genuine even when the event contains disappointed expectations and imperfect arrangements.
183,Sad,Silenced curiosity,You stop asking questions in class after classmates repeatedly call you annoying.,Brihadaranyaka Upanishad,Gargi questions Yajnavalkya about the foundations of existence in a learned assembly.,"Being mocked for inquiry can make participation feel costly. Gargi's place in philosophical dialogue offers a reminder that serious questions belong in learning. Ask your teacher about a good time or format for questions, and keep a question notebook. You can adjust the setting without abandoning your curiosity."
184,Sad,Disappointment in status,A promotion changes your title but does not bring the fulfillment you expected.,Brihadaranyaka Upanishad,"Maitreyi asks Yajnavalkya whether wealth can bring immortality, opening an inquiry into what possessions cannot provide.","The title may have answered one wish while leaving others untouched. Maitreyi's question about wealth encourages examining the limits of external gains. Identify what is missing now: meaningful work, time, relationships, or learning. Discuss one concrete adjustment rather than expecting gratitude for the promotion to cancel your sadness."
185,Sad,Academic disappointment,You fail a test after misunderstanding the instructions rather than the subject itself.,Mahabharata — Vana Parva,Yudhishthira pauses to answer the Yaksha's questions instead of ignoring the warning at the lake.,This result may feel especially painful because you knew more than the marks show. Yudhishthira's careful attention at the Yaksha's lake suggests a practical lesson in pausing. Review the instructions with your teacher and make a short reading checklist for the next paper. One mistake can inform preparation without defining you.
186,Sad,Communication sorrow,A kind message you sent is misunderstood as criticism and the exchange becomes distant.,Bhagavad Gita — discipline of speech,"The Gita describes disciplined speech as truthful, beneficial, and considerate rather than needlessly distressing.","It hurts when care fails to arrive as intended. The Gita's teaching on speech invites both truth and attention to effect. Clarify what you meant, acknowledge how the words sounded, and ask whether the person wants to talk. You can repair the wording without insisting they should have understood it differently."
187,Sad,Emotional depletion,A month of studying late leaves you too tired to enjoy time with friends.,Bhagavad Gita — moderation in daily life,"The Gita recommends moderation in eating, recreation, effort, and sleep as part of disciplined living.","It is understandable that enjoyment feels distant when every day has asked so much of you. The Gita's teaching on moderation includes rest and recreation alongside effort. Reduce one nonessential task and protect a realistic bedtime. If this low mood persists, speaking with a counselor can be a helpful next step."
188,Sad,Delayed-life sadness,Housing delays force your family to postpone moving into a home you expected to occupy.,Descent of Ganga — traditional Hindu story,"Bhagiratha perseveres in bringing Ganga to earth, and Shiva receives her powerful descent in his matted hair.",Waiting can feel like living between two unfinished chapters. Bhagiratha's perseverance offers a symbolic reminder of effort across stages. Ask for a concrete update and plan what can be made comfortable now. You can preserve the hope of moving while giving your present living space some care.
189,Sad,Background shame,You feel sad when classmates make assumptions about your modest family background.,Chandogya Upanishad,"Satyakama speaks honestly about his uncertain parentage, and his teacher recognizes the integrity of that answer.",Their assumptions can hurt without accurately describing your possibilities. Satyakama's honesty about his origins offers a reflection on dignity that does not depend on an impressive introduction. Choose what you wish to share and seek classmates who respond respectfully. Your family circumstances are not something you must apologize for.
190,Sad,Values grief,A workplace rewards behavior that conflicts with the kind of professional you want to become.,Katha Upanishad,Nachiketa chooses a deeper inquiry over Yama's tempting offers; the text distinguishes the good from the merely pleasant.,"It can be dispiriting when visible rewards do not match your values. Nachiketa's choice of the deeper good invites you to examine what you want your work to stand for. Identify a boundary, a supportive colleague, and a realistic alternative path. You do not have to solve the entire culture alone."
191,Sad,Unresolved sadness,A roommate moves out while a disagreement between you remains unfinished.,Mahabharata — Udyoga Parva,"Krishna undertakes a peace mission before the war, showing the value of a sincere attempt at dialogue.","An unfinished conversation can leave a sense of heaviness. Krishna's peace effort suggests the worth of a sincere opening, even without a guaranteed resolution. You could send one brief message acknowledging your part, if appropriate. Then allow closure to include what you have learned, not only what they might answer."
192,Sad,Low spirits,An ordinary birthday passes quietly and feels less special than you hoped.,Yoga Sutras of Patanjali — santosha,"Santosha, contentment, is a Yogic observance concerned with freedom from perpetual dissatisfaction.","It is natural to feel sad when a hoped-for celebration does not happen. Santosha can offer appreciation of something small without requiring you to deny the disappointment. Tell someone you trust that the day mattered to you, and arrange one belated activity you would enjoy."
193,Sad,Rumination,You keep replaying the last conversation with someone who ended your friendship.,Bhagavad Gita — returning a wandering mind,Krishna advises bringing the wandering mind back repeatedly during the practice of meditation.,"The mind may keep returning because the ending still feels unfinished. Krishna's guidance about returning attention offers a gentle practice for stepping out of one more replay. Name what the memory brings up, then choose a present task or supportive conversation. You do not have to solve the ending tonight."
194,Sad,Post-success sadness,"After winning an award, you feel lonely because the celebration ends quickly.",Kena Upanishad,"Uma reveals to Indra that the gods' victory depended on Brahman, correcting their assumption of independent power.",An award can recognize achievement without providing ongoing companionship. Uma's teaching about the support behind victory invites attention to the relationships around the event. Arrange an ordinary conversation with someone you trust and describe how you feel. You do not need another achievement to earn that connection.
195,Sad,Helpless sadness,A difficult family responsibility leaves you feeling unable to manage everything.,Bhagavata Purana — Gajendra's prayer,Gajendra turns to divine help when his strength cannot free him from the crocodile; the story expresses dependence beyond personal power.,"The sadness may reflect how much you are carrying with too little help. Gajendra's prayer can symbolize recognizing the limits of personal strength. Write down the responsibilities and ask someone to take a specific task. Practical assistance, and counseling if needed, can accompany any spiritual comfort you find."
196,Sad,Friendship disappointment,An old friend seems interested only when they need a favor.,Bhagavata Purana — Krishna and Sudama,Krishna welcomes his old friend Sudama warmly despite the difference in their material circumstances.,A friendship can feel lonely when contact becomes mainly transactional. Krishna's warmth toward Sudama offers a reflection on valuing the person beyond what they provide. Suggest a simple meeting without a task attached and notice the response. You may need firmer limits if reciprocity remains absent.
197,Sad,Regret over giving,You donate more than you can afford and feel sad and worried afterward.,Dana — traditional Hindu ethical teaching,Dana is generosity; traditional Hindu teaching values giving with respect and consideration for the recipient.,A generous intention can still need a practical correction. Dana is most sustainable when it considers both the recipient and your responsibilities. Review what essentials remain covered and adjust future commitments. You can learn to give within your means without deciding that the wish to help was wrong.
198,Sad,Remorse,You realize you have often interrupted a friend when they tried to share problems.,Yoga Sutras of Patanjali — svadhyaya,Svadhyaya involves sacred study and recitation; reflective engagement with one's conduct is a common contemporary application.,That realization can hurt because it challenges how you hoped to show up. Reflective practice associated with svadhyaya invites examining conduct without hiding from it. Tell your friend what you noticed and ask to listen more carefully. One changed conversation can begin making the insight useful.
199,Sad,Creative disappointment,Your artwork is not selected for an exhibition you cared about.,Saraswati worship — traditional Hindu teaching,"Saraswati is revered in Hindu tradition as a goddess of learning, speech, music, and the arts.","Rejection can sting when the work expresses something personal. Saraswati's association with the arts invites you to keep learning and expressing beyond one selection decision. Seek specific feedback if it is available, then spend some time with art you enjoy. Your next piece need not answer this rejection immediately."
200,Sad,Unfulfilled longing,You lose motivation midway through a long professional qualification.,Parvati's tapas — traditional Shaiva story,Traditional accounts describe Parvati's sustained spiritual discipline and determination in her devotion to Shiva.,"A distant goal can feel heavy after the initial excitement fades. Parvati's sustained dedication in traditional stories can invite reflection on commitment, while your circumstances still deserve review. Ask whether the qualification remains meaningful, what support is missing, and whether a planned break or revised pace would help."
201,Angry,Indignation,A temporary team leader acts as though shared equipment belongs only to them.,Ramayana — Ayodhya Kanda,"Bharata safeguards Rama's kingdom as a trust, placing Rama's sandals on the throne rather than claiming it for himself.","Your anger points to a problem of stewardship. Bharata treats entrusted authority as a responsibility, not personal possession. Ask for an agreed access schedule and refer to the equipment's shared purpose. A written arrangement can protect everyone's work more effectively than competing for control in the moment."
202,Angry,Bureaucratic frustration,A public office sends you between counters without a clear answer.,Descent of Ganga — traditional Hindu story,"Bhagiratha perseveres in bringing Ganga to earth, and Shiva receives her powerful descent in his matted hair.","Being repeatedly redirected can feel disrespectful and exhausting. Bhagiratha's persistence offers a symbolic reminder of sustained effort, but effort needs direction. Ask for the responsible desk and required documents in writing if available. Record the steps already taken and choose a practical follow-up instead of arguing at every counter."
203,Angry,Competitive resentment,A younger colleague learns a task faster than you and you feel irritated around them.,Yoga Sutras of Patanjali — four attitudes,"Patanjali describes friendliness, compassion, appreciative joy, and equanimity as attitudes that support clarity of mind.","Their pace can stir insecurity without actually diminishing your progress. Patanjali's appreciative joy invites seeing skill as something to learn from. Ask about one method that helped them, if appropriate, and set a goal based on your own starting point. Cooperation may give your frustration somewhere constructive to go."
204,Angry,Material frustration,A relative treats an expensive wedding as more important than the couple's wishes.,Brihadaranyaka Upanishad,"Maitreyi asks Yajnavalkya whether wealth can bring immortality, opening an inquiry into what possessions cannot provide.","Maitreyi's inquiry asks what wealth can actually provide. Bring the conversation back to the couple's preferences, affordable arrangements, and what will make the occasion meaningful to them. You can question the pressure without insulting anyone's taste. A specific budget discussion is more useful than arguing over whose celebration looks grander."
205,Angry,Deception anger,A seller conceals an important defect in something you purchased.,Yoga Sutras of Patanjali — satya,"Satya, truthfulness, is a foundational ethical restraint in Yoga philosophy.","Anger is understandable when information was withheld. Satya highlights the importance of truth in an exchange. Preserve the receipt and evidence, state the defect clearly, and request the available remedy through the seller or platform. Keeping the complaint factual can protect your position better than threatening language."
206,Angry,Accumulated resentment,You keep agreeing to favors and then become angry that nobody respects your time.,Brihadaranyaka Upanishad,"Prajapati's teaching of the three 'da' calls for self-restraint, generosity, and compassion.","The pattern may need a boundary before it needs another favor. The three 'da' teachings hold restraint alongside generosity and compassion. Review your capacity before answering the next request, and offer a clear yes, no, or limited alternative. Others can respond better to a limit they have actually heard."
207,Angry,Principled anger,Your colleagues pressure you to join a joke that targets someone's religion.,Bhagavata Purana — Prahlada's story,"Prahlada remains devoted to Vishnu despite Hiranyakashipu's hostility, a traditional example of conviction under pressure.","Prahlada's conviction can inspire a clear refusal when belonging seems to demand participation. Say that you are not comfortable with the joke and avoid repeating it. Support the targeted colleague if appropriate, and use workplace channels for repeated harassment. You can be firm without insulting another belief in return."
208,Angry,Insulted pride,Someone questions your competence because of the school you attended.,Chandogya Upanishad,"Satyakama speaks honestly about his uncertain parentage, and his teacher recognizes the integrity of that answer.",Their assumption is unfair and understandably irritating. Satyakama's story values honest character beyond a socially impressive background. Redirect the discussion to the skill or evidence relevant to the task. You can state that school-based put-downs are unhelpful without needing to defend every part of your education.
209,Angry,Procedural impatience,You resent being asked to read safety instructions before using new lab equipment.,Mahabharata — Vana Parva,Yudhishthira pauses to answer the Yaksha's questions instead of ignoring the warning at the lake.,"The interruption may feel unnecessary when you are eager to begin. Yudhishthira's willingness to heed the warning at the lake offers a useful pause. Read the instructions and ask about any unclear step before operating the equipment. Here, patience supports the work you want to do and the people sharing the lab."
210,Angry,Protective anger,Your classmates refuse to include a transfer student in group work.,Ramayana — Yuddha Kanda,"Rama accepts Vibhishana when he seeks refuge, despite the suspicion expressed by others.","The transfer student deserves a fair way to participate. Rama receives Vibhishana despite others' suspicions, which can prompt the group to examine its own exclusion. Ask what contribution is needed and invite the student into that discussion. Channel the anger into fair criteria while letting the person affected speak for themselves."
211,Angry,Outcome frustration,Your best exam preparation does not produce the marks you expected.,Bhagavad Gita — teaching on action,Krishna teaches Arjuna to attend to responsible action without claiming complete control over its fruits.,"The gap between effort and result can feel infuriating. Krishna's teaching to Arjuna invites attention to what action can influence. Review the marked paper for specific errors or appeal grounds, then adjust preparation accordingly. You can be disappointed with the outcome without directing anger at your entire ability."
212,Angry,Status resentment,A relative constantly compares your salary with a cousin's earnings.,Brihadaranyaka Upanishad,"Maitreyi asks Yajnavalkya whether wealth can bring immortality, opening an inquiry into what possessions cannot provide.","Repeated comparison can make a family conversation feel like an assessment. Maitreyi's question about wealth invites a broader view of a worthwhile life. Tell your relative you will not discuss salaries competitively and change the subject. Evaluate your finances against your needs and goals in a separate, calmer setting."
213,Angry,Rumination anger,You keep mentally arguing with someone hours after the conversation has ended.,Bhagavad Gita — returning a wandering mind,Krishna advises bringing the wandering mind back repeatedly during the practice of meditation.,"The repeated argument can consume an evening without reaching the other person. Krishna's guidance about returning a wandering mind offers a way to notice the replay and redirect attention. Write down any action still needed, then choose a concrete present task. You can address the issue at a planned time."
214,Angry,Coercion anger,Relatives insist you follow a career path you have repeatedly said does not suit you.,Bhagavata Purana — Prahlada's story,"Prahlada remains devoted to Vishnu despite Hiranyakashipu's hostility, a traditional example of conviction under pressure.","Repeated pressure can make every conversation feel like a struggle for your own future. Prahlada's conviction offers a traditional image of remaining rooted. Prepare your reasons, practical plan, and boundaries around repeated debates. Involve a trusted mediator if useful, while keeping the decision connected to your circumstances and interests."
215,Angry,Verbal anger,You draft an insulting reply to a rude message from a colleague.,Bhagavad Gita — discipline of speech,"The Gita describes disciplined speech as truthful, beneficial, and considerate rather than needlessly distressing.","The draft may express the intensity of your anger without helping your position. The Gita's discipline of speech joins truth with usefulness and consideration. Save it without sending, then rewrite the message around the behavior, its impact, and your request. Firmness can survive the removal of insults."
216,Angry,Artistic resentment,A group treats your design work as effortless and asks for unlimited revisions.,Saraswati worship — traditional Hindu teaching,"Saraswati is revered in Hindu tradition as a goddess of learning, speech, music, and the arts.",Saraswati's association with the arts invites respect for skill and learning behind visible work. Explain what each revision involves and agree on a limited round of changes. You can care about the design while protecting your time. Clear scope makes collaboration more respectful than silently accepting an expanding request.
217,Angry,Unheeded anger,Your supervisor ignores a risk you raised and then blames the team when it occurs.,Mahabharata — Udyoga Parva,"Vidura offers honest counsel to Dhritarashtra, including advice that the king finds uncomfortable.",Being blamed after giving a warning can feel deeply unfair. Vidura's unwelcome counsel offers a reflection on speaking responsibly even when authority resists. Gather the relevant messages and describe the sequence factually. Ask for a review of the process and avoid turning the discussion into personal accusation.
218,Angry,Justice anger,An institution dismisses your complaint without addressing the evidence you submitted.,Mahabharata — Sabha Parva,Draupadi questions the justice of her treatment in the dice assembly; the episode exposes failures of responsibility among those present.,"Draupadi's unanswered questions highlight how procedures can fail when those responsible avoid the substance. Keep your evidence organized and request a reasoned response through the next appropriate channel. Anger can sustain attention to the issue, but plan breaks and support so pursuing it does not consume every part of your life."
219,Angry,Frustration,A lab partner keeps saying you cannot handle the technical part of the project.,Ramayana — Kishkindha Kanda,Jambavan reminds Hanuman of his capabilities before the search for Sita continues across the ocean.,Being underestimated can make you want to prove everything at once. Jambavan's encouragement of Hanuman suggests grounding confidence in actual capabilities. List the tasks you can demonstrate and request a clear division of work. Let evidence and a firm conversation carry your response rather than an exhausting contest.
220,Angry,Exercise frustration,You are angry that your walking pace has stopped improving despite regular outings.,Yoga Sutras of Patanjali — abhyasa,Abhyasa is sustained practice; steadiness develops through continuing effort over time.,"Steady practice does not require every session to produce a new record. Abhyasa can support consistency while you review realistic goals and adequate recovery. Choose a comfortable walk without tracking speed, or seek suitable guidance on your routine. Avoid turning frustration into a demand to push beyond your limits."
221,Angry,Betrayal anger,A friend abandons you during a difficult group task after promising to help.,Mahabharata — Mahaprasthanika Parva,Yudhishthira refuses to abandon the dog that has accompanied him on his final journey.,"A broken promise can leave both extra work and resentment. Yudhishthira's loyalty to his companion offers a standard of dependable care. Finish the urgent essentials with available help, then discuss the promise directly. Future commitments may need clearer limits rather than another assumption that they will show up."
222,Angry,Contagious anger,A hostile online discussion leaves you wanting to insult everyone involved.,Bhagavata Purana — churning of the ocean,"Shiva intervenes when the churning releases dangerous poison, an episode traditionally understood as compassionate protection of living beings.","The conversation is pulling you toward spreading the same hostility that upset you. Shiva's protective response to poison can serve as a metaphor for limiting harm. Close the thread, use mute or report tools where appropriate, and decide later whether a factual contribution would help. You owe no argument your whole evening."
223,Angry,Dishonesty resentment,A teammate keeps claiming completed work that you later discover is unfinished.,Yoga Sutras of Patanjali — satya,"Satya, truthfulness, is a foundational ethical restraint in Yoga philosophy.","Truthfulness matters because the whole schedule depends on reliable information. Satya offers a clear frame for addressing the pattern. Ask for visible progress updates and agreed completion criteria, then document responsibilities. Keep the conversation about accuracy and consequences rather than guessing why the person has been misleading the group."
224,Angry,Entitlement anger,A relative becomes angry when you decline another loan you cannot afford.,Dana — traditional Hindu ethical teaching,Dana is generosity; traditional Hindu teaching values giving with respect and consideration for the recipient.,"Dana can be generous only within the reality of available resources and responsibilities. State your financial limit plainly and avoid negotiating essential expenses under pressure. If useful, offer help finding other options. Their disappointment does not turn money you need into money you are obliged to give."
225,Angry,Moral outrage,A senior student publicly humiliates a junior during an event.,Mahabharata — Sabha Parva,Draupadi questions the justice of her treatment in the dice assembly; the episode exposes failures of responsibility among those present.,"Your anger can help you recognize that something needs to stop. Draupadi's assembly exposes the failures of those who witness humiliation without responding. Support the junior, interrupt safely if possible, and report the behavior through a trusted channel. Keep the affected person's wishes and safety central."
226,Angry,Impatience with growth,You are angry that a skill still feels difficult after a month of effort.,Parvati's tapas — traditional Shaiva story,Traditional accounts describe Parvati's sustained spiritual discipline and determination in her devotion to Shiva.,The timetable in your mind may be moving faster than the skill. Parvati's sustained discipline can inspire patience with a meaningful pursuit. Check whether your practice is well designed and whether you need instruction. A realistic next milestone is more useful than demanding that dedication produce immediate ease.
227,Angry,Dignity anger,An interviewer makes dismissive comments about your family's occupation.,Chandogya Upanishad,"Satyakama speaks honestly about his uncertain parentage, and his teacher recognizes the integrity of that answer.","Bring the interview back to the qualifications the role requires. Satyakama answers honestly about his origins, and his teacher recognizes the integrity of that response. Your family's occupation is not a substitute for assessing your work. Note the exchange afterward and consider whether the organization's conduct fits the environment you want."
228,Angry,Start-up frustration,Your newly launched website has several problems and you want to abandon the whole project.,Ganesha worship — traditional Hindu teaching,Ganesha is traditionally honored at beginnings and associated with wisdom and the removal of obstacles.,"Ganesha's place at beginnings can remind you to meet an obstacle deliberately rather than read it as a verdict. Separate the problems into urgent, important, and cosmetic, then fix the one blocking actual use. A beginning often needs revision. Give yourself a clear stopping time for today's troubleshooting."
229,Angry,Technical irritation,A software tool repeatedly crashes just before your assignment deadline.,Ramayana — Sundara Kanda,"Hanuman meets Surasa's challenge by changing size and using ingenuity, rather than relying only on strength.","Repeated crashes can make forceful clicking feel tempting but rarely useful. Hanuman's response to Surasa offers an image of changing the approach when strength alone is unhelpful. Save what you can, use a simpler backup method, and inform your teacher if needed. Troubleshoot the deeper problem after the urgent submission."
230,Angry,Ethical anger,You are asked to exaggerate experience on a job application because everyone supposedly does it.,Katha Upanishad,Nachiketa chooses a deeper inquiry over Yama's tempting offers; the text distinguishes the good from the merely pleasant.,"Nachiketa's distinction between the good and the merely attractive can clarify this pressure. Present your actual projects and transferable skills accurately, and decline invented claims. Your anger may reflect the value you place on starting honestly. Seek advice on strengthening the application without making truthfulness seem like a disadvantage you must abandon."
231,Angry,Defensive anger,You react sharply when a coach overlooks you for a role you believe you can perform.,Ramayana — Kishkindha Kanda,Jambavan reminds Hanuman of his capabilities before the search for Sita continues across the ocean.,"Before confronting the coach, identify what would demonstrate your readiness. Jambavan's reminder of Hanuman's abilities directs attention toward capacity rather than wounded comparison. Ask for the selection criteria and one opportunity to show the relevant skill. Your anger can become a request for a fair, concrete assessment."
232,Angry,Disruption anger,A canceled train overturns a carefully arranged visit to your family.,Ramayana — Ayodhya Kanda,Rama faces the sudden change from coronation to exile while remaining concerned with duty and family relationships.,"You do not have to welcome the cancellation to respond effectively. Rama's changed circumstances invite reflection on holding purpose while adjusting plans. Check the confirmed alternatives, inform your family, and decide how much additional cost or delay you can accept. Leave the complaint process for after your immediate arrangements are secure."
233,Angry,Ownership anger,Your roommate uses your personal belongings without asking.,Yoga Sutras of Patanjali — asteya,"Asteya, non-stealing, is a Yogic ethical restraint; its modern applications can include respect for others' work and resources.",Asteya gives a straightforward ethical frame for respecting what belongs to someone else. Tell your roommate which items require permission and where the boundary stands. Agree on genuinely shared supplies separately. Your anger can guide a clear arrangement instead of building into repeated arguments over individual incidents.
234,Angry,Accountability anger,The treasurer of your club refuses to explain how shared funds were spent.,Ramayana — Ayodhya Kanda,"Bharata safeguards Rama's kingdom as a trust, placing Rama's sandals on the throne rather than claiming it for himself.","A shared responsibility deserves a clear account. Bharata's stewardship provides an image of authority held in trust. Request receipts and a transparent review through the club's agreed process. Keep the concern focused on records and accountability, giving facts time to establish what happened before making personal accusations."
235,Angry,Group frustration,A committee meeting keeps circling arguments because nobody agrees on the actual goal.,Rig Veda — hymn of concord,"The Rig Veda's hymn of concord calls people to assemble, speak together, and cultivate shared purpose.","The frustration may come from discussing solutions before defining the problem. The Rig Veda's hymn of concord can inspire a shared starting point. Ask everyone to state the outcome they want, then identify overlap. A short written goal can make disagreement more focused and the next decision more workable."
236,Angry,Service resentment,People assume you will volunteer for every event because you helped before.,Seva — traditional Hindu ethical teaching,"Seva is service offered with care and humility, without making personal recognition its central purpose.",A willing contribution can become burdensome when it turns into an expectation. Seva emphasizes care rather than an obligation to be endlessly available. State which event you can help with and what you cannot take on. A clear limit protects the quality and willingness of future service.
237,Angry,Obstacle irritation,A registration portal rejects your form without explaining which field is wrong.,Ganesha worship — traditional Hindu teaching,Ganesha is traditionally honored at beginnings and associated with wisdom and the removal of obstacles.,"An unclear obstacle can waste time and quickly raise irritation. Ganesha's association with obstacles can invite a deliberate restart. Save screenshots, check the required format one field at a time, and contact support with the exact error. Give the task a time limit before taking a break."
238,Angry,Waiting irritation,A long queue makes you increasingly angry even though the staff are working steadily.,Bhagavata Purana — the avadhuta's teachers,"The avadhuta, traditionally associated with Dattatreya, learns patience and forbearance by observing the earth.","The earth as the avadhuta's teacher offers an image of steadiness amid pressure. Check whether there is a realistic alternative, then give the waiting time a modest purpose, such as reading or planning. If the process is unfair, raise the specific issue. Avoid directing general frustration at someone doing their job."
239,Angry,Coercive teasing anger,Friends keep sharing your private photograph after you ask them to remove it.,Ramayana — Sundara Kanda,Sita refuses Ravana's demands and maintains her convictions while held in the Ashoka grove.,"Your request concerns your privacy, and it deserves a clear response. Sita's firmness offers symbolic support for holding a boundary under pressure. Ask for removal from each place it was shared, keep evidence if necessary, and use reporting tools or trusted support. You need not laugh along to remain acceptable."
240,Angry,Impulse frustration,You repeatedly interrupt a discussion because you feel others are getting the issue wrong.,Katha Upanishad,"The chariot metaphor describes the intellect as charioteer, the mind as reins, and the senses as horses needing thoughtful direction.","The Katha Upanishad's chariot image can invite you to guide the impulse rather than let it set the pace. Write your main objection, wait for a pause, and state it in one clear sentence. Listening through another person's point may reveal the exact disagreement and reduce the need to keep interrupting."
241,Angry,Delayed-reward anger,You feel angry that a long course has not immediately led to a better job.,Parvati's tapas — traditional Shaiva story,Traditional accounts describe Parvati's sustained spiritual discipline and determination in her devotion to Shiva.,"Parvati's sustained devotion can inspire commitment, while your employment plan still needs evidence and adjustment. Review which roles match the course, what practical experience is missing, and whom you can ask for feedback. Your effort matters, but it may need a different route to opportunity rather than more effort alone."
242,Angry,Possession resentment,You feel angry when a sibling receives a gift more expensive than yours.,Isha Upanishad,The opening teaching discourages coveting others' possessions and relates life in the world to a spirit of renunciation.,"The difference may feel like a measure of affection, though that meaning needs checking. The Isha Upanishad's non-coveting teaching invites separating an object's value from your relationship. Ask about the hurt directly if it persists. Comparing prices repeatedly may obscure the reassurance or fairness you actually need."
243,Angry,Values conflict,Your friends mock you for choosing an ethical option that costs more effort.,Katha Upanishad,Nachiketa chooses a deeper inquiry over Yama's tempting offers; the text distinguishes the good from the merely pleasant.,"It is frustrating when doing what matters to you becomes a target. Nachiketa's distinction between the good and the immediately attractive can help clarify your choice. Explain your reason once if useful, then stop debating for approval. Keep the boundary while leaving others responsible for their own decisions."
244,Angry,Shared-space anger,Housemates argue about noise because each person assumes their schedule should take priority.,Rig Veda — hymn of concord,"The Rig Veda's hymn of concord calls people to assemble, speak together, and cultivate shared purpose.","A shared home needs arrangements that people can actually follow. The Rig Veda's call to speak together can guide a meeting about noise: compare study, work, and sleep schedules, then define quiet hours and reasonable exceptions. Put the agreement somewhere accessible. Direct your frustration toward a workable rule rather than competing claims to priority."
245,Angry,Overload irritation,You become angry when a difficult task defeats every attempt to finish it alone.,Bhagavata Purana — Gajendra's prayer,Gajendra turns to divine help when his strength cannot free him from the crocodile; the story expresses dependence beyond personal power.,"The anger may be pointing to a task that needs more resources. Gajendra's prayer offers an image of recognizing personal limits. Describe the exact obstacle to someone with relevant experience and ask for targeted help. Accepting assistance can be an effective action, not a judgment against your effort."
246,Angry,Domestic resentment,You prepare meals regularly while other family members leave the cleaning to you.,Annapurna tradition — Hindu devotional teaching,"Annapurna is revered as the giver of nourishment, drawing devotional attention to food, generosity, and care.","Nourishment is care, and the labor around it deserves care too. Annapurna's tradition can prompt respect for this everyday contribution. Ask for named responsibilities for shopping, cooking, and cleaning. Sharing the work can keep feeding one another from becoming a source of silent anger."
247,Angry,Workplace indignation,A team member repeatedly speaks over women during planning meetings.,Devi Mahatmya — Markandeya Purana,"The gods' combined radiance manifests as the Goddess, who receives their weapons and confronts Mahishasura.","The Devi Mahatmya presents the Goddess as a powerful agent, offering a counterpoint to dismissing women's voices. Address the meeting behavior directly: return the floor to the interrupted speaker and propose equal speaking time. Listen to affected colleagues about what support they want rather than deciding on their behalf."
248,Angry,Transactional anger,An acquaintance becomes friendly only after learning that you have useful professional contacts.,Bhagavata Purana — Krishna and Sudama,Krishna welcomes his old friend Sudama warmly despite the difference in their material circumstances.,"Krishna receives Sudama with personal warmth, offering a devotional contrast to treating people mainly as useful connections. Ask the acquaintance what they are seeking and decide which introductions you can responsibly offer. Other people's contact details remain private unless they agree. Courtesy does not commit you to opening every professional door."
249,Angry,Blocked-goal anger,A presentation fails because the venue has no compatible projector connection.,Ramayana — Sundara Kanda,"Hanuman meets Surasa's challenge by changing size and using ingenuity, rather than relying only on strength.","What is the simplest way to convey your main point now? Hanuman's response to Surasa values adaptation, and that question can redirect the frustration. Use a verbal outline, share a document, or show a small demonstration. Address the equipment planning afterward, when the immediate presentation no longer depends on it."
250,Angry,Family irritation,An elderly relative repeats a question and you feel yourself losing patience.,Brihadaranyaka Upanishad,"Prajapati's teaching of the three 'da' calls for self-restraint, generosity, and compassion.","The three 'da' teachings place restraint and compassion together. Pause before answering, check whether the explanation was clear, and use a written reminder if appropriate. You can be tired and still choose a gentler response. If the responsibility is becoming too much, ask someone else to share it."
251,Angry,Prejudice anger,A housing group dismisses an applicant because they come from a different region.,Ramayana — Yuddha Kanda,"Rama accepts Vibhishana when he seeks refuge, despite the suspicion expressed by others.","Rama's reception of Vibhishana invites reflection on judging a person beyond group suspicion. Ask the group to use fair, relevant criteria and challenge the regional stereotype directly but calmly. Support the applicant's choices about next steps. Your intervention should improve their options rather than turn them into a symbol in an argument."
252,Angry,Performance anger,An algorithm change reduces attention to work you published carefully.,Bhagavad Gita — teaching on action,Krishna teaches Arjuna to attend to responsible action without claiming complete control over its fruits.,"You can influence the quality and distribution of your work without controlling a platform's response. That distinction echoes Krishna's teaching to Arjuna about action and results. Review available data at a chosen time, test one sensible change, and protect time for creating. Repeated checking rarely gives back the control you want."
253,Angry,Suspicion,Conflicting messages about an exam date make you angry with your classmates.,Ramayana — Sundara Kanda,Hanuman gives Sita Rama's ring as a recognizable sign that his message can be trusted.,"Hanuman reassures Sita through a recognizable token rather than an unsupported claim. Apply that concern for trustworthy information here: check the official notice and share it with the group. If someone made an honest mistake, correct it plainly. Save your energy for preparation once the uncertainty is resolved."
254,Angry,Practice frustration,Your musical instrument sounds worse on a difficult practice day.,Yoga Sutras of Patanjali — abhyasa,Abhyasa is sustained practice; steadiness develops through continuing effort over time.,"A rough session can feel like losing progress, especially when you care about the skill. Abhyasa concerns steadiness over time. Slow the passage, shorten the session, and note one technical question for your teacher. Continuing wisely can include stopping before frustration turns practice into punishment."
255,Angry,Aggressive impulse,You feel like throwing your notebook after repeatedly getting the same problem wrong.,Yoga Sutras of Patanjali — ahimsa,"Ahimsa, non-harming, is one of the ethical restraints in Yoga philosophy.","The frustration needs an outlet that does not damage you or your surroundings. Ahimsa offers a clear pause before acting on that impulse. Put the notebook down, step away briefly, and return to one smaller step with help if needed. The problem can wait until you can approach it safely."
256,Angry,Silenced anger,A group leader dismisses your question by saying juniors should not challenge decisions.,Brihadaranyaka Upanishad,Gargi questions Yajnavalkya about the foundations of existence in a learned assembly.,"Your question deserves attention based on its substance. Gargi's participation in a learned assembly offers an image of serious inquiry. Restate the practical issue briefly and ask how concerns should be raised. If that route remains closed, document the problem and seek an appropriate alternative channel."
257,Angry,Class-based anger,A friend repeatedly chooses outings you cannot afford and calls your concerns stingy.,Bhagavata Purana — Krishna and Sudama,Krishna welcomes his old friend Sudama warmly despite the difference in their material circumstances.,"Their response overlooks a real boundary. Krishna's welcome to Sudama offers a reflection on friendship beyond financial position. State the budget you can manage and suggest an alternative. If they continue to belittle you, consider whether spending time together currently offers the respect a friendship needs."
258,Angry,Righteous irritation,You want to expose a classmate's mistake with a sarcastic comment in the group chat.,Bhagavad Gita — discipline of speech,"The Gita describes disciplined speech as truthful, beneficial, and considerate rather than needlessly distressing.","A correction can be necessary while sarcasm adds unnecessary injury. The Gita's teaching on beneficial, truthful speech offers a useful filter. State the correct information and explain its importance without making the person the joke. If the mistake is sensitive, a private message may achieve more than a public performance."
259,Angry,Boundary anger,A partner keeps pressuring you after you have clearly said no to a request.,Ramayana — Sundara Kanda,Sita refuses Ravana's demands and maintains her convictions while held in the Ashoka grove.,"Repeated pressure can be a signal that your boundary needs protection. Sita's firmness can offer symbolic support for your right to hold a conviction. Restate your refusal plainly, leave the conversation if pressure continues, and seek trusted support. Affection does not obligate you to surrender consent or comfort."
260,Angry,Conflict anger,An argument in your project group is becoming personal and hostile.,Mahabharata — Udyoga Parva,"Krishna undertakes a peace mission before the war, showing the value of a sincere attempt at dialogue.","The discussion may need a pause before it can produce anything useful. Krishna's peace mission illustrates the value of deliberate dialogue. Suggest returning to the specific decision, letting each person speak briefly, and recording points of agreement. If insults continue, involve a neutral coordinator rather than escalating them."
261,Angry,Retaliatory anger,You want to embarrass someone publicly after they insulted you online.,Yoga Sutras of Patanjali — ahimsa,"Ahimsa, non-harming, is one of the ethical restraints in Yoga philosophy.","Ahimsa asks what your next action will add to the situation. Save evidence, block or report abuse where appropriate, and choose whether a brief factual response serves you. Public retaliation may extend the harm and exposure. Your dignity can be protected without recreating the treatment that upset you."
262,Angry,Impatience,A confusing instruction sheet makes you want to abandon an application midway.,Mahabharata — Vana Parva,Yudhishthira pauses to answer the Yaksha's questions instead of ignoring the warning at the lake.,The frustration is understandable when instructions seem to create obstacles. Yudhishthira's pause at the Yaksha's lake suggests slowing down at a consequential point. Mark the exact item that is unclear and contact the appropriate help desk. Solve that question before deciding whether the whole application is unmanageable.
263,Angry,Lingering resentment,A critical review keeps intruding while you try to enjoy a family outing.,Bhagavad Gita — returning a wandering mind,Krishna advises bringing the wandering mind back repeatedly during the practice of meditation.,"The review has a place to be considered, but it need not occupy every moment. Krishna's guidance about bringing attention back can support noticing the intrusion and returning to the person speaking. Set a later time to review actionable feedback. For now, let one shared activity receive your attention."
264,Angry,Fairness frustration,Someone repeatedly takes your reserved study seat and leaves your books on the floor.,Yoga Sutras of Patanjali — asteya,"Asteya, non-stealing, is a Yogic ethical restraint; its modern applications can include respect for others' work and resources.","Respect for another person's belongings and agreed access fits the spirit of asteya. Clarify the library's actual seat policy, then address the handling of your books directly. If the behavior continues, involve staff. A fair rule and safe storage will help more than a personal contest over the desk."
265,Angry,Self-reproach,You become angry with yourself for repeating a procrastination pattern.,Yoga Sutras of Patanjali — svadhyaya,Svadhyaya involves sacred study and recitation; reflective engagement with one's conduct is a common contemporary application.,"Self-anger may identify a pattern without explaining it. The reflective spirit of svadhyaya invites looking closely at conduct. Ask what happened immediately before you avoided the task and remove one obstacle. Begin with ten workable minutes, treating the pattern as something to understand and change rather than a character verdict."
266,Angry,Debate anger,Someone misrepresents your question during a classroom discussion.,Brihadaranyaka Upanishad,Gargi questions Yajnavalkya about the foundations of existence in a learned assembly.,"Gargi's serious inquiry can inspire precision in how a question is heard. Calmly restate the point you were asking and distinguish it from the position attributed to you. If needed, ask the teacher to moderate. You can protect the meaning of your words without chasing every provocative interpretation."
267,Angry,Credit resentment,Your manager takes sole credit for a successful team launch.,Kena Upanishad,"Uma reveals to Indra that the gods' victory depended on Brahman, correcting their assumption of independent power.",It is reasonable to want a truthful account of shared work. Uma's correction of the gods' pride offers a reflection on the support behind victory. Send a factual summary that acknowledges all contributors and request proper recognition. You can advocate for credit without minimizing anyone else's legitimate role.
268,Angry,Resentment,Your college changes an important deadline with very little notice.,Ramayana — Ayodhya Kanda,Rama faces the sudden change from coronation to exile while remaining concerned with duty and family relationships.,"A sudden change can feel unfair when you planned responsibly. Rama's disrupted expectations offer a reflection on responding to circumstances without losing sight of duty. Confirm the notice, explain its practical impact, and request a reasonable extension. Then make a provisional plan around the information you actually have."
269,Angry,Neighborhood anger,A dispute over parking leads you and a neighbor to trade accusations.,Mahabharata — Udyoga Parva,"Krishna undertakes a peace mission before the war, showing the value of a sincere attempt at dialogue.","Pause the exchange before deciding who deserves the last word. Krishna's peace effort can inspire returning to the concrete issue with a proposed arrangement. Compare the available spaces and relevant building rules, perhaps with a neutral representative. The goal is a workable parking practice you can both live with."
270,Angry,Food-waste anger,Guests waste large amounts of food after you spent hours preparing it.,Annapurna tradition — Hindu devotional teaching,"Annapurna is revered as the giver of nourishment, drawing devotional attention to food, generosity, and care.","Annapurna's tradition gives nourishment a place of reverence and care. Your frustration can become a practical change: offer smaller first portions, invite seconds, and arrange safe handling of leftovers. Discuss the waste without shaming individual appetites. The labor and resources involved deserve thoughtful planning next time."
271,Angry,Arrogance irritation,A successful colleague repeatedly claims they never needed help from anyone.,Kena Upanishad,"Uma reveals to Indra that the gods' victory depended on Brahman, correcting their assumption of independent power.",You may be reacting to the erasure of shared effort. Uma's teaching in the Kena Upanishad challenges exclusive ownership of victory. Acknowledge the colleague's real skill while naming the team's contributions factually. Decide which correction matters to the work and which boast can be allowed to pass without further engagement.
272,Angry,Pattern frustration,You notice that you become argumentative whenever you receive feedback from one particular person.,Yoga Sutras of Patanjali — svadhyaya,Svadhyaya involves sacred study and recitation; reflective engagement with one's conduct is a common contemporary application.,That pattern deserves curiosity as well as honesty. The reflective application of svadhyaya can help you separate the feedback's content from the history of the relationship. Write down what triggered the reaction and ask for feedback in a clearer format. You can address the tone and still examine any useful point.
273,Angry,Envious anger,A peer receives praise for work you think is less impressive than yours.,Yoga Sutras of Patanjali — four attitudes,"Patanjali describes friendliness, compassion, appreciative joy, and equanimity as attitudes that support clarity of mind.","The praise may feel threatening when you want recognition yourself. Patanjali's appreciative joy and equanimity offer a different way to meet the moment. Separate their feedback from your need, and ask your supervisor for specific feedback on your work. You can advocate for yourself without attacking their success."
274,Angry,Overwork resentment,You are angry that every weekend becomes a chance to catch up on unfinished work.,Bhagavad Gita — moderation in daily life,"The Gita recommends moderation in eating, recreation, effort, and sleep as part of disciplined living.","The Gita's moderation teaching makes room for recreation as part of disciplined life. Look at why the week repeatedly overflows and ask what can be reduced, delegated, or delayed. Protect one genuine off-duty period. Your anger may be identifying an unsustainable arrangement rather than a failure of personal discipline."
275,Angry,Mistrust,A friend forwards an alarming claim about you without checking whether it is true.,Ramayana — Sundara Kanda,Hanuman gives Sita Rama's ring as a recognizable sign that his message can be trusted.,It makes sense to be angry about an unverified claim spreading. Hanuman's recognizable token to Sita highlights the importance of trustworthy communication. Ask your friend to verify the facts and correct the message with the same audience. Keep your response focused on the claim and the repair needed.
276,Angry,Protective frustration,You absorb complaints from both sides of a dispute until you start snapping at everyone.,Bhagavata Purana — churning of the ocean,"Shiva intervenes when the churning releases dangerous poison, an episode traditionally understood as compassionate protection of living beings.","Shiva's protection during the churning can symbolize preventing harm, but it does not ask you to become an unlimited container for conflict. Tell each person what you can listen to and when. Encourage direct or mediated discussion, and step back before your own frustration begins spreading the argument further."
277,Angry,Emotional invisibility,"People assume you are fine because you stay quiet, and their assumption makes you angry.",Chandogya Upanishad,"Uddalaka teaches Shvetaketu using salt dissolved in water, illustrating an underlying reality that is not directly visible.",Your outward quiet may not reveal what you are carrying. The salt-water illustration in the Chandogya Upanishad can prompt respect for what is not immediately visible. Tell one trusted person explicitly what has been difficult and what response would help. You should not have to become louder to make every need legible.
278,Angry,Giving resentment,Someone complains that your financial gift was smaller than they expected.,Dana — traditional Hindu ethical teaching,Dana is generosity; traditional Hindu teaching values giving with respect and consideration for the recipient.,That reaction can make a generous act feel judged. Dana values respectful giving within real circumstances. You can say that the amount was what you could offer and avoid explaining your entire finances. Consider future boundaries if the relationship repeatedly treats gifts as obligations or tests of affection.
279,Angry,Academic indignation,A tutor gives you answers to memorize but refuses to explain the reasoning.,Taittiriya Upanishad,"The teacher's parting instruction connects truthfulness, responsible conduct, and continued study with life beyond formal education.","Feeling blocked from understanding can be frustrating. The Taittiriya Upanishad's commitment to continued learning invites a more active approach. Ask for one worked explanation and identify another reliable learning resource if needed. Make your study goal clear: being able to reason through a problem, not only reproduce an answer."
280,Angry,Short-temperedness,You snap at small inconveniences after skipping meals and sleeping poorly during exams.,Bhagavad Gita — moderation in daily life,"The Gita recommends moderation in eating, recreation, effort, and sleep as part of disciplined living.","Your irritation may be arriving in a routine that offers little support. The Gita includes food, rest, and recreation in disciplined living. Pause the argument, meet your immediate basic needs, and return to the issue later. A demanding exam period still needs a schedule that is physically workable."
281,Angry,Comparison anger,Seeing peers buy expensive devices makes you resent your own financial limits.,Isha Upanishad,The opening teaching discourages coveting others' possessions and relates life in the world to a spirit of renunciation.,Comparison can turn a practical limitation into a personal insult. The Isha Upanishad's non-coveting principle invites examining that pull. Identify what your current device cannot do and what is merely appealing. A plan based on genuine needs can use your energy more constructively than repeated comparison.
282,Angry,Protective indignation,Your team is pressured to accept an unsafe workload without discussion.,Devi Mahatmya — Markandeya Purana,"The gods' combined radiance manifests as the Goddess, who receives their weapons and confronts Mahishasura.","Shared pressure is best addressed with shared information. Durga's manifestation through gathered energies can symbolize collective strength. Record the workload and its practical limits, then raise a coordinated request for priorities and resources. Support one another while using appropriate workplace channels rather than leaving one person to confront everything alone."
283,Angry,Abandonment anger,A travel companion leaves you to manage a shared booking problem alone.,Mahabharata — Mahaprasthanika Parva,Yudhishthira refuses to abandon the dog that has accompanied him on his final journey.,"You expected partnership, and the burden shifted without agreement. Yudhishthira's refusal to abandon his companion offers a reflection on reliability. Handle the urgent booking safely, then discuss the shared cost and effort. Before traveling together again, decide whether clearer responsibilities would be enough to rebuild trust."
284,Angry,Hospitality resentment,Visitors repeatedly arrive without notice and expect you to provide meals.,Ramayana — Aranya Kanda,"Shabari welcomes Rama with sincere hospitality, and Rama receives her offerings with respect.",Welcoming others should still leave room for your own household's needs. Shabari's sincere hospitality can be appreciated without treating it as a rule of unlimited availability. Ask visitors to call ahead and explain what notice you need. A smaller welcome offered freely can be more sustainable than resentful obligation.
285,Angry,Chronic irritation,You become annoyed when every outing is less perfect than the photographs you imagined.,Yoga Sutras of Patanjali — santosha,"Santosha, contentment, is a Yogic observance concerned with freedom from perpetual dissatisfaction.","Santosha invites contact with the actual occasion before comparing it with an ideal. Choose one experience to enjoy directly and put the camera away briefly. If something needs changing, make one practical adjustment. The outing can contain inconvenience and still offer a worthwhile moment with the people present."
286,Angry,Helpless anger,A complicated repair makes you furious because you cannot figure it out yourself.,Bhagavata Purana — Gajendra's prayer,Gajendra turns to divine help when his strength cannot free him from the crocodile; the story expresses dependence beyond personal power.,"Gajendra's story gives spiritual expression to the limits of individual strength. Stop before frustration leads to damage or injury, and ask a qualified person to assess the repair. Describe what you have already tried. Getting the right help can be the most capable response available in this situation."
287,Angry,Professional resentment,A client ignores your expert advice and later demands unpaid repairs to the resulting problem.,Mahabharata — Udyoga Parva,"Vidura offers honest counsel to Dhritarashtra, including advice that the king finds uncomfortable.","Vidura's story recognizes how difficult it can be to offer counsel that others resist. Review the agreed scope and the advice you documented, then explain the repair options and costs. Your frustration does not require a hostile reply. Clear professional terms can protect both the work and the conversation."
288,Angry,Possessive anger,You become irritated whenever a close friend spends time with another group.,Yoga Sutras of Patanjali — aparigraha,"Aparigraha is non-possessiveness or non-grasping, encouraging examination of excessive attachment to acquisition.","The irritation may be touching a fear about your place in the friendship. Aparigraha invites reflection on holding relationships without trying to possess them. Ask for time together directly, and leave room for your friend's other connections. A dependable friendship can include separate interests and social circles."
289,Angry,Revenge-minded resentment,You imagine becoming successful mainly so a former partner will regret leaving.,Bhagavata Purana — Dhruva's story,"After painful rejection, Dhruva receives Narada's guidance and undertakes focused devotion; his story includes a change in what he values.",The anger gives the imagined audience a large place in your future. Dhruva's changing priorities offer a reflection on moving beyond the desire that first drove effort. Name a goal that would improve your life even if your former partner never heard about it. Build toward that more independent reason.
290,Angry,Control frustration,You are angry that a sibling will not organize their life according to your advice.,Yoga Sutras of Patanjali — aparigraha,"Aparigraha is non-possessiveness or non-grasping, encouraging examination of excessive attachment to acquisition.","Aparigraha can prompt reflection on holding care without holding control. Ask whether your sibling wants advice, and offer it only within that agreement. Their choices may still frustrate you, but responsibility for living them is theirs. Reserve firmer boundaries for decisions that directly affect your own time, resources, or safety."
291,Angry,Offended anger,A guest criticizes your modest home in front of other visitors.,Ramayana — Aranya Kanda,"Shabari welcomes Rama with sincere hospitality, and Rama receives her offerings with respect.",The comment crossed a line between visiting and judging. Shabari's hospitality honors sincerity rather than display. You can state that the remark was hurtful and redirect the conversation without defending your finances. Decide afterward whether this person can be welcomed again under clearer expectations of respect.
292,Angry,Creative anger,Someone ridicules your singing while you are still learning.,Saraswati worship — traditional Hindu teaching,"Saraswati is revered in Hindu tradition as a goddess of learning, speech, music, and the arts.",Mockery can make a vulnerable learning moment feel unsafe. Saraswati's association with music and learning invites respect for the practice itself. Ask for constructive feedback or end the exchange. Choose a setting where you can work on one skill without being made to defend your right to learn.
293,Angry,Unrecognized resentment,Your family notices mistakes but rarely acknowledges the daily help you provide.,Chandogya Upanishad,"Uddalaka teaches Shvetaketu using salt dissolved in water, illustrating an underlying reality that is not directly visible.",The imbalance can make ordinary tasks feel heavy with resentment. Uddalaka's salt-water image can prompt reflection on contributions that are present but unseen. Name the work clearly and request a fair division of duties. Being quietly useful does not require remaining permanently invisible.
294,Angry,Learning resentment,Your employer expects you to master a new system without time or training.,Taittiriya Upanishad,"The teacher's parting instruction connects truthfulness, responsible conduct, and continued study with life beyond formal education.","Continued learning, valued in the Taittiriya Upanishad, still requires workable conditions. List the specific training, access, and practice time the system demands, then ask your manager to prioritize them. Your frustration can become a concrete resource request. Avoid agreeing to an unrealistic deadline simply to appear capable."
295,Angry,Rejection resentment,You want to spend all your energy proving wrong a club that rejected you.,Bhagavata Purana — Dhruva's story,"After painful rejection, Dhruva receives Narada's guidance and undertakes focused devotion; his story includes a change in what he values.",Rejection can make their judgment feel like the center of your life. Dhruva's story includes a movement beyond the reward that first motivated him. Ask what skill or experience you actually want to develop now. Choose a goal that remains valuable even if those people never notice it.
296,Angry,Unfair-labor anger,A community organizer repeatedly gives you unpleasant tasks while taking the visible role.,Seva — traditional Hindu ethical teaching,"Seva is service offered with care and humility, without making personal recognition its central purpose.","Seva does not remove the need for fairness in how work is shared. Ask to review responsibilities and explain which tasks you can continue. You can value the community's purpose while declining an arrangement that breeds resentment. A sustainable contribution should leave room for dignity, choice, and reasonable recognition."
297,Angry,Process resentment,Your scholarship application remains unresolved despite several documented follow-ups.,Descent of Ganga — traditional Hindu story,"Bhagiratha perseveres in bringing Ganga to earth, and Shiva receives her powerful descent in his matted hair.","Bhagiratha's persistence offers a reflection on sustained purpose, but your next step should add information rather than repeat the same request. Ask for a reference number, responsible contact, and expected decision date. Keep copies and use an available escalation route. Plan other funding options while the process continues."
298,Angry,Everyday irritation,Constant construction noise makes you angry while working from home.,Bhagavata Purana — the avadhuta's teachers,"The avadhuta, traditionally associated with Dattatreya, learns patience and forbearance by observing the earth.","Persistent noise can wear down patience without being something you can immediately control. The avadhuta's learning from the earth can inspire steadiness alongside practical action. Check permitted work hours, arrange quieter work periods where possible, and raise a factual complaint if needed. Patience need not mean giving up every remedy."
299,Angry,Restless irritation,Minor flaws in your room keep making you angry even after several improvements.,Yoga Sutras of Patanjali — santosha,"Santosha, contentment, is a Yogic observance concerned with freedom from perpetual dissatisfaction.",The next flaw can quickly replace satisfaction with the last repair. Santosha invites noticing when improvement has become endless dissatisfaction. Decide which problem actually affects daily use and which can wait. Spend some time in the room doing something you enjoy before creating another list of changes.
300,Angry,Impulsive anger,A reckless driver cuts across your lane and you want to chase them.,Katha Upanishad,"The chariot metaphor describes the intellect as charioteer, the mind as reins, and the senses as horses needing thoughtful direction.","The sudden danger can produce a strong rush of anger. The Katha Upanishad's chariot metaphor emphasizes thoughtful direction when the senses are pulled strongly. Keep distance, focus on safe driving, and stop somewhere safe if you need to settle. Pursuing the driver would add danger to an already upsetting moment."
301,Fear,Self-doubt,You fear freezing during your first technical interview despite knowing the material.,Ramayana — Kishkindha Kanda,Jambavan reminds Hanuman of his capabilities before the search for Sita continues across the ocean.,"Jambavan's encouragement helps Hanuman recognize capacity before a daunting task. Give yourself a similar reminder by reviewing two problems you can explain well, then practice one aloud. Prepare a sentence for requesting thinking time. Nervousness can accompany preparation without being proof that your knowledge will disappear."
302,Fear,Fear of losing control,You become anxious when friends make plans without consulting you first.,Yoga Sutras of Patanjali — aparigraha,"Aparigraha is non-possessiveness or non-grasping, encouraging examination of excessive attachment to acquisition.","Aparigraha can prompt reflection on the difference between wanting inclusion and needing control. Ask to be informed about plans that involve you, while leaving others free to arrange their own time. Make one plan you would enjoy independently. Belonging can include both shared decisions and separate activities."
303,Fear,Truth-related fear,You are worried about telling your team that you cannot meet an agreed deadline.,Yoga Sutras of Patanjali — satya,"Satya, truthfulness, is a foundational ethical restraint in Yoga philosophy.","Truthfulness can help the team respond while there is still time. Satya invites a clear update: what is finished, what remains, and what help or revised timing is needed. Avoid promises made only to escape the conversation. An early, accurate message gives everyone more options than continued silence."
304,Fear,Conversation anxiety,You need to tell a colleague their work contains an important error.,Bhagavad Gita — discipline of speech,"The Gita describes disciplined speech as truthful, beneficial, and considerate rather than needlessly distressing.","Truth can be communicated without turning the exchange into a judgment of the person. The Gita's discipline of speech brings accuracy together with usefulness and consideration. Prepare the specific example, explain its consequence, and invite a correction. A private conversation may give both of you more room to respond thoughtfully."
305,Fear,Deadline anxiety,You fear falling behind if you stop studying long enough to rest.,Bhagavad Gita — moderation in daily life,"The Gita recommends moderation in eating, recreation, effort, and sleep as part of disciplined living.","The Gita's teaching on moderation places rest within discipline rather than outside it. Plan a realistic stopping time and decide what you will study when you return. If anxiety repeatedly prevents sleep or normal functioning, consider professional support. Spiritual reflection can accompany help without replacing it."
306,Fear,Academic uncertainty,You fear your research question has no clear answer and your project will fail.,Brihadaranyaka Upanishad,Gargi questions Yajnavalkya about the foundations of existence in a learned assembly.,"Gargi's inquiry belongs to a tradition willing to examine difficult foundations. Discuss the scope with your supervisor and define what a useful investigation could establish, even if the answer remains qualified. A project can contribute through a careful question, sound method, and honest limits rather than a dramatic conclusion."
307,Fear,Honesty anxiety,You are scared to correct an inaccurate claim you made during a meeting.,Yoga Sutras of Patanjali — satya,"Satya, truthfulness, is a foundational ethical restraint in Yoga philosophy.",Satya gives a clear reason to make the correction before the error spreads. Send a concise update with the accurate information and acknowledge the mistake plainly. You do not need a long self-defense. Taking responsibility now is often more useful than continuing to protect the appearance of certainty.
308,Fear,Questioning anxiety,You want to ask a guest lecturer a question but worry it will sound foolish.,Brihadaranyaka Upanishad,Gargi questions Yajnavalkya about the foundations of existence in a learned assembly.,Gargi's place in a learned assembly can inspire taking inquiry seriously. Write the question in one sentence and check what you genuinely want to understand. Asking briefly and respectfully is enough. The lecturer's response may teach you something even if the question needs clarification or has no simple answer.
309,Fear,Recipient anxiety,You worry that people will judge you for accepting a scholarship intended for financial need.,Dana — traditional Hindu ethical teaching,Dana is generosity; traditional Hindu teaching values giving with respect and consideration for the recipient.,"Dana ideally preserves the recipient's dignity, and a scholarship exists to support eligible learners. Follow the institution's criteria honestly and accept the opportunity if you qualify. You do not owe classmates private financial details. Using support responsibly can mean giving your studies the time and resources they need."
310,Fear,Boundary fear,You are afraid a friend will become angry if you decline an uncomfortable request.,Ramayana — Sundara Kanda,Sita refuses Ravana's demands and maintains her convictions while held in the Ashoka grove.,"Your hesitation may reflect how much the friendship matters or how they have responded before. Sita's firmness can symbolize staying connected to a boundary under pressure. Prepare a short refusal and choose a setting where you feel secure. If anger becomes threatening, seek support and prioritize your safety."
311,Fear,Change anxiety,An unexpected move to another city makes you afraid of losing your familiar routines.,Ramayana — Ayodhya Kanda,Rama faces the sudden change from coronation to exile while remaining concerned with duty and family relationships.,Rama's changed circumstances can offer a reflection on carrying values into an unfamiliar setting. Choose two routines you can preserve after the move and learn one practical detail about the new neighborhood. You do not need to feel ready for every aspect of the change before arranging the first week.
312,Fear,Transition apprehension,You are frightened that college has not prepared you for your first job.,Taittiriya Upanishad,"The teacher's parting instruction connects truthfulness, responsible conduct, and continued study with life beyond formal education.","The Taittiriya Upanishad's farewell teaching includes continued study beyond formal education. Starting work can therefore be approached as another learning setting. Ask about onboarding, expected first tasks, and where to seek help. You do not need to arrive knowing every system in order to begin responsibly."
313,Fear,Hosting anxiety,You worry that relatives will judge the first meal you prepare for a large gathering.,Ramayana — Aranya Kanda,"Shabari welcomes Rama with sincere hospitality, and Rama receives her offerings with respect.",Choose a few dishes you know and ask for help with serving. Shabari's hospitality offers a reflection on the sincerity of welcome. You can make guests comfortable without making the meal a test of your worth. Allow practical support and leave yourself enough time to join the gathering too.
314,Fear,Attachment anxiety,You feel afraid whenever a partner needs time alone.,Yoga Sutras of Patanjali — aparigraha,"Aparigraha is non-possessiveness or non-grasping, encouraging examination of excessive attachment to acquisition.",Aparigraha invites care without trying to hold another person constantly within reach. Ask what time alone means to your partner and agree on a reasonable way to reconnect. Use the interval for your own activity or support. Closeness can be strengthened by clarity rather than repeated checking.
315,Fear,Missing-out anxiety,You fear falling behind socially because you cannot buy what your friends have.,Isha Upanishad,The opening teaching discourages coveting others' possessions and relates life in the world to a spirit of renunciation.,The Isha Upanishad's non-coveting teaching invites examining how possessions become measures of belonging. Suggest an activity that does not depend on buying anything and notice who values the time together. Consider purchases according to your actual needs and means. Friendship should have room for different financial circumstances.
316,Fear,Long-process anxiety,A multi-stage admission process makes you afraid that you will miss an essential step.,Descent of Ganga — traditional Hindu story,"Bhagiratha perseveres in bringing Ganga to earth, and Shiva receives her powerful descent in his matted hair.","Bhagiratha's sustained effort can symbolize attention across a long undertaking. Put the actual stages and deadlines into one checklist, keep copies of submissions, and verify uncertain requirements with the institution. Review at planned intervals. A clear process can support your next action without requiring constant worry about every later stage."
317,Fear,Rejection anxiety,You want to join a new group but fear being dismissed as an outsider.,Ramayana — Yuddha Kanda,"Rama accepts Vibhishana when he seeks refuge, despite the suspicion expressed by others.","Rama's acceptance of Vibhishana offers an image of welcome across an apparent divide. You cannot know the group's response in advance, but you can make a small introduction and ask about one activity. Look for how people actually respond rather than requiring yourself to secure belonging all at once."
318,Fear,Result anxiety,You keep imagining that one exam result will decide your whole future.,Bhagavad Gita — teaching on action,Krishna teaches Arjuna to attend to responsible action without claiming complete control over its fruits.,"The result matters, but it is not the only action or opportunity in your life. Krishna's guidance to Arjuna can help separate effort from complete control of outcomes. Focus on the next revision task and note the options available afterward. Broader possibilities can coexist with taking this exam seriously."
319,Fear,Professional uncertainty,You are afraid of asking basic questions during your first week at work.,Taittiriya Upanishad,"The teacher's parting instruction connects truthfulness, responsible conduct, and continued study with life beyond formal education.","Continued study in the Taittiriya Upanishad extends learning beyond graduation. Keep a short question list, check available documentation, and ask a colleague at an appropriate time. Distinguish what must be clarified before acting from what you can explore later. Responsible learning includes preventing avoidable mistakes through timely questions."
320,Fear,Service anxiety,You want to volunteer but fear you will be unhelpful or make mistakes.,Seva — traditional Hindu ethical teaching,"Seva is service offered with care and humility, without making personal recognition its central purpose.","Seva begins with attention to actual needs rather than a demand to be immediately expert. Ask the coordinator for a suitable beginner task, clear instructions, and a person to consult. A modest, dependable contribution is valuable. You can learn through service while respecting the limits of your experience."
321,Fear,Social nervousness,You are anxious about inviting classmates to your home because it is very simple.,Ramayana — Aranya Kanda,"Shabari welcomes Rama with sincere hospitality, and Rama receives her offerings with respect.","Shabari's welcome to Rama centers sincere hospitality rather than display. Plan a comfortable, modest visit with what you can reasonably offer. You can explain any practical limitations without apologizing for your home. The purpose is time together, and you may choose guests who approach that time with respect."
322,Fear,Fear of beginning again,A previous small business failed and you are anxious about trying a new idea.,Ganesha worship — traditional Hindu teaching,Ganesha is traditionally honored at beginnings and associated with wisdom and the removal of obstacles.,"Ganesha's association with beginnings can accompany a careful restart without promising success. Identify what failed previously, test the new idea on a manageable scale, and set limits on time and resources. You can take the past seriously while still allowing a different, better-informed attempt to be considered."
323,Fear,Powerlessness fear,You must raise a concern with a large institution and feel intimidated.,Devi Mahatmya — Markandeya Purana,"The gods' combined radiance manifests as the Goddess, who receives their weapons and confronts Mahishasura.","Durga's manifestation through combined energies can inspire gathering support before acting. Find a trusted adviser, relevant documents, and the correct contact route. Break the process into one inquiry at a time. You do not need to imitate a heroic confrontation; practical preparation and shared knowledge can support your voice."
324,Fear,Fear of dependence,You need help learning a new skill but worry you will become dependent on your tutor.,Bhagavata Purana — Gajendra's prayer,Gajendra turns to divine help when his strength cannot free him from the crocodile; the story expresses dependence beyond personal power.,Gajendra's story can remind you that seeking help and possessing strength are compatible. Agree with your tutor on what you will practice independently and when you will review difficulties. Support can be structured to build capability. You do not have to choose between doing everything alone and never working independently.
325,Fear,Help-seeking anxiety,You fear that asking a counselor for support will make you seem weak.,Bhagavata Purana — Gajendra's prayer,Gajendra turns to divine help when his strength cannot free him from the crocodile; the story expresses dependence beyond personal power.,Gajendra's prayer can be read as acknowledging that personal strength has limits. Seeking counseling is a practical way to obtain support when you need it. You might begin by asking about the process and confidentiality. Any spiritual practice that comforts you can sit alongside professional care without replacing it.
326,Fear,Beginner anxiety,You feel nervous entering a swimming class where others seem more experienced.,Yoga Sutras of Patanjali — abhyasa,Abhyasa is sustained practice; steadiness develops through continuing effort over time.,"Abhyasa places value on a process of practice rather than immediate mastery. Tell the instructor your actual experience and follow their safety guidance. Focus on the first skill they assign, without comparing lanes. A beginner's task is to learn within suitable support, not to perform as if the learning is complete."
327,Fear,Worry during waiting,You cannot focus on anything while waiting for an interview result.,Bhagavad Gita — returning a wandering mind,Krishna advises bringing the wandering mind back repeatedly during the practice of meditation.,"Waiting leaves little new information to act on. Krishna's guidance about repeatedly returning attention can support a simple boundary: choose times to check messages and a task between them. When the result comes to mind, acknowledge it and return. You can care about the outcome without keeping the whole day suspended."
328,Fear,Stage fright,You are frightened about performing a song in front of your classmates.,Saraswati worship — traditional Hindu teaching,"Saraswati is revered in Hindu tradition as a goddess of learning, speech, music, and the arts.","Saraswati's association with music can invite attention back to the craft and the experience you want to share. Rehearse the opening, arrange a supportive accompanist if needed, and practice recovering from one small error. Your aim can be an honest performance rather than an audience that notices nothing imperfect."
329,Fear,Conflict dread,You need to discuss a disagreement with a roommate and expect a confrontation.,Mahabharata — Udyoga Parva,"Krishna undertakes a peace mission before the war, showing the value of a sincere attempt at dialogue.","Krishna's peace mission can inspire entering a difficult conversation with a clear purpose. Choose a calm time, describe one specific problem, and ask for their view before proposing an arrangement. If either of you becomes hostile, pause. Preparing for dialogue includes knowing when the conversation needs a different setting."
330,Fear,Fear of asserting yourself,You feel nervous telling a relative that you do not want your personal news shared.,Ramayana — Sundara Kanda,Sita refuses Ravana's demands and maintains her convictions while held in the Ashoka grove.,"Sita's firmness can provide symbolic support for a clear personal boundary. Explain which information is private and whom you have chosen to tell. You need not provide a long defense of the preference. If the relative has ignored boundaries before, share less until their behavior gives you reason to trust more."
331,Fear,Confidence anxiety,You are invited to teach a workshop and fear that you have nothing valuable to offer.,Ramayana — Kishkindha Kanda,Jambavan reminds Hanuman of his capabilities before the search for Sita continues across the ocean.,Ask the organizer which beginner problem they want you to address. Jambavan's reminder to Hanuman suggests recognizing abilities through something concrete. Build the workshop around one task you have actually completed and can explain. You can offer useful experience while being honest about questions beyond your present knowledge.
332,Fear,Caregiving anxiety,You are nervous about cooking for a family member with specific dietary instructions.,Annapurna tradition — Hindu devotional teaching,"Annapurna is revered as the giver of nourishment, drawing devotional attention to food, generosity, and care.","Annapurna's association with nourishment invites careful, practical care. Follow the person's professional dietary guidance, confirm ingredients, and ask rather than guessing when something is unclear. Prepare one familiar suitable dish instead of an elaborate experiment. A spiritual intention can accompany attention to instructions; it does not replace them."
333,Fear,Renewed-rejection fear,You hesitate to approach another mentor after a previous mentor dismissed you.,Bhagavata Purana — Dhruva's story,"After painful rejection, Dhruva receives Narada's guidance and undertakes focused devotion; his story includes a change in what he values.","Dhruva receives guidance from Narada after a painful rejection, offering a story of seeking direction beyond one closed response. Identify a mentor whose expertise fits your question and make a specific, manageable request. Their reply will give information about this possibility, not settle whether you deserve guidance at all."
334,Fear,Fear of exposure,You worry that thanking collaborators will make others think you did little of the work.,Kena Upanishad,"Uma reveals to Indra that the gods' victory depended on Brahman, correcting their assumption of independent power.","Uma's correction of the gods' pride suggests that recognizing support is part of a truthful account of achievement. State your contribution specifically and credit others just as specifically. Shared success does not require an all-or-nothing story. Clear attribution can make your role more understandable, not less."
335,Fear,Collective uncertainty,Your project team is anxious because members have different expectations of the final product.,Rig Veda — hymn of concord,"The Rig Veda's hymn of concord calls people to assemble, speak together, and cultivate shared purpose.","The Rig Veda's hymn of concord invites speaking together around a shared purpose. Make the differences explicit and agree on the essential features, responsibilities, and submission standard. Record what is outside the scope as well. Clarity can make the uncertainty more manageable without requiring everyone to prefer exactly the same design."
336,Fear,Reconciliation fear,You are afraid to apologize because the other person might reject the attempt.,Mahabharata — Udyoga Parva,"Krishna undertakes a peace mission before the war, showing the value of a sincere attempt at dialogue.","An apology can be a responsible action without a guaranteed welcome. Krishna's effort toward peace offers that distinction. Acknowledge the specific harm, avoid asking for immediate forgiveness, and respect their response. You can make your part honest while leaving them free to decide whether and when to reconnect."
337,Fear,Fear of conflict spreading,A tense family argument makes you worry that the whole gathering will become hostile.,Bhagavata Purana — churning of the ocean,"Shiva intervenes when the churning releases dangerous poison, an episode traditionally understood as compassionate protection of living beings.","Shiva's protective response to poison can serve as an image of preventing harm from spreading. You can lower your own participation, suggest a break, or help someone move to a quieter space. If anyone becomes threatening, prioritize safety and outside support. You are not responsible for containing every adult's emotions."
338,Fear,Fear of judgment,You are anxious about meeting a successful former classmate while still searching for work.,Bhagavata Purana — Krishna and Sudama,Krishna welcomes his old friend Sudama warmly despite the difference in their material circumstances.,"Krishna's warmth toward Sudama offers an image of meeting a person beyond material standing. Prepare a simple, honest update and ask about your classmate's life without turning the meeting into a comparison. You may discuss opportunities if appropriate. Your current job status does not require you to withdraw from friendship."
339,Fear,Care-related worry,You are nervous about organizing food for a community gathering for the first time.,Annapurna tradition — Hindu devotional teaching,"Annapurna is revered as the giver of nourishment, drawing devotional attention to food, generosity, and care.","Annapurna's tradition can bring attention to nourishment as thoughtful care. Confirm attendance, dietary needs, safe handling arrangements, and the help available before choosing the menu. Keep the plan simple enough to execute. Asking experienced volunteers for guidance is part of taking the responsibility seriously."
340,Fear,Adaptation anxiety,You fear becoming helpless if your usual study app stops working.,Ramayana — Sundara Kanda,"Hanuman meets Surasa's challenge by changing size and using ingenuity, rather than relying only on strength.","Hanuman's ingenuity with Surasa can inspire confidence in having more than one route. Export your notes, keep a simple backup, and try studying one topic without the app. Your learning belongs to you more broadly than one tool. Preparation can turn a vague fear into a manageable contingency."
341,Fear,Future anxiety,You worry that choosing the wrong first job will permanently damage your career.,Bhagavad Gita — teaching on action,Krishna teaches Arjuna to attend to responsible action without claiming complete control over its fruits.,"A first job matters, yet it is also one step from which you can learn. The Gita's action teaching invites a decision based on available evidence rather than control over every future result. Compare responsibilities, learning, conditions, and alternatives. Choose a review point after starting instead of demanding a lifelong guarantee now."
342,Fear,Intimidation,A difficult viva panel makes you afraid to present the work you completed.,Devi Mahatmya — Markandeya Purana,"The gods' combined radiance manifests as the Goddess, who receives their weapons and confronts Mahishasura.","Durga's gathered strength can serve as a symbol for using the support and preparation behind you. Review your project decisions with a classmate and bring a clear outline of the evidence. During the viva, answer the question asked and acknowledge limits honestly. You need not know everything beyond your project's scope."
343,Fear,Commitment anxiety,You fear choosing a long course because you are unsure you can sustain the effort.,Parvati's tapas — traditional Shaiva story,Traditional accounts describe Parvati's sustained spiritual discipline and determination in her devotion to Shiva.,"Parvati's determination can inspire examining a commitment seriously rather than making it impulsively. Look at the weekly workload, support, and reasons the course matters to you. Try a representative study session before enrolling if possible. A realistic decision can include uncertainty without relying only on initial enthusiasm."
344,Fear,Fear of disappointing others,You worry that setting limits on family requests will make you seem selfish.,Brihadaranyaka Upanishad,"Prajapati's teaching of the three 'da' calls for self-restraint, generosity, and compassion.","The three 'da' teachings connect generosity with restraint and compassion. A limit can protect the care you are able to offer. Explain your available time and name what you can realistically do. You may hear disappointment, but that does not automatically mean your boundary is unkind or wrong."
345,Fear,Creative vulnerability,You are scared to show a personal poem to anyone.,Saraswati worship — traditional Hindu teaching,"Saraswati is revered in Hindu tradition as a goddess of learning, speech, music, and the arts.",Saraswati's association with expression invites respect for both your words and your learning process. Choose one trustworthy reader and say what kind of response you want. You can share only the part you are comfortable discussing. Creative courage can begin with a small audience and a clear boundary.
346,Fear,Impostor feelings,"After receiving an award, you fear others will discover how much help you needed.",Kena Upanishad,"Uma reveals to Indra that the gods' victory depended on Brahman, correcting their assumption of independent power.","Uma's teaching to Indra challenges the idea that success must be entirely independent. Help does not erase your contribution. Identify what you did, what others provided, and what you still want to learn. A truthful account of the achievement can be steadier than trying to appear completely self-sufficient."
347,Fear,Giving anxiety,You worry that accepting a friend's financial help will create an obligation you cannot repay.,Dana — traditional Hindu ethical teaching,Dana is generosity; traditional Hindu teaching values giving with respect and consideration for the recipient.,"Dana ideally respects the recipient's dignity, so clarification is appropriate. Ask whether the offer is a gift or a loan and what expectations come with it. You can decline an arrangement that feels pressuring. Receiving help is easier when the terms support your choices rather than leave them uncertain."
348,Fear,Rest guilt,You are afraid to take a break because your peers seem to work constantly.,Bhagavad Gita — moderation in daily life,"The Gita recommends moderation in eating, recreation, effort, and sleep as part of disciplined living.","The Gita explicitly includes moderation in recreation and rest within disciplined living. Check your own workload rather than using other people's visible hours as the whole standard. Plan a defined break and a realistic return task. Responsible effort can have limits, even when comparison encourages you to ignore them."
349,Fear,Anticipatory worry,Your mind repeatedly jumps to worst-case scenarios before a routine presentation.,Bhagavad Gita — returning a wandering mind,Krishna advises bringing the wandering mind back repeatedly during the practice of meditation.,"Krishna's guidance on returning a wandering mind can inspire a gentle return to what is present. Notice the prediction, then rehearse the first minute and check the equipment. You do not have to settle every imagined possibility. Give attention to the next part of preparation that can actually be completed."
350,Fear,Routine-change fear,A new work shift makes you worry that your whole daily life will become unmanageable.,Ramayana — Ayodhya Kanda,Rama faces the sudden change from coronation to exile while remaining concerned with duty and family relationships.,"The change is substantial, but you can plan its first effects separately. Rama's altered path invites reflection on carrying responsibilities into new circumstances. Map sleep, travel, meals, and essential commitments, then discuss a specific conflict with your manager. Test a workable arrangement before concluding that every part of life must unravel."
351,Fear,Fear of self-criticism,You avoid trying a new hobby because you dread how harshly you will judge yourself.,Yoga Sutras of Patanjali — ahimsa,"Ahimsa, non-harming, is one of the ethical restraints in Yoga philosophy.","Ahimsa can begin with the conditions you set for learning. Choose a private, short first attempt and agree to describe the result without insulting yourself. Curiosity needs room for awkward beginnings. If self-criticism becomes persistent and limiting, talking with a counselor may help you develop a more workable relationship with it."
352,Fear,Group-presentation anxiety,You fear your team will become disorganized during a joint presentation.,Rig Veda — hymn of concord,"The Rig Veda's hymn of concord calls people to assemble, speak together, and cultivate shared purpose.","The Rig Veda's hymn of concord offers an image of shared purpose made visible through coordination. Agree on speaking order, transitions, and how to handle questions, then rehearse once together. Each person should know their own role and the handover. Cooperation can reduce uncertainty without making you responsible for every teammate's performance."
353,Fear,Fear under pressure,You are scared to refuse participation in an activity that violates your values.,Bhagavata Purana — Prahlada's story,"Prahlada remains devoted to Vishnu despite Hiranyakashipu's hostility, a traditional example of conviction under pressure.","Prahlada's conviction can offer symbolic support for staying rooted, while your real-world safety remains essential. Prepare a short refusal, arrange an ally or exit, and avoid isolated confrontations if the group is threatening. You can protect a value through careful choices rather than proving courage through exposure to danger."
354,Fear,Fear of slowing down,You worry that feeling content will make you lazy and unsuccessful.,Yoga Sutras of Patanjali — santosha,"Santosha, contentment, is a Yogic observance concerned with freedom from perpetual dissatisfaction.","Santosha concerns freedom from perpetual dissatisfaction, not a ban on effort. Try appreciating one thing that is already sufficient while choosing one purposeful task for today. Notice whether gratitude and action can coexist. You can pursue growth without making self-discontent the only force that moves you."
355,Fear,Fear of emotional overload,You worry that listening to everyone's problems will overwhelm you.,Bhagavata Purana — churning of the ocean,"Shiva intervenes when the churning releases dangerous poison, an episode traditionally understood as compassionate protection of living beings.","Shiva's protective role can inspire care that limits harm, including harm from taking on too much. Tell people when you can listen and when another source of support is needed. You may care deeply without serving as everyone's only support. Boundaries make your availability clearer and more sustainable."
356,Fear,Fear of honest feedback,You avoid asking users about your project because criticism might discourage you.,Yoga Sutras of Patanjali — svadhyaya,Svadhyaya involves sacred study and recitation; reflective engagement with one's conduct is a common contemporary application.,The reflective application of svadhyaya invites learning from a clear look at what you have made. Ask three focused questions about actual use and separate usability problems from personal preferences. Review the responses after a pause. Feedback can become a limited revision list rather than a sweeping judgment of your ability.
357,Fear,Separation anxiety,Your family member is traveling and an unusually long gap between updates worries you.,Ramayana — Sundara Kanda,Hanuman gives Sita Rama's ring as a recognizable sign that his message can be trusted.,"Uncertainty can make the mind fill in missing information. Hanuman's ring-bearing message to Sita highlights reassurance grounded in something trustworthy. Check the expected travel schedule and use an agreed contact route. If there is a concrete safety concern, contact appropriate help rather than relying on repeated speculation or spiritual reassurance alone."
358,Fear,Fear of falling behind,You worry that friends buying homes means you have failed at adulthood.,Brihadaranyaka Upanishad,"Maitreyi asks Yajnavalkya whether wealth can bring immortality, opening an inquiry into what possessions cannot provide.","Maitreyi's questions invite examining what material milestones can and cannot tell you about a life. Consider your actual circumstances, responsibilities, and priorities before accepting the comparison. If housing is your goal, seek appropriate planning guidance for it. Another person's purchase is not a complete assessment of your adulthood."
359,Fear,Return anxiety,"After missing several classes, you are afraid you will be too far behind to return.",Yoga Sutras of Patanjali — abhyasa,Abhyasa is sustained practice; steadiness develops through continuing effort over time.,Abhyasa includes renewing a practice through continued effort. Ask the instructor which material is essential for rejoining and choose one catch-up task before the next class. Returning while imperfectly prepared may be more workable than waiting to feel completely caught up. Let the teacher help you set the pace.
360,Fear,Financial insecurity,You fear that earning less than peers means you will never have a worthwhile life.,Brihadaranyaka Upanishad,"Maitreyi asks Yajnavalkya whether wealth can bring immortality, opening an inquiry into what possessions cannot provide.","Maitreyi's inquiry into the limits of wealth invites separating practical financial needs from a total judgment on your life. Identify the immediate expense or goal behind the fear and seek suitable guidance for it. Keep space for relationships, learning, and meaningful work alongside the real importance of financial stability."
361,Fear,Social comparison fear,You feel anxious when a friend develops new interests that you do not share.,Yoga Sutras of Patanjali — four attitudes,"Patanjali describes friendliness, compassion, appreciative joy, and equanimity as attitudes that support clarity of mind.",Patanjali's friendliness and appreciative joy can support allowing a friend to grow without treating every difference as a loss. Ask about the new interest and preserve an activity you still enjoy together. You can also explore your own curiosity. A relationship need not depend on remaining identical in every preference.
362,Fear,Leadership apprehension,You are frightened of letting people down as the newly elected class representative.,Ramayana — Ayodhya Kanda,"Bharata safeguards Rama's kingdom as a trust, placing Rama's sandals on the throne rather than claiming it for himself.","Bharata's stewardship can frame leadership as care for a responsibility rather than proof of personal greatness. Ask classmates for priorities, clarify what authority you actually have, and communicate progress honestly. You cannot grant every request. A representative can be dependable by listening and following through on realistic commitments."
363,Fear,Relationship insecurity,A friend's busy period makes you afraid that the friendship is ending.,Mahabharata — Mahaprasthanika Parva,Yudhishthira refuses to abandon the dog that has accompanied him on his final journey.,"Yudhishthira's loyalty offers a reflection on dependable care, but a busy schedule and abandonment are not automatically the same. Ask your friend about a realistic time to connect and explain that you miss them. Consider the broader pattern of the relationship while giving this temporary period some room."
364,Fear,Credit anxiety,You fear that collaborators will use your work without credit if you share it.,Yoga Sutras of Patanjali — asteya,"Asteya, non-stealing, is a Yogic ethical restraint; its modern applications can include respect for others' work and resources.","Asteya supports respect for others' contributions, and clear agreements can help express that value. Discuss authorship, access, and intended use before sharing, and keep dated records of your work. You can collaborate thoughtfully without treating trust as the absence of boundaries or assuming that every colleague intends harm."
365,Fear,Fear of a long journey,A lengthy qualification process makes you worry that you will never reach the end.,Descent of Ganga — traditional Hindu story,"Bhagiratha perseveres in bringing Ganga to earth, and Shiva receives her powerful descent in his matted hair.","Bhagiratha's sustained effort offers an image of purpose carried through stages. Map the next requirement and the support it needs, then set a review point rather than trying to live the whole process today. You may adjust the pace as circumstances change while keeping the larger goal under thoughtful review."
366,Fear,Anxiety about happiness,You fear that enjoying a good period will make a later disappointment hurt more.,Yoga Sutras of Patanjali — santosha,"Santosha, contentment, is a Yogic observance concerned with freedom from perpetual dissatisfaction.",Santosha invites contact with what is present without requiring a promise that it will last. Allow one ordinary pleasure to be fully enjoyed today. You can keep sensible plans for difficulties while giving the current good moment some space. Anticipating loss constantly is not a requirement for being prepared.
367,Fear,Fear of mistakes,A complex online form makes you anxious that a single wrong entry will ruin your application.,Mahabharata — Vana Parva,Yudhishthira pauses to answer the Yaksha's questions instead of ignoring the warning at the lake.,"Yudhishthira's careful listening at the lake suggests a measured approach to consequential instructions. Work through the form in sections, check official guidance, and review a saved copy before submission. Ask the institution about corrections if necessary. You can reduce avoidable errors without demanding absolute certainty from yourself at every field."
368,Fear,Disclosure nervousness,You are anxious about telling your parents that your interests have changed.,Bhagavad Gita — discipline of speech,"The Gita describes disciplined speech as truthful, beneficial, and considerate rather than needlessly distressing.","Begin with what you have learned about yourself and the practical implications. The Gita's teaching on truthful, beneficial speech can guide the tone. Explain your new direction with specific examples and give your parents room for questions. One conversation can open the subject without resolving every concern at once."
369,Fear,Performance apprehension,You worry that a live demonstration will fail if the internet connection drops.,Ramayana — Sundara Kanda,"Hanuman meets Surasa's challenge by changing size and using ingenuity, rather than relying only on strength.","Hanuman's encounter with Surasa can inspire flexible preparation for an obstacle. Create an offline example or short recording, test it once, and decide how you will explain a switch if needed. A backup will not guarantee a flawless demo, but it gives you something practical to do if conditions change."
370,Fear,Trust anxiety,An unfamiliar caller claims to represent your college and asks for personal details.,Ramayana — Sundara Kanda,Hanuman gives Sita Rama's ring as a recognizable sign that his message can be trusted.,"Hanuman's message becomes credible through a recognizable connection, a useful reminder to verify before trusting. End the call and contact the college through its official number or portal. Do not share sensitive information merely to avoid seeming rude. Your caution can take the form of verification rather than fearful guessing."
371,Fear,Vulnerability anxiety,You are scared to tell a new mentor that you learned most skills outside formal courses.,Chandogya Upanishad,"Satyakama speaks honestly about his uncertain parentage, and his teacher recognizes the integrity of that answer.","Satyakama's truthful account of his background offers a reflection on beginning with honesty. Describe what you studied, show a small piece of work, and name the guidance you need. Your route can be explained without apology. A useful mentor can assess present understanding and help you build from it."
372,Fear,Opportunity anxiety,You feel frightened whenever peers announce achievements you have not pursued.,Isha Upanishad,The opening teaching discourages coveting others' possessions and relates life in the world to a spirit of renunciation.,The Isha Upanishad's non-coveting teaching can invite a pause before adopting another person's goal. Ask whether the achievement matters to your own direction and what it would cost to pursue. Some opportunities will fit; others need not. A chosen path becomes clearer when every announcement is not treated as an instruction.
373,Fear,Responsibility anxiety,You are asked to manage a club budget and worry about making a costly mistake.,Ramayana — Ayodhya Kanda,"Bharata safeguards Rama's kingdom as a trust, placing Rama's sandals on the throne rather than claiming it for himself.","Treat the role as a trust, as Bharata treats his responsibility in Rama's absence. Ask for the rules, keep receipts, and arrange a second review before significant spending. Careful systems can support you more reliably than trying never to feel nervous. You are allowed to learn the role with guidance."
374,Fear,Fear of humiliation,You are worried that reporting unfair treatment will make others target you.,Mahabharata — Sabha Parva,Draupadi questions the justice of her treatment in the dice assembly; the episode exposes failures of responsibility among those present.,"Draupadi's questions expose how hard it can be to challenge a group with power. Your concern deserves practical protection. Keep records, learn confidential reporting options, and consult a trusted adviser before choosing a route. You do not have to confront everyone publicly for your experience to deserve attention."
375,Fear,Change uncertainty,Seasonal changes disrupt your usual outdoor routine and make you worry about losing all consistency.,Bhagavata Purana — the avadhuta's teachers,"The avadhuta, traditionally associated with Dattatreya, learns patience and forbearance by observing the earth.","A season changes the conditions of a routine, not necessarily its purpose. The avadhuta learns by observing the earth; you can bring similar attention to light, weather, and safe timing. Try one suitable indoor or earlier version of the activity. A routine can remain recognizable while adapting to its surroundings."
376,Fear,Speaking-up anxiety,You notice a project risk but are scared your manager will dislike hearing it.,Mahabharata — Udyoga Parva,"Vidura offers honest counsel to Dhritarashtra, including advice that the king finds uncomfortable.","Vidura's counsel shows that useful advice can be uncomfortable for someone in authority. Prepare the facts, likely impact, and one possible solution, then raise the concern through a suitable channel. You can aim for clarity and respect while accepting that you cannot fully control the manager's first reaction."
377,Fear,Fear of exclusion,You hesitate to attend a reunion because you were often overlooked at school.,Bhagavata Purana — Dhruva's story,"After painful rejection, Dhruva receives Narada's guidance and undertakes focused devotion; his story includes a change in what he values.",Dhruva's story can invite finding a direction beyond an old experience of rejection. Ask what you actually want from the reunion and whether a trusted person will be there. You can attend briefly or decline. The choice should support your present needs rather than prove that the past no longer hurts.
378,Fear,Fear of regret,You are torn between a familiar path and a more meaningful but uncertain opportunity.,Katha Upanishad,Nachiketa chooses a deeper inquiry over Yama's tempting offers; the text distinguishes the good from the merely pleasant.,"Nachiketa's inquiry invites asking what is worthwhile beneath immediate comfort or attraction. Write down the values, practical risks, and support involved in each option. Consult someone who understands the opportunity, then choose with the information you have. Regret cannot be ruled out completely, but your reasoning can be made thoughtful."
379,Fear,Self-examination fear,You avoid reviewing a failed plan because you are afraid of what it will say about you.,Yoga Sutras of Patanjali — svadhyaya,Svadhyaya involves sacred study and recitation; reflective engagement with one's conduct is a common contemporary application.,"Reflective engagement associated with svadhyaya can make review an inquiry rather than a trial. Separate what happened, what was within your control, and what you would change. Limit the review to a useful period and one next action. The purpose is better understanding, not a final judgment on your character."
380,Fear,Peer-pressure fear,You fear being ostracized if you refuse to laugh at a humiliating prank.,Mahabharata — Sabha Parva,Draupadi questions the justice of her treatment in the dice assembly; the episode exposes failures of responsibility among those present.,"The assembly around Draupadi reminds us that witnesses have responsibilities, even when group pressure is strong. You might withhold participation, check on the targeted person, and seek an ally before challenging the group. Choose a response that is safe and effective. Moral courage does not require acting entirely alone."
381,Fear,Exam apprehension,You fear making avoidable errors while rushing through a timed paper.,Mahabharata — Vana Parva,Yudhishthira pauses to answer the Yaksha's questions instead of ignoring the warning at the lake.,Yudhishthira's pause before the Yaksha's questions offers a useful image for deliberate attention. Practice reserving a small part of your exam time for instructions and checking. Mark uncertain questions and return to them. A simple method gives nervous energy a task without demanding that you become perfectly calm.
382,Fear,Boundary insecurity,You fear looking unfriendly if you stop lending your expensive equipment.,Yoga Sutras of Patanjali — asteya,"Asteya, non-stealing, is a Yogic ethical restraint; its modern applications can include respect for others' work and resources.","Asteya supports respect for resources, including the conditions under which they are used. Explain that you are changing your lending arrangement and, if you wish, suggest another access option. You can be warm without offering every possession. A respectful friend can hear a practical limit without treating it as rejection."
383,Fear,Uncertainty anxiety,An uncertain weather forecast makes you repeatedly reconsider a planned outdoor event.,Bhagavata Purana — the avadhuta's teachers,"The avadhuta, traditionally associated with Dattatreya, learns patience and forbearance by observing the earth.",Make one forecast-based decision at a useful time instead of trying to make the weather certain. The earth as a teacher in the avadhuta's account invites attentive observation and patience. Arrange an indoor alternative and tell participants when you will confirm. That gives the uncertainty a practical place in the plan.
384,Fear,Starting anxiety,You keep delaying your first job application because submitting it makes the possibility of rejection real.,Ganesha worship — traditional Hindu teaching,Ganesha is traditionally honored at beginnings and associated with wisdom and the removal of obstacles.,"Ganesha's association with beginnings can mark a modest intention to act despite uncertainty. Choose one suitable role, check the required details, and set a submission time. The application is an opening, not a promise about your whole career. Let it be complete enough to send after a careful review."
385,Fear,Overstimulation anxiety,A crowded event makes it difficult to organize your thoughts and you want to leave.,Katha Upanishad,"The chariot metaphor describes the intellect as charioteer, the mind as reins, and the senses as horses needing thoughtful direction.","The chariot metaphor in the Katha Upanishad can inspire giving attention a clearer direction. Move to a quieter area, identify what you need next, and decide whether to return or leave. You can communicate that choice simply. Participation does not require staying beyond what feels manageable for you."
386,Fear,Fear of being forgotten,You worry that moving away will erase your place in your family.,Chandogya Upanishad,"Uddalaka teaches Shvetaketu using salt dissolved in water, illustrating an underlying reality that is not directly visible.","Connection is not always visible in daily proximity. Uddalaka's salt-water illustration can serve as a reflection on an unseen presence, without promising that relationships need no effort. Agree on a contact rhythm and share ordinary details, not only milestones. Small continuity can make the bond more tangible across distance."
387,Fear,Decision anxiety,You fear choosing a less prestigious course even though it suits your interests better.,Katha Upanishad,Nachiketa chooses a deeper inquiry over Yama's tempting offers; the text distinguishes the good from the merely pleasant.,"Nachiketa's distinction between the good and the immediately attractive invites a closer look at your reasons. Compare course content, practical opportunities, costs, and your interests with someone knowledgeable. Prestige can be one consideration without making the whole decision. Choose based on the best information available rather than guaranteed future approval."
388,Fear,Fear of harsh treatment,A previous instructor's insults make you nervous about joining a new class.,Yoga Sutras of Patanjali — ahimsa,"Ahimsa, non-harming, is one of the ethical restraints in Yoga philosophy.","Ahimsa offers a basis for expecting a learning environment that avoids humiliation. Ask about the new instructor's approach, attend a trial session if possible, and notice how mistakes are handled. You can leave a disrespectful setting. The earlier experience deserves acknowledgment without being assumed to describe every future teacher."
389,Fear,Loss-of-control fear,You feel anxious when many notifications demand your attention during important work.,Katha Upanishad,"The chariot metaphor describes the intellect as charioteer, the mind as reins, and the senses as horses needing thoughtful direction.",The Katha Upanishad's chariot metaphor can help you think about directing attention deliberately. Silence nonessential alerts for a short work period and leave one route open for genuinely urgent contact. Finish a defined task before checking again. You can create a manageable boundary without solving every incoming demand immediately.
390,Fear,Fear of inconsistency,You are anxious that you will fail again when beginning a daily study habit.,Parvati's tapas — traditional Shaiva story,Traditional accounts describe Parvati's sustained spiritual discipline and determination in her devotion to Shiva.,"Parvati's sustained discipline can inspire commitment, but your habit should fit an ordinary day. Start with a short period, choose a clear cue, and plan what to do after a missed session. Reliability grows from a workable return, not from demanding an unbroken record before you have begun."
391,Fear,Belonging insecurity,You are worried that joining college later than your peers will make you unwelcome.,Ramayana — Yuddha Kanda,"Rama accepts Vibhishana when he seeks refuge, despite the suspicion expressed by others.",Arriving on a different timetable does not remove your right to participate. Rama's reception of Vibhishana can offer an image of welcome without identical histories. Attend one orientation activity or approach one classmate about coursework. Let actual interactions give you information before treating your age or timing as a permanent barrier.
392,Fear,Acceptance fear,You worry that a new friend will judge you after learning you have less money.,Bhagavata Purana — Krishna and Sudama,Krishna welcomes his old friend Sudama warmly despite the difference in their material circumstances.,"You can reveal your budget in a small, ordinary way before making larger assumptions about this friendship. Sudama is welcomed warmly by Krishna despite their different circumstances. Suggest an affordable plan and notice whether your preference is respected. Their actual response will tell you more than an imagined judgment you keep preparing to face."
393,Fear,Fear of inadequacy,You worry that your quiet personality means people will never notice your strengths.,Chandogya Upanishad,"Uddalaka teaches Shvetaketu using salt dissolved in water, illustrating an underlying reality that is not directly visible.","Uddalaka's salt-water image can invite respect for qualities that are not immediately visible. Choose one setting where your actual work can be seen, such as a written contribution or small discussion. You do not need to become the loudest person. Make a particular strength accessible in a way that suits you."
394,Fear,Interpersonal anxiety,You fear that expressing your needs will burden a friend who is also busy.,Brihadaranyaka Upanishad,"Prajapati's teaching of the three 'da' calls for self-restraint, generosity, and compassion.",Compassion and restraint can coexist with letting yourself receive care. The three 'da' teachings invite that balance. Ask whether your friend has time to listen and give them a clear choice. You can share a manageable part of what is happening and seek other support if their capacity is limited.
395,Fear,Comparison anxiety,A classmate's rapid progress makes you afraid that you are becoming irrelevant.,Yoga Sutras of Patanjali — four attitudes,"Patanjali describes friendliness, compassion, appreciative joy, and equanimity as attitudes that support clarity of mind.","Patanjali's appreciative joy can make another person's growth less threatening, while compassion leaves room for your own concern. Ask what specific skill you need next and plan a realistic step. You may learn from the classmate without copying their whole path. Relevance develops through useful work, not constant ranking."
396,Fear,Moral uncertainty,You are afraid that refusing a questionable instruction will harm your internship evaluation.,Bhagavata Purana — Prahlada's story,"Prahlada remains devoted to Vishnu despite Hiranyakashipu's hostility, a traditional example of conviction under pressure.","Prahlada's conviction offers a spiritual image of staying rooted, while your response needs practical judgment. Ask for the instruction and its purpose clearly, consult a trusted supervisor or appropriate channel, and document relevant facts. You can raise concerns carefully without assuming that silent compliance is your only option."
397,Fear,Abandonment fear,You worry that friends will stop caring once you are no longer useful to them.,Mahabharata — Mahaprasthanika Parva,Yudhishthira refuses to abandon the dog that has accompanied him on his final journey.,"The fear may deserve a closer look at how these friendships actually work. Yudhishthira stays loyal to his companion beyond personal advantage. Notice who makes time for you without requesting a favor, and try a small conversation about your needs. Dependable care can be assessed through repeated actions rather than constant availability from you."
398,Fear,Authority anxiety,You need to tell a professor that a deadline conflicts with an official college event.,Mahabharata — Udyoga Parva,"Vidura offers honest counsel to Dhritarashtra, including advice that the king finds uncomfortable.","Prepare the relevant dates and a specific request before the conversation. Vidura's example supports presenting truthful counsel with care, even when speaking upward feels difficult. Your role is to explain the conflict respectfully. A clear, reasonable request gives the professor something concrete to consider beyond your nervousness."
399,Fear,Exposure anxiety,You are afraid to admit that you do not understand a basic concept in class.,Chandogya Upanishad,"Satyakama speaks honestly about his uncertain parentage, and his teacher recognizes the integrity of that answer.","Satyakama's truthful answer to his teacher offers a reminder that honesty can begin a learning relationship. Ask about the exact step you do not understand, perhaps after class if that feels easier. You are seeking information, not announcing a permanent limitation. One clear question can make the next lesson more accessible."
400,Fear,Fear of responsibility,You are invited to mentor a junior and worry that your advice could mislead them.,Seva — traditional Hindu ethical teaching,"Seva is service offered with care and humility, without making personal recognition its central purpose.","Seva calls for care and humility, including honesty about the limits of your knowledge. Share your experience as experience, check uncertain information, and encourage the junior to consult relevant experts. You can support their thinking without deciding for them. A helpful mentor need not present themselves as an authority on everything."
401,Neutral,Careful attention,You check the sender and details of an ordinary college notice before forwarding it.,Ramayana — Sundara Kanda,Hanuman gives Sita Rama's ring as a recognizable sign that his message can be trusted.,"Hanuman's recognizable token to Sita highlights how trust is supported by clear evidence. Confirm the notice's source, date, and intended audience before sharing it. An everyday habit of verification can make your communication dependable. There is no need to add urgency when the information itself does not call for it."
402,Neutral,Receptive calm,You sit with a visiting relative and listen to an ordinary account of their journey.,Ramayana — Aranya Kanda,"Shabari welcomes Rama with sincere hospitality, and Rama receives her offerings with respect.",A welcome can be expressed through undivided attention. Shabari's hospitality offers a reflection on receiving someone with sincerity. Ask a question you actually want answered and let the visitor settle at their own pace. The conversation does not have to become memorable for the time together to have value.
403,Neutral,Quiet self-respect,You state a familiar personal preference without feeling the need to justify it.,Ramayana — Sundara Kanda,Sita refuses Ravana's demands and maintains her convictions while held in the Ashoka grove.,"Sita's firmness can serve as a symbolic reflection on staying connected to one's convictions. In an ordinary conversation, that may mean stating a preference clearly and listening to others without surrendering it automatically. If no practical conflict exists, the difference can simply remain a difference."
404,Neutral,Considered giving,You compare organizations before choosing where to donate a small amount.,Dana — traditional Hindu ethical teaching,Dana is generosity; traditional Hindu teaching values giving with respect and consideration for the recipient.,"Dana invites care for the actual effect and dignity of giving. Review reliable information about the organizations' work and choose an amount that fits your circumstances. You can ask questions before contributing. A thoughtful gift begins with attention, rather than treating urgency or emotional appeal as the only basis for a decision."
405,Neutral,Present attention,You notice your thoughts wandering while reading an uneventful textbook section.,Bhagavad Gita — returning a wandering mind,Krishna advises bringing the wandering mind back repeatedly during the practice of meditation.,"A wandering mind does not have to become a separate problem. Krishna's instruction to return attention can be applied by coming back to the paragraph and identifying its main point. Read a short section, then summarize it in your own words. Repeat as needed without adding a judgment about your concentration."
406,Neutral,Objectivity,You prepare a factual update about a project that is proceeding normally.,Mahabharata — Udyoga Parva,"Vidura offers honest counsel to Dhritarashtra, including advice that the king finds uncomfortable.","Vidura's commitment to honest counsel can inform even an uneventful status report. State what is complete, what remains, and whether anything needs a decision. Avoid making progress sound either better or worse than it is. Clear reporting allows others to coordinate without guessing about your actual position."
407,Neutral,Open-mindedness,You meet a new member of your office team without any strong first impression.,Ramayana — Yuddha Kanda,"Rama accepts Vibhishana when he seeks refuge, despite the suspicion expressed by others.","Rama's willingness to receive Vibhishana invites giving someone room to be known beyond assumptions. Introduce yourself, explain one useful workplace routine, and learn what the new colleague will handle. You can let an impression develop through actual interaction rather than deciding immediately whether the person will fit."
408,Neutral,Emotional balance,You consider a request for help and check your schedule before replying.,Brihadaranyaka Upanishad,"Prajapati's teaching of the three 'da' calls for self-restraint, generosity, and compassion.","The three 'da' teachings connect restraint, generosity, and compassion. Checking your capacity lets those qualities inform one decision together. Offer the help you can actually provide, or explain a limit without unnecessary guilt. A thoughtful response can be kind precisely because it is realistic enough to follow through."
409,Neutral,Moderation,You adjust your weekly exercise and recreation around a busier work period.,Bhagavad Gita — moderation in daily life,"The Gita recommends moderation in eating, recreation, effort, and sleep as part of disciplined living.",The Gita's moderation teaching invites a realistic balance rather than a rigid schedule. Preserve manageable time for rest and movement while reducing optional commitments. Review the arrangement after the busy period. An adjusted routine can remain responsible even when it looks less ambitious than your usual week.
410,Neutral,Practical acceptance,A routine timetable change means you will attend a class in the afternoon instead of morning.,Ramayana — Ayodhya Kanda,Rama faces the sudden change from coronation to exile while remaining concerned with duty and family relationships.,Rama's response to changed circumstances can invite a simple reflection on adjusting while keeping responsibilities in view. Move the study or travel period that conflicts with the new class and inform anyone affected. Some changes need only a practical rearrangement. You can let this one remain as ordinary as it is.
411,Neutral,Quiet awareness,You notice that a colleague's consistent small actions keep the office running smoothly.,Chandogya Upanishad,"Uddalaka teaches Shvetaketu using salt dissolved in water, illustrating an underlying reality that is not directly visible.",Uddalaka's salt-water teaching offers an image of what is present without being conspicuous. Let that prompt attention to the routine work behind a functioning space. Acknowledge the specific contribution or offer practical assistance. Quiet usefulness can be recognized without turning an ordinary moment into a grand public tribute.
412,Neutral,Deliberateness,You negotiate a convenient meeting time with people who have different schedules.,Mahabharata — Udyoga Parva,"Krishna undertakes a peace mission before the war, showing the value of a sincere attempt at dialogue.","Krishna's effort toward dialogue can inspire patient attention to workable agreement. Offer a few real options, identify any essential constraints, and confirm the time once there is overlap. No one needs to win a scheduling discussion. The shared purpose is simply to make participation possible."
413,Neutral,Resourcefulness,You use a paper planner for the day while your laptop is being serviced.,Ramayana — Sundara Kanda,"Hanuman meets Surasa's challenge by changing size and using ingenuity, rather than relying only on strength.","Changing the tool can preserve the purpose of your work. Hanuman's ingenuity with Surasa offers an image of flexible action. Write the day's essentials and note any information to transfer later. Use the simpler arrangement for what it can do, without demanding that it reproduce every feature of your laptop."
414,Neutral,Even-mindedness,You hear a classmate's good news while going about a normal day.,Yoga Sutras of Patanjali — four attitudes,"Patanjali describes friendliness, compassion, appreciative joy, and equanimity as attitudes that support clarity of mind.","Patanjali's four attitudes include friendliness and appreciative joy. You can offer a sincere congratulations without needing to feel intense excitement yourself. Ask a brief question if you have time, then return to your task. A modest, attentive response can honor another person's experience without forcing your own mood."
415,Neutral,Patience,You follow the next scheduled step in a long application process.,Descent of Ganga — traditional Hindu story,"Bhagiratha perseveres in bringing Ganga to earth, and Shiva receives her powerful descent in his matted hair.",Bhagiratha's persistence in the Ganga story can inspire steady attention across stages. Complete the requirement that is due now and record the next confirmed date. There is no need to mentally finish the whole process today. Let each stage receive its proper effort and leave room for ordinary life between them.
416,Neutral,Humility,You describe a completed task by naming both your work and the help you received.,Kena Upanishad,"Uma reveals to Indra that the gods' victory depended on Brahman, correcting their assumption of independent power.","Uma's teaching in the Kena Upanishad brings attention to the support behind achievement. A balanced account can include your decisions, others' assistance, and the conditions that helped. This is a useful habit even without a celebration. Accurate attribution makes experience easier to understand and future collaboration easier to plan."
417,Neutral,Patient attention,You review a recipe fully before starting to cook something unfamiliar.,Mahabharata — Vana Parva,Yudhishthira pauses to answer the Yaksha's questions instead of ignoring the warning at the lake.,"The Yaksha episode gives a useful place to listening before action. Check ingredients, sequence, and timing before heating the pan. Notice any step you need clarified and resolve it early. Preparing carefully can keep cooking straightforward while leaving you free to adapt minor details once you understand the method."
418,Neutral,Principled calm,You explain a consistent ethical preference when planning a group activity.,Bhagavata Purana — Prahlada's story,"Prahlada remains devoted to Vishnu despite Hiranyakashipu's hostility, a traditional example of conviction under pressure.",Prahlada's conviction can inspire a steady explanation that does not depend on everyone sharing the view. State the practical boundary and ask whether an acceptable arrangement is possible. Listen to others' needs as well. A group can sometimes accommodate differences through clear planning rather than prolonged debate about beliefs.
419,Neutral,Flexibility,You choose a different route to college because your usual bus is unavailable.,Ramayana — Sundara Kanda,"Hanuman meets Surasa's challenge by changing size and using ingenuity, rather than relying only on strength.","Hanuman's flexible approach to Surasa can inspire responding to an obstacle without making it larger than necessary. Compare the available routes, choose the workable one, and allow enough travel time. The purpose of the journey remains the same even when its familiar method changes for a day."
420,Neutral,Perspective,"You review a household purchase by comparing usefulness, cost, and available space.",Brihadaranyaka Upanishad,"Maitreyi asks Yajnavalkya whether wealth can bring immortality, opening an inquiry into what possessions cannot provide.","Maitreyi's inquiry into the limits of wealth invites asking what an object can actually provide. Consider its practical use and the need you hope it will meet. If the purchase is suitable, choose it without expecting it to transform your life. If it is unnecessary, leaving it unbought is also a complete decision."
421,Neutral,Receptivity,You listen to a familiar piece of music while taking a break.,Saraswati worship — traditional Hindu teaching,"Saraswati is revered in Hindu tradition as a goddess of learning, speech, music, and the arts.","Saraswati's association with music can invite listening with some care. Notice a rhythm, phrase, or instrument that usually passes in the background, then let the music simply be enjoyable or restful. The break does not need to become an exercise. Attention can be offered lightly without turning leisure into another task."
422,Neutral,Social balance,You encounter both enthusiastic and reserved people at a routine meeting.,Yoga Sutras of Patanjali — four attitudes,"Patanjali describes friendliness, compassion, appreciative joy, and equanimity as attitudes that support clarity of mind.",Patanjali's four attitudes invite a measured response to different people and circumstances. Greet others with ordinary friendliness and avoid assuming that reserve means disapproval. Listen to the contributions that are relevant to the meeting. You can be considerate without taking responsibility for making every person display the same mood.
423,Neutral,Thoughtful generosity,You include a modest charitable contribution in your regular household budget.,Dana — traditional Hindu ethical teaching,Dana is generosity; traditional Hindu teaching values giving with respect and consideration for the recipient.,"Dana invites giving that considers the recipient and the giver's real responsibilities. Check that the contribution fits your means and supports a purpose you understand. Review it when circumstances change. A steady, modest arrangement can express care without requiring dramatic sacrifice or public attention."
424,Neutral,Contentment,You spend an ordinary afternoon doing chores and feel neither especially happy nor upset.,Yoga Sutras of Patanjali — santosha,"Santosha, contentment, is a Yogic observance concerned with freedom from perpetual dissatisfaction.",Santosha can include allowing an ordinary day to be ordinary. Attend to one chore at a time and notice when enough has been done. You do not need to manufacture excitement or search for a hidden lesson in every task. A steady afternoon can simply support the rest of your life.
425,Neutral,Readiness,You make a simple plan for learning a new workplace procedure.,Taittiriya Upanishad,"The teacher's parting instruction connects truthfulness, responsible conduct, and continued study with life beyond formal education.","Continued study, emphasized in the Taittiriya Upanishad, can take a practical form here. Locate the instructions, observe a demonstration, and practice with appropriate supervision. Mark the point at which you need feedback before proceeding independently. Learning responsibly means building familiarity in a sequence suited to the actual task."
426,Neutral,Social ease,You meet a friend for a simple walk without planning to spend money.,Bhagavata Purana — Krishna and Sudama,Krishna welcomes his old friend Sudama warmly despite the difference in their material circumstances.,Krishna's welcome to Sudama offers a reflection on companionship beyond material display. Give attention to what your friend shares and let the walk set an unhurried pace. The meeting does not need an expensive setting to be worthwhile. Ordinary contact helps a friendship remain present between larger events.
427,Neutral,Responsibility,You take an inventory of shared laboratory equipment before the new term.,Ramayana — Ayodhya Kanda,"Bharata safeguards Rama's kingdom as a trust, placing Rama's sandals on the throne rather than claiming it for himself.","Bharata's stewardship treats entrusted resources as something to care for on behalf of others. Check the equipment's condition, record missing items accurately, and make the list accessible to the next user. Routine maintenance may attract little attention, yet it creates a dependable foundation for everyone's work."
428,Neutral,Self-observation,You review the week to see how you used your study time.,Yoga Sutras of Patanjali — svadhyaya,Svadhyaya involves sacred study and recitation; reflective engagement with one's conduct is a common contemporary application.,"Reflective engagement associated with svadhyaya invites honest attention to conduct. Compare your plan with what actually happened, including interruptions and necessary rest. Choose one adjustment for next week. The review can be a practical conversation with your experience rather than a scorecard of how disciplined you were."
429,Neutral,Measured communication,You write an ordinary email requesting clarification about a document.,Bhagavad Gita — discipline of speech,"The Gita describes disciplined speech as truthful, beneficial, and considerate rather than needlessly distressing.","The Gita's discipline of speech can guide simple professional writing. State the point you need clarified, include the relevant context, and make the request easy to answer. A considerate message can be brief. Read it once for accuracy before sending, then allow a reasonable time for a response."
430,Neutral,Precision,You correct a minor date error in a shared document before anyone relies on it.,Yoga Sutras of Patanjali — satya,"Satya, truthfulness, is a foundational ethical restraint in Yoga philosophy.","Satya gives practical value to accuracy. Make the correction clearly and mention it to anyone whose planning could be affected. There is no need to dramatize a small mistake or conceal it. A simple, visible correction keeps the document dependable and allows the shared work to continue."
431,Neutral,Respectfulness,You ask permission before adapting a classmate's diagram for your own notes.,Yoga Sutras of Patanjali — asteya,"Asteya, non-stealing, is a Yogic ethical restraint; its modern applications can include respect for others' work and resources.",Asteya can guide respect for another person's work even in a small academic exchange. Clarify how you intend to use the diagram and retain credit where appropriate. Permission makes the arrangement clear. Learning from others can remain generous and collaborative while recognizing the effort behind what they created.
432,Neutral,Detachment,You archive a finished project and clear its temporary files from your workspace.,Yoga Sutras of Patanjali — aparigraha,"Aparigraha is non-possessiveness or non-grasping, encouraging examination of excessive attachment to acquisition.","Aparigraha invites retaining what has a purpose and releasing what no longer does. Keep the final work, essential records, and useful lessons, then remove temporary clutter carefully. Completion can include making room for the next task. You do not have to keep every working version to honor the effort invested."
433,Neutral,Shared purpose,Your study group agrees on a normal meeting agenda for the week.,Rig Veda — hymn of concord,"The Rig Veda's hymn of concord calls people to assemble, speak together, and cultivate shared purpose.",The Rig Veda's hymn of concord values gathering and speaking around common purpose. Decide which topics need shared discussion and which can be studied independently. Leave time for questions and agree on the next meeting. A clear agenda can support cooperation without making every session overly formal or ambitious.
434,Neutral,Honesty,You explain to a project partner that you have only tried a tool once.,Chandogya Upanishad,"Satyakama speaks honestly about his uncertain parentage, and his teacher recognizes the integrity of that answer.",Satyakama's truthful account to his teacher can inspire accuracy about experience. Say what you have tested and what you would need to learn before relying on the tool. Then agree on a small trial. Clear limits help the partnership plan effectively and leave room for learning without inflated expectations.
435,Neutral,Balanced calm,"You plan a week with space for classes, errands, meals, and recreation.",Bhagavad Gita — moderation in daily life,"The Gita recommends moderation in eating, recreation, effort, and sleep as part of disciplined living.","The Gita's moderation teaching encourages a rhythm in which different needs can coexist. Give each commitment realistic time and leave some room for delays. Review whether the plan works after a few days. A balanced schedule is a practical arrangement to adjust, not a perfect pattern you must protect at all costs."
436,Neutral,Everyday care,You check the kitchen supplies before the household's weekly grocery trip.,Annapurna tradition — Hindu devotional teaching,"Annapurna is revered as the giver of nourishment, drawing devotional attention to food, generosity, and care.","Annapurna's tradition draws attention to nourishment and care. Plan from what is already available, the household's actual needs, and what can be used without waste. Ask others about necessary items rather than guessing. This practical preparation supports meals that will happen quietly throughout the coming week."
437,Neutral,Intentionality,You begin using a new notebook at the start of a month.,Ganesha worship — traditional Hindu teaching,Ganesha is traditionally honored at beginnings and associated with wisdom and the removal of obstacles.,"Ganesha's association with beginnings can turn this small transition into a brief check of intention. Write the few priorities the notebook should support and leave room for changes. Then use it in the way your day requires. The value will come from its practical use, not an immaculate first page."
438,Neutral,Watchfulness,You notice changes in daylight while adjusting the time of your evening walk.,Bhagavata Purana — the avadhuta's teachers,"The avadhuta, traditionally associated with Dattatreya, learns patience and forbearance by observing the earth.",The avadhuta's attention to the earth can inspire observing conditions before acting. Choose a route and time suited to the available light and your practical needs. The season does not need to match your old routine exactly. A small adjustment can preserve the walk's place in your day.
439,Neutral,Consideration,You return borrowed library books before another student's reservation begins.,Yoga Sutras of Patanjali — asteya,"Asteya, non-stealing, is a Yogic ethical restraint; its modern applications can include respect for others' work and resources.",Asteya can be applied to respecting shared resources and others' access to them. Return the books on time and save the references you still need for your own study. A small act of consideration helps the system work for people you may never meet. Reliability often has this quiet form.
440,Neutral,Useful engagement,You spend a scheduled hour helping organize a community library.,Seva — traditional Hindu ethical teaching,"Seva is service offered with care and humility, without making personal recognition its central purpose.","Seva places care in the usefulness of the action. Ask which shelves or records need attention, complete a manageable portion, and leave a clear handover. The work may feel routine, and that is acceptable. Dependable service often consists of ordinary tasks that make a shared place easier to use."
441,Neutral,Firmness,You decline a routine invitation because it conflicts with a value you consistently follow.,Bhagavata Purana — Prahlada's story,"Prahlada remains devoted to Vishnu despite Hiranyakashipu's hostility, a traditional example of conviction under pressure.","Prahlada's steadfastness can offer a symbolic reflection on holding a conviction without needing a debate. State your decision simply and, if useful, suggest an alternative way to join the group. Others may choose differently. You can maintain a clear boundary while keeping your manner respectful and proportionate."
442,Neutral,Stewardship,You prepare a clear handover before taking a week's leave from work.,Ramayana — Ayodhya Kanda,"Bharata safeguards Rama's kingdom as a trust, placing Rama's sandals on the throne rather than claiming it for himself.","Bharata's care for an entrusted responsibility can illuminate the value of a good handover. Record current tasks, relevant contacts, and decisions still needed. Make the information usable for the person covering you. Once the arrangement is clear, allow them to handle the role without monitoring every detail from your leave."
443,Neutral,Mental clarity,You organize your desk so the materials for one task are easy to reach.,Katha Upanishad,"The chariot metaphor describes the intellect as charioteer, the mind as reins, and the senses as horses needing thoughtful direction.",The Katha Upanishad's chariot metaphor suggests directing the senses and mind toward a chosen purpose. Remove what is irrelevant to the current task and keep needed tools visible. A simple environment can support a simple intention. You can revise the arrangement after seeing how you actually use it.
444,Neutral,Discernment,You confirm the details of an appointment from an official reminder.,Ramayana — Sundara Kanda,Hanuman gives Sita Rama's ring as a recognizable sign that his message can be trusted.,"Trust becomes easier when information has a recognizable basis, as Rama's ring supports Hanuman's message to Sita. Check the time, location, and any preparation needed, then record them once. After verification, you can return attention to your day instead of repeatedly reopening an already settled detail."
445,Neutral,Readiness,You prepare your notebook and materials before starting a new module.,Ganesha worship — traditional Hindu teaching,Ganesha is traditionally honored at beginnings and associated with wisdom and the removal of obstacles.,"Ganesha's traditional place at beginnings can turn preparation into a brief moment of intention. Identify what you hope to learn and what the first lesson requires. Then begin with the material in front of you. A meaningful start can be quiet and practical, without waiting for a special mood."
446,Neutral,Groundedness,You prepare your regular lunch and pack enough food for the day.,Annapurna tradition — Hindu devotional teaching,"Annapurna is revered as the giver of nourishment, drawing devotional attention to food, generosity, and care.","Annapurna's association with nourishment can give this routine act a moment of attention. Consider what you need for the day, prepare it carefully, and avoid unnecessary waste. Care for yourself does not have to be elaborate. A familiar meal can be part of a dependable daily rhythm."
447,Neutral,Gentleness,You help a child understand a rule during an ordinary family afternoon.,Yoga Sutras of Patanjali — ahimsa,"Ahimsa, non-harming, is one of the ethical restraints in Yoga philosophy.","Ahimsa invites teaching in a way that avoids unnecessary injury or humiliation. Explain the rule at the child's level, give a reason they can understand, and model the expected behavior. Ordinary guidance can be both clear and gentle. The aim is learning how to act, not making the child feel small."
448,Neutral,Steadiness,You keep attending a weekly class that fits comfortably into your life.,Parvati's tapas — traditional Shaiva story,Traditional accounts describe Parvati's sustained spiritual discipline and determination in her devotion to Shiva.,"Parvati's traditional discipline can symbolize a commitment sustained through ordinary time. Continue showing up, ask questions when needed, and notice whether the class remains useful. A practice can matter even when it is not difficult or emotionally intense. You can appreciate its place in your routine without demanding constant transformation."
449,Neutral,Self-awareness,You update your resume with skills you have actually used in recent projects.,Ramayana — Kishkindha Kanda,Jambavan reminds Hanuman of his capabilities before the search for Sita continues across the ocean.,Describe each skill through a concrete example. Jambavan's reminder of Hanuman's capabilities can inspire an accurate inventory rather than inflated confidence. Note where you worked independently and where you had guidance. A grounded resume gives you something clear to discuss without needing to make every experience sound exceptional.
450,Neutral,Steady focus,You proofread a report before submitting it as part of your regular workload.,Bhagavad Gita — teaching on action,Krishna teaches Arjuna to attend to responsible action without claiming complete control over its fruits.,"The Gita's teaching on action can be practiced through attention to the work immediately before you. Check the report against its purpose, correct the important errors, and submit at the agreed point. Care does not require endless polishing. A defined review can respect both quality and the time available."
451,Neutral,Composure,You decline a sales pitch politely because the product does not meet your needs.,Ramayana — Sundara Kanda,Sita refuses Ravana's demands and maintains her convictions while held in the Ashoka grove.,Sita's firmness can symbolize staying connected to a considered choice under pressure. Thank the salesperson if appropriate and state that you are not purchasing. You do not need to invent an excuse or debate every feature. An ordinary no can be complete when you have enough information to decide.
452,Neutral,Presence,You wash dishes while occasionally noticing your mind planning tomorrow.,Bhagavad Gita — returning a wandering mind,Krishna advises bringing the wandering mind back repeatedly during the practice of meditation.,"Krishna's instruction to return a wandering mind can inspire a small everyday practice. Notice the planning, set aside any necessary reminder, and return to the dish in your hands. You do not need to maintain perfect attention. The task offers another opportunity to return whenever you notice you have drifted."
453,Neutral,Non-reactivity,You notice a minor disagreement forming in a group chat and decide how to respond.,Bhagavata Purana — churning of the ocean,"Shiva intervenes when the churning releases dangerous poison, an episode traditionally understood as compassionate protection of living beings.",Shiva's protective role in the ocean-churning story can symbolize preventing harm from spreading. Check whether a factual clarification would help before adding a message. You can also leave the exchange alone if others are handling it respectfully. Participation is most useful when it contributes something beyond another reaction.
454,Neutral,Non-attachment,You sort digital files and remove copies you no longer need.,Yoga Sutras of Patanjali — aparigraha,"Aparigraha is non-possessiveness or non-grasping, encouraging examination of excessive attachment to acquisition.","Aparigraha invites looking at what is being held without a useful purpose. Keep the files needed for work, records, or meaningful memory, and remove unnecessary duplicates carefully. The aim is a clearer collection you can use. You can let go selectively without treating every saved item as a problem."
455,Neutral,Ethical awareness,You review a college club's membership rules before helping update them.,Mahabharata — Sabha Parva,Draupadi questions the justice of her treatment in the dice assembly; the episode exposes failures of responsibility among those present.,Draupadi's questioning in the assembly invites examining the justice of accepted arrangements. Read the rules from the perspective of someone entering the club for the first time. Ask whether criteria are clear and applied fairly. Routine review can make participation more respectful before a specific dispute occurs.
456,Neutral,Observational calm,You note which study environments help you work comfortably.,Yoga Sutras of Patanjali — svadhyaya,Svadhyaya involves sacred study and recitation; reflective engagement with one's conduct is a common contemporary application.,"The reflective application of svadhyaya invites examining experience with honesty. Compare light, noise, timing, and the kind of task rather than simply labeling yourself focused or distracted. Choose one setting to test again. Your observations can guide a more suitable routine without requiring a perfect environment for every session."
457,Neutral,Coordination,You check whether a team handover includes everyone needed for the next stage.,Devi Mahatmya — Markandeya Purana,"The gods' combined radiance manifests as the Goddess, who receives their weapons and confronts Mahishasura.","The Devi Mahatmya's gathered energies offer a symbolic reflection on strength through contribution. Confirm who owns the next steps, where information is stored, and whom to consult. Coordination does not require everyone to do everything. It requires the necessary contributions to meet at the right points."
458,Neutral,Cooperative calm,Your team has two reasonable approaches and discusses their practical differences.,Mahabharata — Udyoga Parva,"Krishna undertakes a peace mission before the war, showing the value of a sincere attempt at dialogue.","Krishna's peace effort offers a reflection on the value of dialogue before positions harden. Compare the approaches using the goal, available time, and resources. Ask each person what evidence would change their view. A decision can emerge from shared examination without requiring either side to lose face."
459,Neutral,Receptiveness to help,You consult a manual before asking someone about a task you have not done before.,Bhagavata Purana — Gajendra's prayer,Gajendra turns to divine help when his strength cannot free him from the crocodile; the story expresses dependence beyond personal power.,"Gajendra's recognition of limits can prompt practical humility. Use the information available, then ask a focused question where the manual is unclear. Note the answer for next time. Seeking support after a reasonable first look can make the exchange efficient while acknowledging that no one starts with every procedure already known."
460,Neutral,Consistency,You complete a short daily typing exercise as part of a routine.,Yoga Sutras of Patanjali — abhyasa,Abhyasa is sustained practice; steadiness develops through continuing effort over time.,Abhyasa values sustained practice over time. Keep the exercise focused on one useful skill and finish at the planned point. Review progress occasionally rather than testing your worth every day. An ordinary repetition can contribute to learning even when it produces no striking feeling or immediately visible improvement.
461,Neutral,Orderliness,You divide a large reading assignment into several manageable sections.,Katha Upanishad,"The chariot metaphor describes the intellect as charioteer, the mind as reins, and the senses as horses needing thoughtful direction.",The Katha Upanishad's chariot image can support giving attention a clear direction. Decide how much to read in one sitting and how you will check understanding. Keep the next section visible but separate. Structure can help you engage with the material without asking your mind to hold the entire assignment at once.
462,Neutral,Restraint,You choose not to repeat an unverified negative comment about a colleague.,Bhagavata Purana — churning of the ocean,"Shiva intervenes when the churning releases dangerous poison, an episode traditionally understood as compassionate protection of living beings.","Shiva's intervention during the churning can symbolize preventing something harmful from spreading. Keep the comment out of further conversation unless a genuine concern requires a factual, appropriate report. Silence here need not mean indifference. It can be a deliberate choice to avoid adding unsupported harm."
463,Neutral,Attentiveness,You practice a few scales on your instrument during a regular lesson.,Saraswati worship — traditional Hindu teaching,"Saraswati is revered in Hindu tradition as a goddess of learning, speech, music, and the arts.","Saraswati's association with music and learning can invite attention to sound as well as technique. Listen to one transition carefully and use your teacher's feedback. You need not turn the exercise into a performance. Repeated, attentive contact with the instrument is part of how musical understanding develops."
464,Neutral,Perspective,You consider whether accepting more freelance work would fit your current priorities.,Brihadaranyaka Upanishad,"Maitreyi asks Yajnavalkya whether wealth can bring immortality, opening an inquiry into what possessions cannot provide.",Maitreyi's question about wealth invites considering what additional earnings would provide and what they would cost in time. Review your present responsibilities and the purpose of the extra work. A considered yes or no can both be reasonable. Let the decision reflect your circumstances rather than an automatic preference for more.
465,Neutral,Ethical awareness,You check whether a classroom activity gives every student a reasonable chance to participate.,Mahabharata — Sabha Parva,Draupadi questions the justice of her treatment in the dice assembly; the episode exposes failures of responsibility among those present.,Draupadi's questions invite scrutiny of arrangements that a group might otherwise accept without thought. Notice who can speak easily and who may need another format. Offer clear turns or a written option where suitable. Everyday fairness often begins with examining the procedure before anyone has to complain about it.
466,Neutral,Reflective choice,You decide whether to continue an extracurricular activity after trying it for a term.,Bhagavata Purana — Dhruva's story,"After painful rejection, Dhruva receives Narada's guidance and undertakes focused devotion; his story includes a change in what he values.","Dhruva's changing priorities can invite a calm review of what you now value. Consider the learning, company, time, and enjoyment the activity actually offered. Continue, modify, or stop for reasons that fit your present life. Trying something has given you information even if it does not become a lasting commitment."
467,Neutral,Clarity,You help a friend compare two options by describing the advantages and limitations of each.,Mahabharata — Udyoga Parva,"Vidura offers honest counsel to Dhritarashtra, including advice that the king finds uncomfortable.","Vidura's honest counsel offers a model for advice that serves understanding rather than approval. Explain what you know, mark what is uncertain, and ask what matters most to your friend. Leave the final choice with them. You can be useful without making your recommendation the condition of your support."
468,Neutral,Balanced consideration,You decide how much time to spend helping at a family function.,Brihadaranyaka Upanishad,"Prajapati's teaching of the three 'da' calls for self-restraint, generosity, and compassion.","The three 'da' teachings suggest considering restraint, generosity, and compassion together. Check the tasks that are genuinely needed and the time you can offer. Agree on a clear role, then carry it out reliably. A contribution does not become more caring merely because its boundaries remain undefined."
469,Neutral,Reflective awareness,You observe how small daily habits have gradually shaped your routine.,Chandogya Upanishad,"Uddalaka teaches Shvetaketu using salt dissolved in water, illustrating an underlying reality that is not directly visible.",Uddalaka's salt-water illustration draws attention to what may be present without standing out. Use that as a reflection on quiet patterns in your day. Notice one habit that supports you and one that needs adjustment. Small influences deserve examination even when no major problem or achievement is visible.
470,Neutral,Civic responsibility,You put shared materials back in order after a community workshop.,Seva — traditional Hindu ethical teaching,"Seva is service offered with care and humility, without making personal recognition its central purpose.","Seva can be expressed through restoring a space for the next person. Check what needs returning, cleaning, or reporting, and complete your agreed share. The task may feel ordinary because it is ordinary. Its usefulness does not depend on visible gratitude or an unusually generous mood."
471,Neutral,Reflectiveness,You decide how to use a free hour between commitments.,Katha Upanishad,Nachiketa chooses a deeper inquiry over Yama's tempting offers; the text distinguishes the good from the merely pleasant.,"Nachiketa's distinction between deeper good and immediate attraction can prompt a simple question about what would serve you now. You might need rest, preparation, or contact with someone. Choose deliberately without making every spare hour productive. A worthwhile use of time can be modest and responsive to the day."
472,Neutral,Settledness,You spend part of a weekend without a special plan and feel comfortable with it.,Yoga Sutras of Patanjali — santosha,"Santosha, contentment, is a Yogic observance concerned with freedom from perpetual dissatisfaction.","Santosha can support allowing enough to be enough for a while. Notice whether you want rest, a small errand, or an unhurried activity, and choose without manufacturing urgency. Unscheduled time need not prove anything. You can let the afternoon unfold within the responsibilities that actually require attention."
473,Neutral,Unhurried warmth,You prepare a simple place for a neighbor who is coming over for tea.,Ramayana — Aranya Kanda,"Shabari welcomes Rama with sincere hospitality, and Rama receives her offerings with respect.","Shabari's hospitality offers a reflection on attention within an ordinary welcome. Make the seating comfortable and ask what your neighbor would like. Once they arrive, let conversation have some space instead of monitoring whether the visit feels impressive. A modest setting can hold an attentive exchange."
474,Neutral,Reliability,You check in on a friend at the regular time you both agreed upon.,Mahabharata — Mahaprasthanika Parva,Yudhishthira refuses to abandon the dog that has accompanied him on his final journey.,"Yudhishthira's loyalty can prompt reflection on the value of keeping a modest commitment. Ask how your friend is and listen without assuming something must be wrong. If your availability changes, say so clearly. Dependable contact can remain light and ordinary while still giving a relationship continuity."
475,Neutral,Orderly patience,You track several confirmed milestones for a project that will take the whole term.,Descent of Ganga — traditional Hindu story,"Bhagiratha perseveres in bringing Ganga to earth, and Shiva receives her powerful descent in his matted hair.",Bhagiratha's sustained purpose offers a reflection on work that unfolds in stages. Keep the milestones visible and identify the dependency for the next one. Review dates when real information changes. A long project can be approached through clear steps without requiring you to feel its entire weight every day.
476,Neutral,Consideration,You move quietly through a shared hostel corridor during designated quiet hours.,Yoga Sutras of Patanjali — ahimsa,"Ahimsa, non-harming, is one of the ethical restraints in Yoga philosophy.","Ahimsa can find an everyday expression in avoiding unnecessary disturbance. Respect the shared quiet, keep a conversation elsewhere if needed, and handle reminders courteously. Small consideration helps different schedules coexist. It need not be a dramatic act to make the place more comfortable for people around you."
477,Neutral,Proportion,You review why a routine team process worked smoothly this month.,Kena Upanishad,"Uma reveals to Indra that the gods' victory depended on Brahman, correcting their assumption of independent power.","Uma's teaching about the support behind success invites looking at the whole arrangement. Identify the people, preparation, and conditions that made the process reliable. Keep what can be repeated and note what depended on circumstance. This gives the team a useful account without turning ordinary success into individual mythology."
478,Neutral,Deliberateness,You read the instructions for a new assignment before deciding how to begin.,Mahabharata — Vana Parva,Yudhishthira pauses to answer the Yaksha's questions instead of ignoring the warning at the lake.,"Yudhishthira's pause at the Yaksha's lake gives attention a place before action. Identify the task, format, deadline, and assessment criteria, then begin with the requirement you understand best. A few deliberate minutes can prevent avoidable rework. You do not need to rush just because others have already started typing."
479,Neutral,Priority awareness,You review whether an old personal goal still matches your current interests.,Bhagavata Purana — Dhruva's story,"After painful rejection, Dhruva receives Narada's guidance and undertakes focused devotion; his story includes a change in what he values.","Dhruva's story includes a change in what he values beyond his original aim. That can invite a calm review of your own goal. Ask what still matters, what has changed, and whether the next step remains worthwhile. Revising a goal thoughtfully can be as responsible as continuing it."
480,Neutral,Straightforwardness,You fill out a routine attendance record accurately.,Yoga Sutras of Patanjali — satya,"Satya, truthfulness, is a foundational ethical restraint in Yoga philosophy.","Satya gives everyday accuracy an ethical place, even when nobody is watching closely. Record what actually happened and correct any uncertainty before submitting. Small truthful habits make records more useful to everyone who relies on them. This task can remain simple without needing either recognition or a moral performance."
481,Neutral,Commitment,"You continue a course that requires regular, manageable effort over several months.",Parvati's tapas — traditional Shaiva story,Traditional accounts describe Parvati's sustained spiritual discipline and determination in her devotion to Shiva.,Parvati's sustained discipline offers a traditional image of purposeful commitment. Keep the next week's work realistic and review whether your method is helping you understand. Dedication can be expressed through an ordinary schedule that leaves room for other needs. You can adjust the method while remaining committed to the learning.
482,Neutral,Unpretentious ease,You and a friend alternate between visiting each other's homes for ordinary conversations.,Bhagavata Purana — Krishna and Sudama,Krishna welcomes his old friend Sudama warmly despite the difference in their material circumstances.,"Familiar visits can let a friendship exist outside achievement and expense. In Krishna's reception of Sudama, personal recognition matters across differences in circumstance. Keep each visit comfortable for the host and offer to help with an ordinary task. You can share a quiet evening without either home becoming a display to evaluate."
483,Neutral,Cooperation,You allocate project tasks according to the different strengths of team members.,Devi Mahatmya — Markandeya Purana,"The gods' combined radiance manifests as the Goddess, who receives their weapons and confronts Mahishasura.","The Goddess's manifestation through gathered divine energies offers a symbolic image of combined capability. Ask what each member can contribute and where support is needed, then agree on handovers. Shared work benefits from visible coordination. Different strengths can serve one purpose without making everyone perform the same role."
484,Neutral,Matter-of-factness,You tell a tutor which topics you know and which you have not studied yet.,Chandogya Upanishad,"Satyakama speaks honestly about his uncertain parentage, and his teacher recognizes the integrity of that answer.",Satyakama's honest introduction to his teacher offers a model for a clear starting point. Describe your preparation accurately and let the tutor help choose the next material. There is no advantage in pretending familiarity that will make instruction less useful. A truthful map of knowledge supports a more suitable learning plan.
485,Neutral,Fair-mindedness,You assess a new teammate's contribution after seeing their work for the first time.,Ramayana — Yuddha Kanda,"Rama accepts Vibhishana when he seeks refuge, despite the suspicion expressed by others.",Rama's openness to Vibhishana invites looking beyond prior assumptions. Base your feedback on what the teammate actually delivered and ask about their approach where something is unclear. Let strengths and development needs both be named. A fair first assessment leaves room for a working relationship to grow.
486,Neutral,Patient effort,You revise vocabulary for a few minutes during your daily commute.,Yoga Sutras of Patanjali — abhyasa,Abhyasa is sustained practice; steadiness develops through continuing effort over time.,Abhyasa gives ordinary repetition a place in learning. Review a manageable set and use the words in a short sentence when convenient. Occasional checking will show which ones need more attention. A small regular practice can be useful without occupying the whole journey or becoming another demand for constant productivity.
487,Neutral,Observant calm,You water plants and check how the soil has changed since yesterday.,Bhagavata Purana — the avadhuta's teachers,"The avadhuta, traditionally associated with Dattatreya, learns patience and forbearance by observing the earth.","The avadhuta's learning from the earth invites attentive observation of ordinary conditions. Check what the plants actually need rather than following a habit mechanically. A small adjustment may be enough. This quiet attention can be practiced for its own sake, without expecting the plants to produce a personal lesson every day."
488,Neutral,Unpressured choice,You browse a market without intending to buy anything in particular.,Isha Upanishad,The opening teaching discourages coveting others' possessions and relates life in the world to a spirit of renunciation.,"The Isha Upanishad's non-coveting principle can invite appreciation without acquisition. Notice the craft, colors, or usefulness of what you see, and buy only if a real need and suitable means meet. Looking can remain looking. You do not have to leave with an object to make the outing complete."
489,Neutral,Discernment,You compare elective subjects according to what you want to understand.,Katha Upanishad,Nachiketa chooses a deeper inquiry over Yama's tempting offers; the text distinguishes the good from the merely pleasant.,"Nachiketa's interest in deeper knowledge invites looking beyond which elective sounds most attractive. Read the actual syllabus, ask about the workload, and consider how the subject connects with your questions. The choice can be thoughtful without feeling dramatic. Select a course for reasons you can explain to yourself."
490,Neutral,Dependability,You maintain a regular schedule for feeding and walking your pet.,Mahabharata — Mahaprasthanika Parva,Yudhishthira refuses to abandon the dog that has accompanied him on his final journey.,Feeding and walking your pet are ordinary commitments with a living being's needs behind them. Yudhishthira's refusal to abandon his dog offers a reflection on dependable care. Check that the routine remains suitable and arrange reliable cover for absences. Consistency matters even on days when looking after your companion feels unremarkable.
491,Neutral,Steady confidence,You review your existing skills before choosing tasks for the coming semester.,Ramayana — Kishkindha Kanda,Jambavan reminds Hanuman of his capabilities before the search for Sita continues across the ocean.,"Jambavan's reminder to Hanuman offers a useful model for taking stock without exaggeration. List skills you can use independently, those needing guidance, and those you want to learn. This quiet inventory can support a realistic semester plan. You do not need either self-doubt or excitement to make a thoughtful choice."
492,Neutral,Adaptability,You rearrange household errands because a shop has changed its opening hours.,Ramayana — Ayodhya Kanda,Rama faces the sudden change from coronation to exile while remaining concerned with duty and family relationships.,An altered plan can sometimes be met with a small adjustment. Rama's changed path offers a broader reflection on holding responsibilities while adapting their form. Move the affected errand and check whether anything else depends on it. The inconvenience need not become a story about the whole day going wrong.
493,Neutral,Receptivity,You listen to a lecture and note one question for later reading.,Brihadaranyaka Upanishad,Gargi questions Yajnavalkya about the foundations of existence in a learned assembly.,Gargi's questioning can inspire an active but unhurried relationship with learning. Keep the question specific and identify a reliable place to investigate it. You do not have to interrupt every moment of uncertainty. Let the note connect today's listening with a small piece of further study.
494,Neutral,Continuing interest,You set aside a little time each week to read beyond your formal coursework.,Taittiriya Upanishad,"The teacher's parting instruction connects truthfulness, responsible conduct, and continued study with life beyond formal education.",The Taittiriya Upanishad values continued study beyond a particular course of instruction. Choose a manageable text and allow time to understand it rather than collect reading hours. Note one idea worth revisiting. Learning can remain part of ordinary life without every session needing to produce a certificate or immediate application.
495,Neutral,Sufficiency,You decide to keep using a functional bag instead of replacing it during a sale.,Isha Upanishad,The opening teaching discourages coveting others' possessions and relates life in the world to a spirit of renunciation.,The Isha Upanishad's non-coveting teaching can illuminate a simple choice based on sufficiency. Check whether your bag still meets your needs and let that answer guide you. A discount does not create a requirement. You can appreciate something new without needing to bring it into your own life.
496,Neutral,Practical humility,You ask an experienced colleague to show you an unfamiliar procedure.,Bhagavata Purana — Gajendra's prayer,Gajendra turns to divine help when his strength cannot free him from the crocodile; the story expresses dependence beyond personal power.,Gajendra's turn toward help can prompt recognition that personal capability has limits. Ask the colleague to explain the critical steps and take notes so you can try them yourself later. Seeking instruction is an ordinary part of responsible work. It can support independence rather than stand in opposition to it.
497,Neutral,Measuredness,"You give a classmate brief, factual feedback on a draft introduction.",Bhagavad Gita — discipline of speech,"The Gita describes disciplined speech as truthful, beneficial, and considerate rather than needlessly distressing.","Truthful and beneficial speech, as described in the Gita, can guide the feedback. Identify what the introduction already communicates and one change that would make its purpose clearer. Keep the suggestion specific enough to use. You can offer care through accuracy without surrounding every comment with excessive praise."
498,Neutral,Collective attentiveness,You coordinate use of a shared laundry area with neighbors whose schedules differ.,Rig Veda — hymn of concord,"The Rig Veda's hymn of concord calls people to assemble, speak together, and cultivate shared purpose.","A shared facility works better when people understand the arrangement. The Rig Veda's call for concord can guide a practical discussion about booking times, cleanup, and flexibility. Ask which constraints are essential and record a simple agreement. Keep a way to raise problems so the arrangement can change when real needs change."
499,Neutral,Task focus,You work through a normal day's assigned tasks without strong excitement or frustration.,Bhagavad Gita — teaching on action,Krishna teaches Arjuna to attend to responsible action without claiming complete control over its fruits.,"Krishna's teaching on action can give meaning to steady, ordinary effort. Choose the task that matters next, complete it with reasonable care, and note what is finished. You do not need a powerful mood to act responsibly. Let the day's work be measured by useful progress rather than constant inspiration."
500,Neutral,Thoughtful interest,You compare two explanations of a philosophical concept during quiet reading.,Brihadaranyaka Upanishad,Gargi questions Yajnavalkya about the foundations of existence in a learned assembly.,"Gargi's inquiry can inspire examining the question underneath each explanation. Note where the accounts agree, what terms they use differently, and which claim needs further support. You can leave the comparison open while you learn more. Understanding often benefits from patient distinction rather than choosing a side immediately."
501,Affection,Generous affection,You want to give a meaningful present to someone who dislikes expensive gestures.,Dana — traditional Hindu ethical teaching,Dana is generosity; traditional Hindu teaching values giving with respect and consideration for the recipient.,"Dana invites attention to the recipient rather than the display of giving. Consider something useful, a shared experience, or a personal note that fits their preferences. Keep the gesture within your means and without hidden expectations. A gift can express affection best when it is easy for the other person to receive."
502,Affection,Tender remembrance,You carry a small note from your partner while spending a semester in another city.,Ramayana — Sundara Kanda,Hanuman gives Sita Rama's ring as a recognizable sign that his message can be trusted.,"A small object can make a relationship feel close across distance. Rama's ring carries that kind of recognition in Hanuman's message to Sita. Let the note be a point of connection, and share ordinary details of your day too. Affection stays responsive through communication as well as meaningful keepsakes."
503,Affection,Attentive care,A friend tells you about a difficult decision and you want to listen before advising.,Mahabharata — Vana Parva,Yudhishthira pauses to answer the Yaksha's questions instead of ignoring the warning at the lake.,Yudhishthira's pause before answering the Yaksha can inspire attention before response. Ask what your friend is weighing and whether they want advice or simply company. Let them finish their thought. Affection can be expressed through careful understanding rather than the speed with which you produce a solution.
504,Affection,Patient tenderness,"A child takes a long time to explain why they are upset, and you want to understand.",Mahabharata — Vana Parva,Yudhishthira pauses to answer the Yaksha's questions instead of ignoring the warning at the lake.,"Yudhishthira's pause before the Yaksha's questions can inspire listening without rushing the answer. Get down to the child's level, ask one simple question, and allow silence. Their account may arrive in pieces. Affection can make enough room for understanding before correction, advice, or an adult interpretation fills the space."
505,Affection,Considerate attachment,You notice a parent regularly gives up their own leisure to help everyone else.,Bhagavad Gita — moderation in daily life,"The Gita recommends moderation in eating, recreation, effort, and sleep as part of disciplined living.",The Gita's moderation teaching makes rest and recreation legitimate parts of life. Ask your parent which task you can take over and help protect a specific period they can use as they choose. Avoid turning the break into another obligation. Care can include making room for their interests beyond caring for others.
506,Affection,Thoughtful protectiveness,You care about a younger cousin and want to guide them without controlling every decision.,Katha Upanishad,"The chariot metaphor describes the intellect as charioteer, the mind as reins, and the senses as horses needing thoughtful direction.","The chariot image in the Katha Upanishad can invite attention to developing judgment. Help your cousin identify options, consequences, and their own reasons before deciding. Keep clear boundaries where you hold genuine responsibility. Affection becomes empowering when guidance gradually strengthens the other person's ability to direct their own life."
507,Affection,Respectful admiration,You feel affection for a teacher who welcomes your questions without making you feel small.,Brihadaranyaka Upanishad,Gargi questions Yajnavalkya about the foundations of existence in a learned assembly.,Gargi's serious inquiry in the Upanishads offers a fitting image for what you appreciate: questions being treated as worthy of attention. Thank the teacher specifically for that openness and practice it when someone asks you something basic. Admiration can become a quality of care you pass into another learning relationship.
508,Affection,Trusting affection,You appreciate a partner who tells you difficult truths with care.,Yoga Sutras of Patanjali — satya,"Satya, truthfulness, is a foundational ethical restraint in Yoga philosophy.","Satya highlights the value of truthfulness in a relationship. Let your partner know that honest, considerate communication matters to you, even when the content takes time to absorb. Ask questions before reacting to assumptions. Trust can grow when both people have room to speak accurately and respond without immediate pressure."
509,Affection,Faithful companionship,You visit an old friend even when illness limits the activities you used to enjoy together.,Mahabharata — Mahaprasthanika Parva,Yudhishthira refuses to abandon the dog that has accompanied him on his final journey.,Yudhishthira's loyalty to his companion offers a reflection on staying present beyond convenience. Ask what length and kind of visit feels manageable and follow any necessary care guidance. A short conversation or shared silence may be enough. The friendship can adapt without measuring the visit against your earlier outings.
510,Affection,Balanced devotion,You enjoy spending time with your partner but also want both of you to rest and maintain other commitments.,Bhagavad Gita — moderation in daily life,"The Gita recommends moderation in eating, recreation, effort, and sleep as part of disciplined living.",The Gita's moderation teaching can support a relationship with room for the rest of life. Discuss the time you enjoy together and the routines each of you needs. Affection does not have to be measured in uninterrupted availability. A sustainable rhythm can make your shared time more attentive and freely chosen.
511,Affection,Cross-cultural warmth,You invite a classmate from another region to share a family celebration.,Ramayana — Aranya Kanda,"Shabari welcomes Rama with sincere hospitality, and Rama receives her offerings with respect.","A thoughtful welcome leaves room for the guest's own customs and comfort. Shabari's hospitality can inspire asking about food preferences and explaining unfamiliar parts of the celebration without testing participation. Introduce a friendly person they can sit with. Affectionate inclusion allows curiosity, observation, and polite refusal as well as enthusiasm."
512,Affection,Guiding affection,You teach a younger sibling to plan homework without doing it for them.,Katha Upanishad,"The chariot metaphor describes the intellect as charioteer, the mind as reins, and the senses as horses needing thoughtful direction.","The Katha Upanishad's chariot image can inspire helping someone develop their own direction. Ask your sibling to choose a starting task and estimate the time, then review the plan together. Step in where guidance is needed. Your affection can support judgment while leaving the actual learning and accomplishment with them."
513,Affection,Creative companionship,You and a loved one enjoy making simple art together without aiming for polished results.,Saraswati worship — traditional Hindu teaching,"Saraswati is revered in Hindu tradition as a goddess of learning, speech, music, and the arts.",Saraswati's association with the arts can invite appreciation of expression and shared learning. Choose materials that are easy to use and let each person make something different. Ask about the other's choices without grading the result. The affection may lie in time spent creating beside one another.
514,Affection,Unconditional regard,You want your child to know your affection does not depend on examination marks.,Bhagavad Gita — teaching on action,Krishna teaches Arjuna to attend to responsible action without claiming complete control over its fruits.,"Krishna's distinction between effort and its fruits can help you speak about learning without making results the price of love. Notice preparation, honesty, and willingness to ask for help. Discuss any academic problem specifically. Let your child hear clearly that a disappointing score does not put the relationship at risk."
515,Affection,Verbal tenderness,You want to express love to a reserved family member who finds emotional conversations awkward.,Bhagavad Gita — discipline of speech,"The Gita describes disciplined speech as truthful, beneficial, and considerate rather than needlessly distressing.","The Gita's teaching on truthful, considerate speech can guide a simple approach. Mention one ordinary thing you appreciate and avoid demanding a matching declaration. A brief note or quiet comment may suit them better than a public speech. Your affection can be clear while leaving their style of response intact."
516,Affection,Restorative affection,You want to reassure a child who was excluded from a game.,Bhagavata Purana — Dhruva's story,"After painful rejection, Dhruva receives Narada's guidance and undertakes focused devotion; his story includes a change in what he values.","Dhruva's story begins with rejection and includes receiving guidance afterward. Sit with the child, acknowledge the hurt, and ask what happened before suggesting a next step. Help them find welcoming company or a fair way to rejoin. Your affection can offer support without insisting that they stop feeling upset immediately."
517,Affection,Freedom-giving love,Your adult child chooses a path different from the one you imagined for them.,Isha Upanishad,The opening teaching discourages coveting others' possessions and relates life in the world to a spirit of renunciation.,"The Isha Upanishad's non-coveting principle can invite loosening the wish to possess an outcome. Ask about your child's reasons and practical plans, and share concerns without making affection conditional. You may need time to adjust. Love can remain present while two people hold different pictures of a good future."
518,Affection,Ordinary tenderness,You feel fondness while folding a loved one's familiar clothes with the household laundry.,Yoga Sutras of Patanjali — santosha,"Santosha, contentment, is a Yogic observance concerned with freedom from perpetual dissatisfaction.",Santosha can invite appreciation of this ordinary closeness without making the task sentimental every time. Notice the affection if it is present and complete your share of the work. Everyday care can be meaningful and still be shared fairly. Love does not require one person to carry all domestic labor.
519,Affection,Patient encouragement,You support a friend's gradual return to a hobby they once loved.,Yoga Sutras of Patanjali — abhyasa,Abhyasa is sustained practice; steadiness develops through continuing effort over time.,"Abhyasa offers a reflection on renewing practice through small, repeated contact. Invite your friend to one short session or help them prepare the materials if they want. Let enjoyment and capacity set the pace. Encouragement can remain gentle without making their return another commitment they owe to you."
520,Affection,Deep admiration,"You admire a mentor who chooses careful understanding over quick, impressive answers.",Katha Upanishad,Nachiketa chooses a deeper inquiry over Yama's tempting offers; the text distinguishes the good from the merely pleasant.,"Nachiketa's commitment to deeper inquiry reflects the quality you value in your mentor. Tell them how their patience has influenced your own learning, perhaps with one example. Practice the same care when you do not know an answer. Admiration can become a way of relating to knowledge and to other learners."
521,Affection,Respect for conviction,You care for a friend whose spiritual beliefs differ from yours and want to respect them.,Bhagavata Purana — Prahlada's story,"Prahlada remains devoted to Vishnu despite Hiranyakashipu's hostility, a traditional example of conviction under pressure.","Prahlada's steadfast devotion can invite recognition that a conviction may matter deeply even when you do not share it. Ask respectful questions only if your friend welcomes them, and honor practical boundaries around observance. Friendship can include difference. You do not need agreement on every belief to treat the person with care."
522,Affection,Empathic warmth,A friend shares good news while also admitting they are nervous about the change.,Yoga Sutras of Patanjali — four attitudes,"Patanjali describes friendliness, compassion, appreciative joy, and equanimity as attitudes that support clarity of mind.",Patanjali's attitudes of appreciative joy and compassion allow you to meet both parts of the experience. Celebrate what is welcome and ask about the uncertainty without rushing to reassure it away. Your friend need not choose one feeling for your benefit. Affection can make room for their whole response.
523,Affection,Appreciation of quiet care,You notice your roommate regularly leaves the study lamp ready for you during exams.,Chandogya Upanishad,"Uddalaka teaches Shvetaketu using salt dissolved in water, illustrating an underlying reality that is not directly visible.","Small arrangements can carry an affection that is easy to miss. Uddalaka's salt-water image invites attention to what is present without being obvious. Thank your roommate for the specific gesture and ask how you can make their routine easier. Mutual care can grow through these modest, noticed details."
524,Affection,Affection beyond status,You feel close to a friend who is content with a simpler lifestyle than your social circle.,Brihadaranyaka Upanishad,"Maitreyi asks Yajnavalkya whether wealth can bring immortality, opening an inquiry into what possessions cannot provide.",Maitreyi's question about possessions invites respect for a life measured by more than accumulation. Ask what your friend enjoys about their choices without romanticizing their circumstances. Suggest time together that fits both your preferences. Affection can honor a different way of living without making it superior or inferior to your own.
525,Affection,Collective affection,You feel close to teammates after seeing each person support the others during a demanding project.,Devi Mahatmya — Markandeya Purana,"The gods' combined radiance manifests as the Goddess, who receives their weapons and confronts Mahishasura.",The Goddess's manifestation through combined energies offers a symbolic image of the strength you experienced together. Name the particular support you appreciated and ask what helped others. A brief shared reflection can preserve those habits. Affection within a team can become a more considerate way of working next time.
526,Affection,Gratitude toward community,You feel thankful to several neighbors who helped your family during a difficult move.,Kena Upanishad,"Uma reveals to Indra that the gods' victory depended on Brahman, correcting their assumption of independent power.",Uma's teaching about the support behind apparent individual success can make that gratitude more specific. Name the different kinds of help and thank people in ways that suit them. A short message or returned practical favor may be enough. You can acknowledge the network without turning appreciation into an impossible debt.
527,Affection,Values-based affection,You admire a friend who chooses meaningful work despite pressure to seek status.,Katha Upanishad,Nachiketa chooses a deeper inquiry over Yama's tempting offers; the text distinguishes the good from the merely pleasant.,Nachiketa's preference for deeper understanding can illuminate what you admire in your friend's choice. Tell them which value you see in their action and ask how the transition is going. Affectionate support includes interest in practical difficulties. You can respect their direction without assuming it will always feel easy.
528,Affection,Admiring affection,You watch a friend return to public speaking after a long period of avoiding it.,Ramayana — Kishkindha Kanda,Jambavan reminds Hanuman of his capabilities before the search for Sita continues across the ocean.,"Tell your friend which part of their return you noticed, rather than offering only a sweeping compliment. Jambavan's encouragement of Hanuman is grounded in recognizing capacity. You might mention their clear opening or willingness to answer a question. Affection can make progress visible while leaving the next step theirs to choose."
529,Affection,Accepting love,A friend shares a complicated family history and you feel closer to them for trusting you.,Chandogya Upanishad,"Satyakama speaks honestly about his uncertain parentage, and his teacher recognizes the integrity of that answer.",Satyakama's honest account of his origins offers a reflection on receiving truth with respect. Thank your friend for trusting you and ask what they want kept private. You do not need to search for a dramatic response. Steady acceptance can give their disclosure a safe place to rest.
530,Affection,Repairing love,You and a partner want to rebuild warmth after a minor disagreement.,Mahabharata — Udyoga Parva,"Krishna undertakes a peace mission before the war, showing the value of a sincere attempt at dialogue.","A small repair can begin with listening to what each person experienced. Krishna's peace effort invites deliberate dialogue rather than waiting for distance to disappear on its own. Acknowledge your part, agree on one change, and choose a simple shared activity. Warmth can return at a pace both of you find comfortable."
531,Affection,Respectful attachment,You feel close to a friend and want to use their creative work in a personal gift.,Yoga Sutras of Patanjali — asteya,"Asteya, non-stealing, is a Yogic ethical restraint; its modern applications can include respect for others' work and resources.","Asteya invites honoring the effort behind what someone makes. Ask permission and explain the intended use, including whether the gift will be shared publicly. Their answer deserves respect even within a close friendship. Affection can make consent and credit more attentive rather than treating intimacy as automatic access."
532,Affection,Nurturing affection,You prepare a familiar meal for a friend who has had a difficult week.,Annapurna tradition — Hindu devotional teaching,"Annapurna is revered as the giver of nourishment, drawing devotional attention to food, generosity, and care.","Annapurna's tradition honors nourishment as an expression of care. Ask about preferences and whether company or a delivered meal would feel better. Keep the gesture simple enough to receive comfortably. You are offering a little support within a difficult week, not asking the meal to fix everything they are facing."
533,Affection,Welcoming friendship,You want a recently divorced friend to feel included in gatherings of couples.,Ramayana — Yuddha Kanda,"Rama accepts Vibhishana when he seeks refuge, despite the suspicion expressed by others.","Rama's openness to Vibhishana can prompt a welcome that does not make one difference define the person. Invite your friend directly and plan an activity that does not depend on paired participation. Ask privately what feels comfortable. Let them join as a whole person, without making their circumstances the evening's central topic."
534,Affection,Companionship,You prefer an unhurried evening with your partner to exchanging expensive gifts.,Brihadaranyaka Upanishad,"Maitreyi asks Yajnavalkya whether wealth can bring immortality, opening an inquiry into what possessions cannot provide.","Maitreyi's question about wealth invites reflection on what material things cannot provide. Tell your partner which part of your time together feels meaningful and plan around that. Gifts can still be welcome, but they need not carry the whole relationship. Shared attention is something you can choose deliberately within ordinary life."
535,Affection,Trusting care,A friend leaves their houseplants with you during a long trip.,Ramayana — Ayodhya Kanda,"Bharata safeguards Rama's kingdom as a trust, placing Rama's sandals on the throne rather than claiming it for himself.","Bharata's stewardship can give this small trust a meaningful frame. Ask for watering instructions, label anything unusual, and send occasional updates at an agreed frequency. Caring for the plants respects both the living things and your friend's attachment to them. You can be dependable without making the task unnecessarily elaborate."
536,Affection,Domestic fondness,You enjoy the familiar sound of your family talking while you do ordinary chores.,Yoga Sutras of Patanjali — santosha,"Santosha, contentment, is a Yogic observance concerned with freedom from perpetual dissatisfaction.","Santosha can deepen appreciation of a simple sense of togetherness. Notice what feels comforting in the shared space and, if you wish, join the conversation for a moment. You do not have to turn the afternoon into a special occasion. Ordinary companionship can be one of affection's most sustaining forms."
537,Affection,Secure affection,Your partner wants an evening with friends and you want to support their independence.,Yoga Sutras of Patanjali — aparigraha,"Aparigraha is non-possessiveness or non-grasping, encouraging examination of excessive attachment to acquisition.","Aparigraha offers a reflection on closeness without possession. Agree on any practical details you both need, then allow the evening to belong to them. Choose something you would enjoy yourself. Love can include confidence that separate time is compatible with connection, rather than needing every interest to be shared."
538,Affection,Affirming tenderness,A younger cousin seeks your reassurance after not being invited to a birthday party.,Bhagavata Purana — Dhruva's story,"After painful rejection, Dhruva receives Narada's guidance and undertakes focused devotion; his story includes a change in what he values.","Dhruva's experience of rejection can open a compassionate conversation without promising a future triumph. Acknowledge that being left out hurts, and spend time with your cousin in something they enjoy. Later, help them consider other friendships. Your affection can offer belonging now rather than make them earn it through achievement."
539,Affection,Responsive affection,A friend's hearing difficulty means crowded cafes make your conversations tiring.,Ramayana — Sundara Kanda,"Hanuman meets Surasa's challenge by changing size and using ingenuity, rather than relying only on strength.","Changing the setting can make care tangible. Hanuman's adaptable approach with Surasa offers a reflection on finding a method suited to the need. Suggest a quieter place, face your friend when speaking, and ask what communication arrangement works best. Your aim is shared conversation, not loyalty to the original cafe."
540,Affection,Compassion,You want to help an isolated neighbor without making them feel dependent or pitied.,Seva — traditional Hindu ethical teaching,"Seva is service offered with care and humility, without making personal recognition its central purpose.","Seva places dignity alongside practical usefulness. Ask your neighbor what they would welcome and offer a specific, manageable form of help. Leave them free to accept, decline, or suggest something else. Affectionate service can support autonomy when it begins with listening rather than deciding what another person must need."
541,Affection,Enduring care,Your family patiently coordinates visits so an elderly relative has regular company.,Descent of Ganga — traditional Hindu story,"Bhagiratha perseveres in bringing Ganga to earth, and Shiva receives her powerful descent in his matted hair.",Bhagiratha's sustained effort offers a reflection on care that needs coordination across time. Agree on realistic visits and ask your relative what kind of company they enjoy. Share the responsibility rather than leaving it to one person. Consistent affection becomes easier to sustain when practical arrangements support it.
542,Affection,Devoted support,Your partner is pursuing a long qualification and you want to support their commitment.,Parvati's tapas — traditional Shaiva story,Traditional accounts describe Parvati's sustained spiritual discipline and determination in her devotion to Shiva.,Parvati's sustained discipline can symbolize dedication to a meaningful aim. Ask your partner which support would help most and discuss the routines both of you need during this period. Affection can be steady without placing your own life entirely on hold. Shared planning makes encouragement more practical and reciprocal.
543,Affection,Mutual trust,You let a loved one help you with a task after usually insisting on doing everything alone.,Bhagavata Purana — Gajendra's prayer,Gajendra turns to divine help when his strength cannot free him from the crocodile; the story expresses dependence beyond personal power.,Gajendra's acknowledgment of limits can provide a reflection on receiving care. Explain the part where help would be useful and work together without apologizing repeatedly. Let the loved one choose what they can offer. Affection can become more mutual when support is allowed to flow toward you as well as from you.
544,Affection,Continuing regard,You want to maintain a respectful bond with a former teacher as you begin your career.,Taittiriya Upanishad,"The teacher's parting instruction connects truthfulness, responsible conduct, and continued study with life beyond formal education.","The Taittiriya Upanishad's farewell teaching connects education with the life that follows. Send an occasional update about how you are using what you learned, and keep requests considerate of your teacher's time. The relationship can continue through shared learning. It need not remain identical to the classroom arrangement to be meaningful."
545,Affection,Protective respect,Your sister asks you not to answer relatives' questions about her relationship.,Ramayana — Sundara Kanda,Sita refuses Ravana's demands and maintains her convictions while held in the Ashoka grove.,Respecting her request is a concrete expression of affection. Sita's firmness offers a symbolic reminder that a person's boundaries remain their own. Tell relatives that the matter is hers to discuss and avoid supplying hints. You can support your sister without becoming the manager or spokesperson of her private life.
546,Affection,Steady devotion,You want to support a parent's long-standing wish to learn reading skills.,Parvati's tapas — traditional Shaiva story,Traditional accounts describe Parvati's sustained spiritual discipline and determination in her devotion to Shiva.,"Parvati's dedication can symbolize honoring a meaningful aim through sustained effort. Help find respectful instruction and a schedule your parent chooses. Practice together only with their agreement, using material they care about. Affection should protect their dignity and ownership of the learning, rather than turning you into an impatient examiner."
547,Affection,Artistic admiration,You feel moved by a friend's music and want them to know you listened carefully.,Saraswati worship — traditional Hindu teaching,"Saraswati is revered in Hindu tradition as a goddess of learning, speech, music, and the arts.","Saraswati's association with music invites appreciation that attends to the work itself. Mention a phrase, rhythm, or feeling that stayed with you and ask about the creative process. Specific listening can feel more personal than general praise. Let your friend decide how much they want to explain or share."
548,Affection,Practical tenderness,You pack a familiar snack for a friend facing a long day of travel.,Annapurna tradition — Hindu devotional teaching,"Annapurna is revered as the giver of nourishment, drawing devotional attention to food, generosity, and care.","Annapurna's association with nourishment can make this small preparation an expression of care. Check what your friend can carry and enjoy, and include only what will keep appropriately. A short note may add a personal touch. Let the gesture travel with them without expecting it to manage all the difficulties of the journey."
549,Affection,Proud affection,You admire a group of friends who combine their abilities to support a community event.,Devi Mahatmya — Markandeya Purana,"The gods' combined radiance manifests as the Goddess, who receives their weapons and confronts Mahishasura.","Durga's manifestation through gathered energies offers a symbolic image of shared strength. Tell each friend what contribution you noticed, including the less visible planning and cleanup. Ask whether help is needed with the remaining tasks. Affection can appreciate the collective result without reducing it to the most visible person's success."
550,Affection,Reassuring affection,You want a friend who is between jobs to feel welcome at your wedding without pressure to buy a gift.,Bhagavata Purana — Krishna and Sudama,Krishna welcomes his old friend Sudama warmly despite the difference in their material circumstances.,"Make the invitation personal and explain that their presence is what you are hoping for. Krishna's warm reception of Sudama can inspire recognizing a friend beyond their current resources. Offer clear information about any unavoidable costs and a comfortable way to decline. Affection should make the invitation easier to receive, not harder to afford."
551,Affection,Joyful empathy,You feel touched by a colleague's excitement about a small personal milestone.,Yoga Sutras of Patanjali — four attitudes,"Patanjali describes friendliness, compassion, appreciative joy, and equanimity as attitudes that support clarity of mind.",Patanjali's appreciative joy gives value to sharing another person's gladness without ranking the milestone. Ask what makes it meaningful to them and offer a sincere congratulations. You do not need to compare it with larger achievements. Affectionate attention lets the event matter in the scale of their own life.
552,Affection,Grateful affection,You want to thank a teacher whose patient explanations helped you believe in your ability.,Bhagavad Gita — discipline of speech,"The Gita describes disciplined speech as truthful, beneficial, and considerate rather than needlessly distressing.","The Gita's discipline of speech joins truth with benefit and consideration. Write a specific message about an explanation or gesture that mattered, rather than searching for impressive praise. Let the teacher receive it without requiring a particular response. Honest appreciation can give a long-lasting influence a clear, personal expression."
553,Affection,Mindful companionship,You want to be more present during your weekly call with an old friend.,Bhagavad Gita — returning a wandering mind,Krishna advises bringing the wandering mind back repeatedly during the practice of meditation.,"Before the call, finish one immediate distraction and put other tasks aside. Krishna's instruction to return attention can help whenever your mind drifts. Ask about something your friend mentioned last time and listen to the answer. Continuity and attention can communicate affection more effectively than trying to make every call long."
554,Affection,Respectful love,You care for someone deeply and want to honor a boundary they have recently expressed.,Ramayana — Sundara Kanda,Sita refuses Ravana's demands and maintains her convictions while held in the Ashoka grove.,Sita's firmness offers a symbolic reminder that convictions and boundaries deserve respect. Listen to what the person has actually asked rather than treating the limit as a rejection of your affection. Adjust your behavior clearly. Love can become more trustworthy when care includes room for the other person's choices.
555,Affection,Patient care,You help an older relative learn to use a smartphone over several short sessions.,Yoga Sutras of Patanjali — abhyasa,Abhyasa is sustained practice; steadiness develops through continuing effort over time.,"Abhyasa values steady practice, and affection can make that practice patient. Teach one function at a time, let your relative try it, and leave clear notes they can use independently. Repeat without making them feel slow. The aim is confidence and usefulness at their pace, not finishing every feature quickly."
556,Affection,Hopeful affection,"Your younger brother begins school, and you want his first days to feel supported.",Ganesha worship — traditional Hindu teaching,Ganesha is traditionally honored at beginnings and associated with wisdom and the removal of obstacles.,"Ganesha's traditional association with beginnings can accompany a gentle start. Help prepare his bag, listen to his expectations, and ask about one part of the day afterward. Avoid requiring him to be excited or brave for you. Familiar, practical care can make room for whatever feelings the beginning brings."
557,Affection,Affection with space,You enjoy a new friendship and want to avoid overwhelming the other person with constant messages.,Yoga Sutras of Patanjali — aparigraha,"Aparigraha is non-possessiveness or non-grasping, encouraging examination of excessive attachment to acquisition.","Aparigraha invites allowing connection to develop without gripping it tightly. Send a thoughtful message, then leave space for the other person's rhythm. Continue your own routines and relationships as well. Affection can grow through mutual interest over time, rather than through the amount of contact one person manages to initiate."
558,Affection,Care for privacy,A close friend leaves their journal at your home and you feel protective of their trust.,Yoga Sutras of Patanjali — asteya,"Asteya, non-stealing, is a Yogic ethical restraint; its modern applications can include respect for others' work and resources.","Asteya can extend to respecting access to another person's private material. Keep the journal closed, store it safely, and arrange its return. Closeness does not grant permission to read what was not shared. Protecting that boundary is a quiet way to make your affection dependable."
559,Affection,Inclusive warmth,You feel drawn to include a new colleague who has not yet found company at lunch.,Ramayana — Yuddha Kanda,"Rama accepts Vibhishana when he seeks refuge, despite the suspicion expressed by others.",One open seat and a direct invitation may make lunch easier for your new colleague. Vibhishana's reception by Rama can invite reflection on practical welcome. Introduce the people at the table and let the colleague join at their own pace. Warmth can offer an opportunity without requiring immediate friendship or personal disclosure.
560,Affection,Neighborly care,You offer to collect groceries for a neighbor whose schedule is unusually demanding this week.,Seva — traditional Hindu ethical teaching,"Seva is service offered with care and humility, without making personal recognition its central purpose.","Seva is most useful when it responds to an actual need. Ask for a clear list, budget, and suitable delivery time, and confirm that the offer would help. Keep this week's arrangement distinct from a permanent expectation. A specific, freely offered action can make affection practical and easy to receive."
561,Affection,Encouraging fondness,A friend starts a small venture and you want to mark the beginning thoughtfully.,Ganesha worship — traditional Hindu teaching,Ganesha is traditionally honored at beginnings and associated with wisdom and the removal of obstacles.,"Ganesha's association with beginnings can inspire a gesture centered on intention and practical support. Ask whether feedback, a useful introduction, or simple encouragement would help. Respect the scale your friend has chosen. You can celebrate the start without promising success or turning your support into influence over their decisions."
562,Affection,Appreciative humility,You realize a family achievement was possible because several people quietly helped.,Kena Upanishad,"Uma reveals to Indra that the gods' victory depended on Brahman, correcting their assumption of independent power.","Uma's teaching to Indra directs attention toward the support behind success. Let your affection become specific acknowledgment: who made time, shared resources, or stayed available? Thank them in a way that respects their preferences. You can celebrate your own part while allowing the achievement to belong within a network of care."
563,Affection,Reconciliatory care,You want to help two relatives speak respectfully after a misunderstanding.,Mahabharata — Udyoga Parva,"Krishna undertakes a peace mission before the war, showing the value of a sincere attempt at dialogue.","Krishna's peace mission can inspire a sincere invitation to dialogue. Ask each relative whether they want help and avoid carrying accusations between them. If they agree, focus on what happened and what would help now. Your affection can open a door while leaving the actual reconciliation in their hands."
564,Affection,Patient solidarity,You help a friend work through several stages of a difficult administrative process.,Descent of Ganga — traditional Hindu story,"Bhagiratha perseveres in bringing Ganga to earth, and Shiva receives her powerful descent in his matted hair.","Bhagiratha's long effort can inspire support that remains organized across stages. Offer to review one document or accompany your friend to one appointment, and keep your commitment clear. Let them retain control of decisions and information. Affectionate solidarity can make a process less lonely without making it your entire responsibility."
565,Affection,Loyal tenderness,You sit with an aging pet whose pace has become slower.,Mahabharata — Mahaprasthanika Parva,Yudhishthira refuses to abandon the dog that has accompanied him on his final journey.,Yudhishthira's loyalty to his companion offers a reflection on care beyond convenience. Let the slower pace guide your time together and follow appropriate veterinary advice about changing needs. The bond can still hold familiar pleasure in quiet company. Affection need not depend on the energy or activities you once shared.
566,Affection,Community warmth,You feel affection for neighbors who regularly look out for one another.,Rig Veda — hymn of concord,"The Rig Veda's hymn of concord calls people to assemble, speak together, and cultivate shared purpose.",The Rig Veda's hymn of concord offers a reflection on shared purpose expressed through everyday contact. Notice the specific habits that make the neighborhood caring and contribute one you can sustain. Welcome different ways of participating. A community can feel connected without requiring everyone to have the same personality or availability.
567,Affection,Gentle companionship,A friend makes a harmless mistake during a game and looks embarrassed.,Yoga Sutras of Patanjali — ahimsa,"Ahimsa, non-harming, is one of the ethical restraints in Yoga philosophy.","Ahimsa can shape the next few seconds: avoid turning the mistake into a performance for others, and help the game continue naturally. Your friend's dignity matters more than an easy joke. A light, kind response may communicate affection without drawing additional attention to the moment they would rather move past."
568,Affection,Stewardship affection,You feel attached to a neighborhood garden and want children to enjoy it too.,Bhagavata Purana — the avadhuta's teachers,"The avadhuta, traditionally associated with Dattatreya, learns patience and forbearance by observing the earth.","The avadhuta's learning from the earth invites patient care for a shared living space. Support safe, age-appropriate ways for children to observe and help, and follow the garden's actual needs. Affection for the place can include welcoming others into responsibility for it, rather than treating it as yours alone."
569,Affection,Reflective affection,You want to understand which gestures make your friend feel cared for.,Yoga Sutras of Patanjali — svadhyaya,Svadhyaya involves sacred study and recitation; reflective engagement with one's conduct is a common contemporary application.,"The reflective spirit associated with svadhyaya can invite looking beyond your own assumptions. Notice what your friend responds to and ask directly what support they value. Listening, practical help, and shared time may matter differently to them. Affection becomes more personal when it is informed by the person receiving it."
570,Affection,Compassionate affection,"A friend needs regular support, and you want to care without becoming their only source of help.",Brihadaranyaka Upanishad,"Prajapati's teaching of the three 'da' calls for self-restraint, generosity, and compassion.","The three 'da' teachings invite compassion held together with restraint. Agree on what you can offer and encourage a wider support network, including professional help when appropriate. Be clear about times you are unavailable. Affection becomes safer for both of you when it does not depend on one person being constantly reachable."
571,Affection,Recipient-centered love,You want to celebrate a friend's birthday in a way that respects their preference for privacy.,Dana — traditional Hindu ethical teaching,Dana is generosity; traditional Hindu teaching values giving with respect and consideration for the recipient.,"Dana invites attention to the person receiving the gesture. Ask whether a private note, small visit, or no celebration would feel best. Follow their answer even if a public surprise would be more exciting for you. Affection becomes more trustworthy when the gift respects the recipient's comfort."
572,Affection,Quiet attachment,"You feel loved by the small, consistent ways a grandparent cares for you.",Chandogya Upanishad,"Uddalaka teaches Shvetaketu using salt dissolved in water, illustrating an underlying reality that is not directly visible.",Some affection is woven into ordinary routines rather than announced. Uddalaka's salt-water image can prompt appreciation of a presence that is easy to overlook. Name one gesture you have noticed and return care in a way your grandparent values. A simple acknowledgment can make quiet love more visible between you.
573,Affection,Gentle attachment,You feel fond of the old tree outside your home and want to care for it responsibly.,Bhagavata Purana — the avadhuta's teachers,"The avadhuta, traditionally associated with Dattatreya, learns patience and forbearance by observing the earth.",The avadhuta's learning from the earth invites a relationship of attention rather than possession. Learn what care the tree actually needs and seek local guidance before making changes around it. Affection for a place can become careful stewardship. Sometimes the most useful action is protecting suitable conditions and allowing growth its own pace.
574,Affection,Honest affection,You love a friend enough to tell them that a recent habit is hurting your relationship.,Mahabharata — Udyoga Parva,"Vidura offers honest counsel to Dhritarashtra, including advice that the king finds uncomfortable.","Vidura's counsel offers an example of speaking truth for another's good rather than offering comfortable agreement. Name the specific behavior, explain its effect, and ask how you can address it together. Keep affection visible without weakening the concern. A caring relationship can make room for uncomfortable but respectful honesty."
575,Affection,Affirming care,You want to encourage a friend whose creative submission was unsuccessful.,Bhagavad Gita — teaching on action,Krishna teaches Arjuna to attend to responsible action without claiming complete control over its fruits.,"You can appreciate the work without pretending the rejection does not hurt. Krishna's teaching on action invites noticing effort and choices separately from the final result. Mention something specific you valued, then ask whether your friend wants company or feedback. Affection need not turn immediately into a plan for their next attempt."
576,Affection,Reliable love,You want a child to trust that you will keep small promises you make.,Yoga Sutras of Patanjali — satya,"Satya, truthfulness, is a foundational ethical restraint in Yoga philosophy.","Satya gives those everyday promises significance. Offer only what you can reasonably do, record it if necessary, and explain promptly when a real change prevents it. Trust grows through understandable follow-through. Affection can be expressed by making your words reliable rather than making each promise more exciting."
577,Affection,Encouraging love,You want to support a younger sibling who has forgotten how much they have already learned.,Ramayana — Kishkindha Kanda,Jambavan reminds Hanuman of his capabilities before the search for Sita continues across the ocean.,Jambavan helps Hanuman recognize abilities already present. Offer your sibling that kind of encouragement through a specific example of their progress. Ask what part feels difficult and whether they want help. Affection can lend perspective without promising that the task will be easy or taking it over entirely.
578,Affection,Reunited fondness,You reconnect with a former roommate over the inexpensive meals you used to cook together.,Bhagavata Purana — Krishna and Sudama,Krishna welcomes his old friend Sudama warmly despite the difference in their material circumstances.,"Those recipes may hold a form of closeness that belonged to everyday life together. The meeting of Krishna and Sudama invites appreciation of affection beyond costly offerings. Cook one familiar dish together if you both want to, and enjoy the details you remember differently. Let the shared activity make room for fresh conversation."
579,Affection,Shared affection,Your family wants a regular way to stay connected despite different work schedules.,Rig Veda — hymn of concord,"The Rig Veda's hymn of concord calls people to assemble, speak together, and cultivate shared purpose.",Connection can have a shared place in family life without requiring matching schedules. A hymn of concord in the Rig Veda invites people to speak together around common purpose. Choose a short call or meal time and make absence easy to explain. Keep the gathering focused on hearing one another rather than checking attendance.
580,Affection,Protective compassion,You feel protective of a friend whose achievements are repeatedly belittled by others.,Mahabharata — Sabha Parva,Draupadi questions the justice of her treatment in the dice assembly; the episode exposes failures of responsibility among those present.,"Draupadi's assembly reminds us that those who witness disrespect have a part to play. Ask your friend what support they would welcome, then challenge the specific belittling behavior where appropriate. Avoid speaking for them automatically. Protective affection should strengthen their choices and voice, not replace them with your own."
581,Affection,Trust and acceptance,A partner admits an insecurity they have hidden for a long time.,Chandogya Upanishad,"Satyakama speaks honestly about his uncertain parentage, and his teacher recognizes the integrity of that answer.","Satyakama's honest disclosure offers a reflection on receiving truth without reducing the person to it. Thank your partner, ask what kind of response would help, and keep the confidence private. You can listen before reassuring. Their vulnerability does not obligate them to explain every detail immediately."
582,Affection,Flexible care,"Your partner is tired, so you want to adapt a planned outing without making them feel guilty.",Ramayana — Sundara Kanda,"Hanuman meets Surasa's challenge by changing size and using ingenuity, rather than relying only on strength.","Hanuman's flexible response to Surasa can inspire preserving a purpose while changing the approach. If the purpose is time together, suggest a quieter option and let your partner choose. Caring adjustment can be simple. You can acknowledge your own hopes for the outing without making their tiredness a disappointment they must repair."
583,Affection,Non-possessive love,You want to support a close friend's opportunity in another city even though you will miss them.,Isha Upanishad,The opening teaching discourages coveting others' possessions and relates life in the world to a spirit of renunciation.,The Isha Upanishad's non-coveting principle can inspire love that does not need to keep everything close. Share your happiness for their opportunity and your sadness about the distance honestly. Discuss a realistic way to stay connected. Affection can support their movement while giving your own feelings room to be heard.
584,Affection,Family loyalty,You look after a sibling's responsibilities while they are away for examinations.,Ramayana — Ayodhya Kanda,"Bharata safeguards Rama's kingdom as a trust, placing Rama's sandals on the throne rather than claiming it for himself.","Bharata's stewardship offers an image of caring for what someone has entrusted to you. Clarify which tasks need attention and how long the arrangement will last. Handle them carefully, then return responsibility when your sibling is available. Love can support another person's life without silently taking permanent ownership of it."
585,Affection,Receptive love,Someone close to you finally asks for help after trying to manage alone.,Bhagavata Purana — Gajendra's prayer,Gajendra turns to divine help when his strength cannot free him from the crocodile; the story expresses dependence beyond personal power.,"Gajendra's prayer can invite a respectful response to the moment someone acknowledges their limits. Thank them for telling you, ask what would be useful, and be honest about your own capacity. Offer practical support or help locating appropriate assistance. Receiving their trust matters more than proving you can solve everything."
586,Affection,Loyal support,A friend maintains an important belief under social pressure and you want to stand by them.,Bhagavata Purana — Prahlada's story,"Prahlada remains devoted to Vishnu despite Hiranyakashipu's hostility, a traditional example of conviction under pressure.","Prahlada's conviction offers a traditional image of staying rooted when others resist. Ask what your friend needs from you and support their safety and choices. You can respect their belief without speaking on their behalf. Loyal affection is often expressed through presence, careful listening, and a willingness to oppose coercive treatment."
587,Affection,Welcoming affection,You want a friend's first visit to your family home to feel comfortable.,Ramayana — Aranya Kanda,"Shabari welcomes Rama with sincere hospitality, and Rama receives her offerings with respect.","Shabari's hospitality can inspire a welcome shaped around the guest rather than appearances. Ask about preferences, introduce people thoughtfully, and give your friend room to settle. You do not need an elaborate menu to communicate affection. Attentive listening often makes a visit feel more personal than flawless preparation."
588,Affection,Protective care,You want to keep a younger sibling from being drawn into a cruel online argument.,Bhagavata Purana — churning of the ocean,"Shiva intervenes when the churning releases dangerous poison, an episode traditionally understood as compassionate protection of living beings.","Shiva's protective intervention in the churning story can symbolize limiting harm. Help your sibling understand privacy, blocking, and reporting options, and ask how they want support. Avoid taking over their account without agreement. Care is most useful when it strengthens their ability to respond safely and seek help when needed."
589,Affection,Attentive love,You notice you check your phone while your partner is telling you about their day.,Bhagavad Gita — returning a wandering mind,Krishna advises bringing the wandering mind back repeatedly during the practice of meditation.,"Krishna's guidance about returning a wandering mind can inspire a small act of affection. Put the phone aside, acknowledge the distraction, and invite your partner to continue. You do not need to make a large promise. Returning attention in this conversation gives your care a form they can actually experience."
590,Affection,Advocating care,You want to support a classmate whose contribution is consistently ignored in discussions.,Mahabharata — Sabha Parva,Draupadi questions the justice of her treatment in the dice assembly; the episode exposes failures of responsibility among those present.,"Draupadi's assembly reminds us that the surrounding group also has responsibility. Return attention to your classmate's point by naming it accurately and inviting them to finish. Ask afterward whether that was helpful. Affectionate solidarity can change the room's behavior while keeping their own voice, rather than your intervention, at the center."
591,Affection,Steadfast love,"A loved one's plans change suddenly, and you want them to know your support remains.",Ramayana — Ayodhya Kanda,Rama faces the sudden change from coronation to exile while remaining concerned with duty and family relationships.,"You can say clearly which part of your support is dependable, even while practical plans change. Rama's altered circumstances invite reflection on maintaining care through disruption. Offer something concrete, such as a regular call or help with one errand. Steadiness becomes easier to trust when it has a realistic form."
592,Affection,Caring candor,You want to tell a close friend that you miss spending time together.,Mahabharata — Udyoga Parva,"Vidura offers honest counsel to Dhritarashtra, including advice that the king finds uncomfortable.",Vidura's honest counsel can inspire a conversation that states a need without disguising it as criticism. Mention a particular kind of time you miss and suggest a realistic plan. Ask what their current capacity is. Affection can speak directly while avoiding accusations about how much the other person cares.
593,Affection,Intellectual affection,"You enjoy a friendship built around long, respectful conversations about difficult questions.",Brihadaranyaka Upanishad,Gargi questions Yajnavalkya about the foundations of existence in a learned assembly.,Gargi's philosophical dialogue offers an image of inquiry as serious engagement. Keep the friendship hospitable to unfinished thoughts and changing views. You might each bring one question rather than an argument to win. Affection can deepen through the experience of being heard carefully while thinking aloud.
594,Affection,Compassionate boundaries,You love a relative but cannot take on every responsibility they ask you to handle.,Brihadaranyaka Upanishad,"Prajapati's teaching of the three 'da' calls for self-restraint, generosity, and compassion.",The three 'da' teachings hold compassion together with restraint and generosity. Tell your relative what you can do reliably and what needs another arrangement. A limit can feel uncomfortable without reducing your affection. Clear commitments may offer more dependable care than a series of exhausted promises you cannot sustain.
595,Affection,Mentoring affection,You want to keep supporting a student after they finish the course you taught.,Taittiriya Upanishad,"The teacher's parting instruction connects truthfulness, responsible conduct, and continued study with life beyond formal education.",The Taittiriya Upanishad's farewell teaching links education with continued learning beyond formal instruction. Offer a realistic way to stay in touch and encourage the student's growing independence. Your care can continue through occasional guidance rather than constant supervision. Let the relationship evolve as their needs and capabilities change.
596,Affection,Self-compassion,You want to treat yourself more kindly while learning to manage a demanding schedule.,Yoga Sutras of Patanjali — ahimsa,"Ahimsa, non-harming, is one of the ethical restraints in Yoga philosophy.","Ahimsa can inform the way you respond to your own limits. Look at the schedule as you would for someone you care about: what is necessary, what is excessive, and where is support missing? Make one reasonable adjustment. Kindness toward yourself can take the practical form of a more workable day."
597,Affection,Self-respecting affection,You want to understand why you express care through fixing problems even when others want listening.,Yoga Sutras of Patanjali — svadhyaya,Svadhyaya involves sacred study and recitation; reflective engagement with one's conduct is a common contemporary application.,"Reflective engagement associated with svadhyaya can help you notice the intention and the effect of your response. Before offering a solution, ask whether listening or practical help would be useful. Review how that changes the conversation. Your care need not become less active; it can become better matched to the person."
598,Affection,Protective tenderness,You want to support a friend who is receiving hostile messages online.,Bhagavata Purana — churning of the ocean,"Shiva intervenes when the churning releases dangerous poison, an episode traditionally understood as compassionate protection of living beings.","Shiva's protective role can symbolize limiting harm rather than joining its spread. Ask your friend before intervening, help preserve evidence or adjust privacy settings if wanted, and encourage appropriate reporting. Stay available within your capacity. Your support should reduce their burden without creating another argument they must manage."
599,Affection,Supportive affection,A parent faces an unexpected change at work and you want to stand beside them.,Ramayana — Ayodhya Kanda,Rama faces the sudden change from coronation to exile while remaining concerned with duty and family relationships.,"Rama's changed circumstances invite reflection on care that continues when plans are disrupted. Ask your parent what would be useful now, whether listening, an errand, or practical space. You do not have to solve the whole change. Your steady presence can be offered without denying the uncertainty they are facing."
600,Affection,Long-distance fondness,You record a bedtime story for a niece who now lives far away.,Ramayana — Sundara Kanda,Hanuman gives Sita Rama's ring as a recognizable sign that his message can be trusted.,"A familiar voice can carry affection across distance. Hanuman's delivery of Rama's ring offers a reflection on recognizable signs of connection. Keep the recording personal and suited to the child's routine, perhaps using a story you shared before. Ask their parent what timing works instead of expecting an immediate response."
601,Curiosity,Scholarly curiosity,You want to learn more about women who participate in philosophical dialogue in Hindu texts.,Brihadaranyaka Upanishad,Gargi questions Yajnavalkya about the foundations of existence in a learned assembly.,"Gargi's questions to Yajnavalkya provide a well-established place to begin. Read the dialogue in context and note what she asks, how the exchange develops, and where interpretation differs. Keep your first inquiry focused on the actual text. A careful beginning will support broader exploration without relying on simplified inspirational retellings."
602,Curiosity,Motivational curiosity,You want to understand how people stay motivated when outcomes remain uncertain.,Bhagavad Gita — teaching on action,Krishna teaches Arjuna to attend to responsible action without claiming complete control over its fruits.,"Krishna's teaching to Arjuna directs attention to action without complete ownership of results. Try separating a goal into actions you can take and outcomes you can only influence. Observe whether that changes how you plan a week. Treat the exercise as an exploration of your working habits, not a promise of success."
603,Curiosity,Curiosity about generosity,You want to understand what makes a gift respectful rather than burdensome.,Dana — traditional Hindu ethical teaching,Dana is generosity; traditional Hindu teaching values giving with respect and consideration for the recipient.,"Dana invites attention to intention, suitability, and the recipient's dignity. Think about whether a gift creates pressure, publicity, or an expectation of repayment. Ask about preferences when appropriate. A useful experiment is to offer a small choice, allowing the recipient to accept, decline, or suggest what would serve them better."
604,Curiosity,Problem-solving curiosity,You want to explore why a smaller solution sometimes works better than a more powerful one.,Ramayana — Sundara Kanda,"Hanuman meets Surasa's challenge by changing size and using ingenuity, rather than relying only on strength.",Hanuman's encounter with Surasa gives a narrative example of changing strategy rather than relying only on strength. Choose one practical problem and list its actual constraints before adding features or effort. Test the smallest workable approach. Let the result show which complexity is necessary and which merely looks impressive.
605,Curiosity,Curiosity about boundaries,You want to understand how someone can remain kind while saying a firm no.,Ramayana — Sundara Kanda,Sita refuses Ravana's demands and maintains her convictions while held in the Ashoka grove.,Sita's firmness can serve as a symbolic starting point for exploring conviction. Notice how a clear boundary differs from insulting the person making a request. Practice a short refusal that states the limit and any genuine alternative. You can investigate firmness through respectful language rather than assuming kindness requires agreement.
606,Curiosity,Learning curiosity,You wonder why short repeated practice can feel more manageable than occasional intense sessions.,Yoga Sutras of Patanjali — abhyasa,Abhyasa is sustained practice; steadiness develops through continuing effort over time.,Abhyasa places sustained effort at the center of practice. Test a modest schedule on one skill and note whether it supports attention and return. Keep the task and conditions comparable enough to learn from the experience. Your observations can guide the next adjustment without making one pattern a universal rule for everyone.
607,Curiosity,Giving-design curiosity,You wonder whether an anonymous gift or a personal offer would better support a particular person.,Dana — traditional Hindu ethical teaching,Dana is generosity; traditional Hindu teaching values giving with respect and consideration for the recipient.,"Dana invites attention to the recipient's dignity and circumstances. Consider privacy, practical access, and whether clarification is needed before giving. If possible, ask in a way that leaves a comfortable choice. Anonymity is not automatically better in every case; the question is which form would serve this person respectfully."
608,Curiosity,Curiosity about collecting,You notice that saving more online resources sometimes makes it harder to use any of them.,Yoga Sutras of Patanjali — aparigraha,"Aparigraha is non-possessiveness or non-grasping, encouraging examination of excessive attachment to acquisition.",Aparigraha invites examining accumulation that has lost its purpose. Review a small part of your saved collection and distinguish useful material from repeated or outdated items. Choose one resource to actually use this week. Your curiosity can investigate the relationship between collecting information and engaging with it.
609,Curiosity,Interest in dependable bonds,You want to understand why a small group of friends has remained close after many moves.,Mahabharata — Mahaprasthanika Parva,Yudhishthira refuses to abandon the dog that has accompanied him on his final journey.,"Yudhishthira's loyalty offers a reflection on continuity of care. Ask your friends which habits helped: checking in, respecting changing capacity, repairing disagreements, or making time during visits. Different people may name different things. Let their answers broaden your picture of loyalty beyond frequent contact or shared location."
610,Curiosity,Inclusion inquiry,You are designing orientation materials and wonder what new students most need to know.,Ramayana — Yuddha Kanda,"Rama accepts Vibhishana when he seeks refuge, despite the suspicion expressed by others.","Rama's reception of Vibhishana can inspire making room for someone entering an unfamiliar group. Ask recent arrivals which practical details were missing and which introductions helped. Build the material around those answers, with clear contacts for further questions. A welcoming guide should reflect newcomers' needs rather than insiders' assumptions."
611,Curiosity,Autonomy curiosity,You wonder why explaining a personal preference sometimes invites more pressure instead of understanding.,Ramayana — Sundara Kanda,Sita refuses Ravana's demands and maintains her convictions while held in the Ashoka grove.,"Sita's firmness can prompt reflection on the difference between stating a boundary and seeking permission for it. Notice which explanations clarify a practical issue and which open an endless debate. Try a brief, respectful statement in a low-stakes setting. Observe the response without assuming you owe further justification every time."
612,Curiosity,Curiosity about fulfillment,You wonder why achieving financial goals does not always answer deeper questions about life.,Brihadaranyaka Upanishad,"Maitreyi asks Yajnavalkya whether wealth can bring immortality, opening an inquiry into what possessions cannot provide.","Maitreyi asks what wealth can ultimately provide, opening an inquiry beyond possession. Distinguish practical security, pleasure, relationships, and questions of meaning in your own reflection. Each may require different attention. You can value financial stability while exploring why it cannot be expected to answer every human need."
613,Curiosity,Mythological curiosity,You wonder what Shiva's intervention during the churning of the ocean can mean symbolically.,Bhagavata Purana — churning of the ocean,"Shiva intervenes when the churning releases dangerous poison, an episode traditionally understood as compassionate protection of living beings.",The story describes Shiva protecting living beings when dangerous poison emerges. A modern reflection might consider how harm is prevented from spreading. Keep that interpretation distinct from literal advice: human care does not require swallowing feelings or enduring abuse. Explore a practical example where boundaries and assistance protect everyone involved.
614,Curiosity,Ethical exploration,"You are curious how restraint, generosity, and compassion can guide the same decision.",Brihadaranyaka Upanishad,"Prajapati's teaching of the three 'da' calls for self-restraint, generosity, and compassion.","The three 'da' teachings bring these disciplines together rather than leaving care to a single impulse. Choose an everyday request and ask what each quality would notice. Restraint may clarify limits, generosity the available contribution, and compassion the person's experience. Look for a response that takes all three seriously."
615,Curiosity,Ethical curiosity,You wonder how to give advice when the listener wants approval more than honesty.,Mahabharata — Udyoga Parva,"Vidura offers honest counsel to Dhritarashtra, including advice that the king finds uncomfortable.","Vidura's counsel offers a difficult example of speaking truth to someone who may resist it. Consider the listener's actual decision, the evidence you have, and whether advice has been invited. Try wording one concern clearly and respectfully. Useful counsel can be evaluated by its honesty and relevance, not merely by acceptance."
616,Curiosity,Existential curiosity,You wonder what makes a goal worthwhile beyond immediate pleasure or social approval.,Katha Upanishad,Nachiketa chooses a deeper inquiry over Yama's tempting offers; the text distinguishes the good from the merely pleasant.,"Nachiketa's distinction between the good and the merely pleasant offers a serious question to sit with. Choose a goal and examine the value it serves, the effort it requires, and whose approval it seeks. You do not need a final philosophy today. A clearer reason can guide the next choice."
617,Curiosity,Routine curiosity,You are curious whether a more balanced schedule would change how you experience study.,Bhagavad Gita — moderation in daily life,"The Gita recommends moderation in eating, recreation, effort, and sleep as part of disciplined living.","The Gita's teaching on moderation includes work, rest, food, and recreation. Map your current week and choose one realistic adjustment, such as a consistent stopping time. Observe what becomes easier or harder over several days. Your own experience can inform the routine without turning a spiritual principle into a medical claim."
618,Curiosity,Curiosity about collective strength,You are intrigued by the gods contributing their energies and weapons to the Goddess.,Devi Mahatmya — Markandeya Purana,"The gods' combined radiance manifests as the Goddess, who receives their weapons and confronts Mahishasura.",The Devi Mahatmya presents the Goddess's manifestation and battle within a religious narrative. One modern reflection is the value of bringing different strengths together. Examine a team you know and ask which contributions are visible or overlooked. The comparison can enrich your thinking without reducing the Goddess to a management metaphor.
619,Curiosity,Curiosity about humility,You wonder why the gods' victory in the Kena Upanishad leads to a lesson from Uma.,Kena Upanishad,"Uma reveals to Indra that the gods' victory depended on Brahman, correcting their assumption of independent power.","The story challenges the gods' assumption that victory belonged entirely to their own power. Read how the encounter unfolds and consider what the text says about knowledge and dependence. In a modern setting, you might examine the support behind an achievement. Keep that application distinct from the story's larger metaphysical teaching."
620,Curiosity,Nature-learning curiosity,You watch gardeners work patiently and wonder what careful observation adds to routine effort.,Bhagavata Purana — the avadhuta's teachers,"The avadhuta, traditionally associated with Dattatreya, learns patience and forbearance by observing the earth.","The avadhuta's learning from the earth gives contemplation a place in ordinary observation. Ask the gardeners how they decide when to water, prune, or wait. Their answers can show the role of specific conditions and experience. Let the learning remain attentive to plants themselves as well as any personal reflection you draw."
621,Curiosity,Curiosity about nourishment,You are interested in why food has such a prominent place in devotional care.,Annapurna tradition — Hindu devotional teaching,"Annapurna is revered as the giver of nourishment, drawing devotional attention to food, generosity, and care.","Annapurna's tradition places nourishment within a sacred relationship of giving and receiving. Explore a meal practice in your family or community and ask what care it expresses. Notice the preparation, labor, sharing, and gratitude involved. A respectful inquiry can include practical questions about waste and access as well as ritual meaning."
622,Curiosity,Curiosity about conviction,You want to understand how steadfast belief differs from refusing to listen.,Bhagavata Purana — Prahlada's story,"Prahlada remains devoted to Vishnu despite Hiranyakashipu's hostility, a traditional example of conviction under pressure.","Prahlada's devotion offers a traditional example of conviction under pressure. In a modern reflection, distinguish protecting a core value from dismissing relevant information or another person's dignity. Ask what evidence or conversation would help you understand a disagreement. Firmness and thoughtful listening need not be treated as opposites."
623,Curiosity,Identity curiosity,You notice that recognition matters less to you now than when you first began a hobby.,Bhagavata Purana — Dhruva's story,"After painful rejection, Dhruva receives Narada's guidance and undertakes focused devotion; his story includes a change in what he values.","Dhruva's changing priorities can offer a narrative companion to this shift. Ask what the hobby itself now provides: expression, understanding, companionship, or satisfying practice. You need not reject all recognition to value those things. A clearer account of your present reasons can guide how much time and attention you give it."
624,Curiosity,Interpersonal curiosity,You wonder why another person's success sometimes inspires you and sometimes makes you uncomfortable.,Yoga Sutras of Patanjali — four attitudes,"Patanjali describes friendliness, compassion, appreciative joy, and equanimity as attitudes that support clarity of mind.","Patanjali's appreciative joy can be a starting point for examining the difference compassionately. Notice the circumstances, your own unmet goals, and the story you tell about the comparison. You can congratulate someone and still investigate your discomfort privately. Curiosity gives the feeling information to reveal without making it a moral failure."
625,Curiosity,Evidence curiosity,"A convincing image circulates online, and you want to discover where it originally came from.",Ramayana — Sundara Kanda,Hanuman gives Sita Rama's ring as a recognizable sign that his message can be trusted.,"Hanuman's recognizable token highlights the relationship between a message and its basis for trust. Look for the image's original publication, date, and context using reliable verification methods. Notice whether later captions change its meaning. Curiosity can become careful checking before you decide what the image actually supports."
626,Curiosity,Consumer curiosity,You wonder why advertising makes ordinary possessions seem insufficient.,Brihadaranyaka Upanishad,"Maitreyi asks Yajnavalkya whether wealth can bring immortality, opening an inquiry into what possessions cannot provide.",Maitreyi's inquiry into the limits of wealth can prompt examination of what a purchase is being asked to deliver. Look at an advertisement and separate the product's practical function from its promises about identity or belonging. Then compare those promises with your real needs. Curiosity can create space before desire becomes a decision.
627,Curiosity,Interest in enoughness,You are curious how people decide that they have enough of something.,Isha Upanishad,The opening teaching discourages coveting others' possessions and relates life in the world to a spirit of renunciation.,"The Isha Upanishad's non-coveting teaching can open a question about need and comparison. Choose one category, such as clothes or digital subscriptions, and examine what you actually use. Define enough for your present circumstances, then revisit it when those circumstances change. The inquiry can remain practical rather than becoming a competition in minimalism."
628,Curiosity,Reflective curiosity,You are interested in how sacred study can become relevant to ordinary conduct.,Yoga Sutras of Patanjali — svadhyaya,Svadhyaya involves sacred study and recitation; reflective engagement with one's conduct is a common contemporary application.,"Svadhyaya traditionally involves sacred study and recitation. Read a small passage carefully, then ask what question it raises about a choice you actually face. Keep the text's meaning distinct from your personal application. Reflection becomes more useful when it is specific, revisable, and informed by understanding rather than borrowed slogans."
629,Curiosity,Curiosity about loyalty,You wonder how loyalty differs from agreeing with everything a friend does.,Mahabharata — Mahaprasthanika Parva,Yudhishthira refuses to abandon the dog that has accompanied him on his final journey.,Yudhishthira's refusal to abandon his companion offers a story of steadfast care. Use it to ask what makes support dependable while leaving room for honest disagreement. Think of one situation where a friend needs presence and another where they need a clear boundary. Loyalty can be explored through both.
630,Curiosity,Symbolic inquiry,You are designing a wellness card and want to use Shiva's poison story responsibly.,Bhagavata Purana — churning of the ocean,"Shiva intervenes when the churning releases dangerous poison, an episode traditionally understood as compassionate protection of living beings.","The episode centers Shiva's protective intervention during the churning. A responsible modern reflection might emphasize limiting harm and seeking support, while avoiding advice to absorb abuse or suppress emotion. State that your practical lesson is an interpretation. The story's imagery should deepen the user's choices, not make endurance of harm sound sacred."
631,Curiosity,Curiosity about help,You wonder why asking for support can feel harder than continuing to struggle alone.,Bhagavata Purana — Gajendra's prayer,Gajendra turns to divine help when his strength cannot free him from the crocodile; the story expresses dependence beyond personal power.,"Gajendra's prayer gives spiritual expression to reaching the limits of personal strength. Consider what makes help difficult for you: fear of judgment, unclear requests, or previous experiences. Try asking for one small, specific form of assistance. Let the response provide information instead of assuming what receiving help must mean."
632,Curiosity,Ritual curiosity,You wonder why Ganesha is often honored before a new undertaking.,Ganesha worship — traditional Hindu teaching,Ganesha is traditionally honored at beginnings and associated with wisdom and the removal of obstacles.,"Ganesha is traditionally associated with beginnings, wisdom, and obstacles. Explore the practice through a reliable account from the tradition and notice how people understand its meaning differently. For your own reflection, ask what intention and preparation a beginning needs. Ritual interest can accompany practical planning without promising a particular outcome."
633,Curiosity,Justice inquiry,You want to explore why groups sometimes stay silent when someone is treated unfairly.,Mahabharata — Sabha Parva,Draupadi questions the justice of her treatment in the dice assembly; the episode exposes failures of responsibility among those present.,"Draupadi's questions in the assembly expose the responsibilities of witnesses and authorities. Read the episode with attention to different responses rather than treating the group as one voice. In your own setting, ask what makes intervention difficult and what support could help. Inquiry can identify safer, more effective ways to respond."
634,Curiosity,Curiosity about uncertainty,You are interested in how to communicate a tentative conclusion without sounding evasive.,Yoga Sutras of Patanjali — satya,"Satya, truthfulness, is a foundational ethical restraint in Yoga philosophy.","Satya can support an accurate account of uncertainty. State what the evidence suggests, what remains unclear, and what would change the conclusion. Try this structure on a small project update. Honest qualification is useful when it helps someone understand the limits of a claim rather than hiding the claim itself."
635,Curiosity,Volunteering inquiry,You want to learn whether a community needs the activity you are planning to offer.,Seva — traditional Hindu ethical teaching,"Seva is service offered with care and humility, without making personal recognition its central purpose.","Seva begins with the usefulness of service to others. Speak with the people affected and existing organizers before designing the activity. Ask what has already been tried, what is missing, and what would create extra work. Curiosity can prevent a well-meant project from answering a need that was never actually expressed."
636,Curiosity,Decision-process curiosity,You want to understand what happens between wanting an immediate reward and choosing a longer-term goal.,Katha Upanishad,"The chariot metaphor describes the intellect as charioteer, the mind as reins, and the senses as horses needing thoughtful direction.","The Katha Upanishad's chariot metaphor gives a philosophical image of direction amid competing pulls. Observe one low-stakes decision and name the impulse, the information, and the consequence you considered. Avoid treating the image as neuroscience. It can still help you describe the experience and ask more precise questions about your choices."
637,Curiosity,Artistic curiosity,You want to learn why Saraswati is associated with both knowledge and music.,Saraswati worship — traditional Hindu teaching,"Saraswati is revered in Hindu tradition as a goddess of learning, speech, music, and the arts.","Saraswati's traditional associations connect learning, speech, music, and the arts. Look at reliable descriptions of her worship and symbolism, then consider how listening and disciplined practice operate in both study and music. Let the question open observation rather than force a single explanation for a rich devotional tradition."
638,Curiosity,Story curiosity,You want to explore why Ganga's descent involves both Bhagiratha's effort and Shiva's intervention.,Descent of Ganga — traditional Hindu story,"Bhagiratha perseveres in bringing Ganga to earth, and Shiva receives her powerful descent in his matted hair.","The traditional story brings sustained purpose together with the need to receive a powerful force appropriately. Read a reliable version and notice the sequence of events. As a modern reflection, ask when a goal requires both persistence and suitable support. Keep that lesson identified as an application rather than a quoted teaching."
639,Curiosity,Feedback curiosity,You want to discover why some feedback is ignored even when it contains useful information.,Mahabharata — Udyoga Parva,"Vidura offers honest counsel to Dhritarashtra, including advice that the king finds uncomfortable.","Vidura's counsel offers a narrative of advice meeting resistance. Examine timing, trust, relevance, and the listener's ability to act, rather than blaming only the wording. Ask permission before offering feedback on a small task and observe the exchange. One interaction can suggest questions without proving a universal explanation."
640,Curiosity,Empathy inquiry,You want to understand how jokes can be playful without making someone feel unsafe or diminished.,Yoga Sutras of Patanjali — ahimsa,"Ahimsa, non-harming, is one of the ethical restraints in Yoga philosophy.","Ahimsa invites attention to who bears the cost of the joke. Notice consent, power differences, repetition, and whether the person can object comfortably. Ask trusted friends what they enjoy and what crosses a line. Curiosity about humor can make play more considerate without requiring everyone to share identical tastes."
641,Curiosity,Investigative interest,You want to understand how people decide whether a message is trustworthy.,Ramayana — Sundara Kanda,Hanuman gives Sita Rama's ring as a recognizable sign that his message can be trusted.,"Hanuman's presentation of Rama's ring to Sita highlights recognition and context in communication. Examine a recent message for its source, supporting evidence, and consistency with known facts. Ask what could be checked independently. The story can prompt inquiry into trust while everyday verification provides the practical method."
642,Curiosity,Process curiosity,You want to compare judging a study session by hours spent with judging it by work completed.,Bhagavad Gita — teaching on action,Krishna teaches Arjuna to attend to responsible action without claiming complete control over its fruits.,The Gita's attention to action invites examining the quality of effort rather than relying on a single visible measure. Define one learning task and note both time and demonstrated understanding. Compare a few sessions cautiously. The exercise can help you choose a useful planning measure without making productivity your only value.
643,Curiosity,Leadership curiosity,You want to understand the difference between holding authority and caring for a shared responsibility.,Ramayana — Ayodhya Kanda,"Bharata safeguards Rama's kingdom as a trust, placing Rama's sandals on the throne rather than claiming it for himself.","Bharata's stewardship of Rama's kingdom provides a useful case for reflection. Consider a leader you know: how do they use resources, share information, and prepare others to succeed? Ask what accountability exists around the role. Curiosity about leadership becomes practical when it examines conduct rather than the appeal of a title."
644,Curiosity,Collaboration ethics,You wonder how teams decide who deserves authorship or credit on a shared project.,Yoga Sutras of Patanjali — asteya,"Asteya, non-stealing, is a Yogic ethical restraint; its modern applications can include respect for others' work and resources.","Asteya offers a reason to respect contributions, while the team needs an explicit agreement suited to its setting. Ask which kinds of work count, how contributions will be recorded, and how disagreements will be reviewed. Discuss this early. Clear credit practices are easier to establish before recognition becomes contested."
645,Curiosity,Systems curiosity,You are interested in the many invisible contributors behind a successful product launch.,Kena Upanishad,"Uma reveals to Indra that the gods' victory depended on Brahman, correcting their assumption of independent power.","Uma's teaching about the gods' victory invites looking beyond a single visible agent. Map research, support, logistics, tools, and user feedback behind the launch. Ask the team what your map misses. The exercise can make interdependence concrete while preserving a fair account of each person's particular work."
646,Curiosity,Governance curiosity,You want to understand why open-source maintainers set contribution rules for a shared project.,Ramayana — Ayodhya Kanda,"Bharata safeguards Rama's kingdom as a trust, placing Rama's sandals on the throne rather than claiming it for himself.",Bharata's stewardship offers an image of responsibility for something larger than personal ownership. Read the project's contribution guidance and ask how each rule protects quality or coordination. Try a small contribution that follows the process. Understanding governance becomes easier when you see how individual work enters a shared system.
647,Curiosity,Interest in adaptability,You are curious how people rebuild routines when an expected life path changes.,Ramayana — Ayodhya Kanda,Rama faces the sudden change from coronation to exile while remaining concerned with duty and family relationships.,Rama's unexpected exile offers a narrative for reflecting on changed circumstances and continuing responsibilities. Ask someone who has moved or changed careers which routines they preserved and which they revised. Compare their experience with your assumptions. Understanding adaptation may begin with ordinary decisions rather than dramatic accounts of resilience.
648,Curiosity,Dialogue curiosity,You want to discuss a disagreement about beliefs with a friend without trying to convert each other.,Bhagavata Purana — Prahlada's story,"Prahlada remains devoted to Vishnu despite Hiranyakashipu's hostility, a traditional example of conviction under pressure.","Prahlada's conviction can inspire respect for the depth of belief, while your conversation needs mutual consent and curiosity. Ask what the belief means in your friend's life and explain your own view without a demand for agreement. Define topics either person may leave aside. Understanding can be a complete purpose for the exchange."
649,Curiosity,Philosophical curiosity,You are interested in stories where asking or answering questions changes the course of events.,Mahabharata — Vana Parva,Yudhishthira pauses to answer the Yaksha's questions instead of ignoring the warning at the lake.,Yudhishthira's encounter with the Yaksha places questions at a decisive moment. Read a reliable account and identify what the pause allows him to notice. Then consider a recent decision where one missing question mattered. The reflection can connect narrative interest with a practical habit of inquiry before action.
650,Curiosity,Curiosity about changing goals,You wonder how a person's original motive can change during a long pursuit.,Bhagavata Purana — Dhruva's story,"After painful rejection, Dhruva receives Narada's guidance and undertakes focused devotion; his story includes a change in what he values.","Dhruva's story includes painful rejection, guidance, devotion, and a shift in what he values. Explore that progression, then examine a goal whose meaning has changed for you. What did you seek at first, and what matters now? Curiosity can make room for revision without treating earlier motives as your permanent identity."
651,Curiosity,Moral curiosity,You want to explore what non-harming might mean in ordinary online conversations.,Yoga Sutras of Patanjali — ahimsa,"Ahimsa, non-harming, is one of the ethical restraints in Yoga philosophy.","Ahimsa offers an ethical starting point for examining the consequences of your words. Consider accuracy, privacy, ridicule, and whether forwarding something increases harm. Compare possible responses to one recent exchange. The question is not only whether you feel justified, but what your action adds to the conversation and the people involved."
652,Curiosity,Transferable-skill interest,You wonder whether experience organizing a sports event could help in software project management.,Ramayana — Kishkindha Kanda,Jambavan reminds Hanuman of his capabilities before the search for Sita continues across the ocean.,"Jambavan's reminder of Hanuman's abilities can inspire looking for skills already present in another setting. Compare planning, coordination, and problem-solving in both activities. Choose one small software task where you can test the connection. Transfer is something to examine through experience, not assume simply because two roles sound similar."
653,Curiosity,Metaphysical curiosity,You want to understand why Uddalaka uses salt dissolved in water to teach Shvetaketu.,Chandogya Upanishad,"Uddalaka teaches Shvetaketu using salt dissolved in water, illustrating an underlying reality that is not directly visible.","The illustration points toward an underlying reality that is not directly visible. Read the surrounding dialogue in a reliable translation and ask what the example is meant to illuminate. It is a philosophical teaching, not a scientific proof of every invisible claim. Let the context guide the questions you take from it."
654,Curiosity,Procedural curiosity,You wonder how an appeals process can give a student a fair hearing.,Mahabharata — Sabha Parva,Draupadi questions the justice of her treatment in the dice assembly; the episode exposes failures of responsibility among those present.,"Draupadi's challenge to the assembly invites asking whether institutions answer the substance of a concern. Examine who reviews evidence, how reasons are given, and whether the person can respond. These concrete features make fairness more assessable than a promise of impartiality alone. Keep the inquiry grounded in the actual procedure."
655,Curiosity,Balance inquiry,You wonder why your weekend feels crowded even when each individual activity seems worthwhile.,Bhagavad Gita — moderation in daily life,"The Gita recommends moderation in eating, recreation, effort, and sleep as part of disciplined living.","The Gita's moderation teaching invites looking at the whole rhythm rather than approving every activity separately. Map travel, preparation, recovery, and shared commitments alongside the events. Ask what can be reduced without losing the weekend's purpose. Curiosity about balance can reveal costs that are invisible in a simple activity list."
656,Curiosity,Curiosity about limits,You want to know how generous people decide when to stop helping.,Brihadaranyaka Upanishad,"Prajapati's teaching of the three 'da' calls for self-restraint, generosity, and compassion.","The three 'da' teachings bring generosity together with restraint and compassion. Ask experienced volunteers how they assess need, capacity, and shared responsibility. Their answers may reveal that a limit sometimes protects future care. Use a real example to explore the balance rather than assuming more help is always better help."
657,Curiosity,Creative-learning curiosity,You wonder what studying music might teach you about listening during conversations.,Saraswati worship — traditional Hindu teaching,"Saraswati is revered in Hindu tradition as a goddess of learning, speech, music, and the arts.","Saraswati's associations with music and speech can inspire this comparison. Notice timing, pauses, repetition, and attention when you listen to a piece, then observe a conversation carefully. Treat any connection as a question to explore. Musical sensitivity and interpersonal understanding may inform one another without being the same skill."
658,Curiosity,Values inquiry,You wonder whether a career ambition is truly yours or mostly inherited from others.,Katha Upanishad,Nachiketa chooses a deeper inquiry over Yama's tempting offers; the text distinguishes the good from the merely pleasant.,"Nachiketa's inquiry beyond tempting offers invites examining what gives the ambition value. Write what you would enjoy in the actual work, what approval it promises, and what you know only by reputation. Speak with someone doing the job. A more informed picture can help you distinguish attraction from a personally meaningful direction."
659,Curiosity,Curiosity about friendship,You are interested in how friendships survive large differences in wealth or status.,Bhagavata Purana — Krishna and Sudama,Krishna welcomes his old friend Sudama warmly despite the difference in their material circumstances.,"Krishna's welcome to Sudama offers a narrative of recognition across material difference. Observe what makes a real friendship workable: suitable activities, respectful language, and interest beyond advantage. Ask a friend what helps them feel at ease. The story can prompt reflection without assuming every unequal relationship is automatically generous."
660,Curiosity,Interest in hospitality,You volunteer at a community meal and wonder what makes guests feel respected.,Ramayana — Aranya Kanda,"Shabari welcomes Rama with sincere hospitality, and Rama receives her offerings with respect.","Shabari's sincere welcome can guide observation of small details: how people are greeted, offered choices, and given privacy. Ask experienced organizers and guests for feedback in appropriate ways. Respect may depend as much on the manner of serving as on the food. Let what people say inform your assumptions."
661,Curiosity,Experimental curiosity,You enjoy a puzzle that can be solved by changing perspective instead of adding more calculations.,Ramayana — Sundara Kanda,"Hanuman meets Surasa's challenge by changing size and using ingenuity, rather than relying only on strength.","Hanuman's encounter with Surasa offers a story of meeting a constraint through a different approach. Before calculating further, restate the puzzle and question one assumption. Try a diagram or simpler case. Curiosity can benefit from asking whether you are solving the right version of the problem."
662,Curiosity,Social curiosity,You wonder how a new group can welcome outsiders without ignoring practical concerns.,Ramayana — Yuddha Kanda,"Rama accepts Vibhishana when he seeks refuge, despite the suspicion expressed by others.","Rama's reception of Vibhishana offers a story about welcome amid suspicion. In your own setting, distinguish fair, relevant checks from assumptions about identity or background. Ask new members what would help them participate. Inclusion can be studied through the procedures and small interactions that make a welcome real."
663,Curiosity,Tradition curiosity,You notice different depictions of Durga and want to understand their contexts.,Devi Mahatmya — Markandeya Purana,"The gods' combined radiance manifests as the Goddess, who receives their weapons and confronts Mahishasura.","Begin with a reliable account of the Devi Mahatmya and a knowledgeable explanation of the particular image. Its gathered energies and weapons belong to a rich narrative, and regional depictions may emphasize different aspects. Record the context rather than assuming every symbol has one universal modern meaning. Respectful curiosity leaves room for variation."
664,Curiosity,Language curiosity,You are interested in how to rewrite blunt feedback so it remains clear and useful.,Bhagavad Gita — discipline of speech,"The Gita describes disciplined speech as truthful, beneficial, and considerate rather than needlessly distressing.",Take one sentence and identify the factual point beneath its harsh wording. The Gita's discipline of speech provides a frame for truth that also considers benefit and effect. Replace personal labels with a specific observation and actionable request. Check that the revised version still says what genuinely needs to be said.
665,Curiosity,Educational curiosity,You want to understand what ancient teachings expected students to carry beyond formal study.,Taittiriya Upanishad,"The teacher's parting instruction connects truthfulness, responsible conduct, and continued study with life beyond formal education.","The Taittiriya Upanishad's farewell instruction connects truthfulness, responsible conduct, and continued learning. Explore the passage in a reliable translation, then compare those concerns with the responsibilities you face after college. Some applications will need thoughtful interpretation. Start with one habit you can practice rather than treating the text as a modern checklist."
666,Curiosity,Practice-method interest,You want to find out whether repeating the same exercise is helping you learn or merely keeping you busy.,Yoga Sutras of Patanjali — abhyasa,Abhyasa is sustained practice; steadiness develops through continuing effort over time.,"Abhyasa values sustained practice, and thoughtful practice can include checking its effect. Define the skill the exercise is meant to improve and try a fresh task that uses it. Seek feedback where needed. If progress is unclear, revise the method rather than treating repetition alone as proof that learning is happening."
667,Curiosity,Curiosity about unseen effort,You wonder why some learning becomes noticeable only long after regular practice begins.,Chandogya Upanishad,"Uddalaka teaches Shvetaketu using salt dissolved in water, illustrating an underlying reality that is not directly visible.","Uddalaka's salt-water illustration can invite attention to what is not immediately visible, though it does not establish a theory of learning. Compare an older attempt with a recent one and seek specific feedback. The evidence may reveal changes daily impressions miss. Let observation determine what has actually improved."
668,Curiosity,Project-planning curiosity,You wonder why persistence succeeds in some community efforts but leads to exhaustion in others.,Descent of Ganga — traditional Hindu story,"Bhagiratha perseveres in bringing Ganga to earth, and Shiva receives her powerful descent in his matted hair.","Bhagiratha's effort and Shiva's role in receiving Ganga can prompt attention to support as well as determination. Compare resources, coordination, feedback, and whether the objective remains workable. Ask experienced organizers what they changed along the way. Persistence is worth examining through conditions and choices, not only through the intensity of desire."
669,Curiosity,Inquiry confidence,You want to learn how to ask a question that challenges an assumption without attacking the speaker.,Brihadaranyaka Upanishad,Gargi questions Yajnavalkya about the foundations of existence in a learned assembly.,"Gargi's serious questioning can inspire attention to the claim rather than the person's status. State the assumption you heard, ask whether you understood it correctly, and identify what evidence would clarify it. Practice with a topic that is not personally charged. Precision can make disagreement more open to examination."
670,Curiosity,Curiosity about honesty,You wonder how to be truthful without sharing every private detail of your life.,Yoga Sutras of Patanjali — satya,"Satya, truthfulness, is a foundational ethical restraint in Yoga philosophy.","Satya values truthfulness, while a truthful boundary can also protect privacy. Practice explaining that you do not wish to discuss a topic instead of inventing an answer. Consider what information another person genuinely needs. You can explore honest communication without assuming that everyone is entitled to complete access to you."
671,Curiosity,Interpretive curiosity,You want to compare a traditional teaching with the meaning people give it in modern wellness discussions.,Yoga Sutras of Patanjali — svadhyaya,Svadhyaya involves sacred study and recitation; reflective engagement with one's conduct is a common contemporary application.,Svadhyaya encourages careful engagement with sacred study. Read a reliable translation and a contextual explanation before comparing contemporary applications. Label the original teaching and the later interpretation separately in your notes. This keeps your curiosity open while preventing a useful modern idea from being mistaken for an ancient quotation.
672,Curiosity,Food-culture curiosity,You ask an older relative why the family treats sharing food as an important gesture.,Annapurna tradition — Hindu devotional teaching,"Annapurna is revered as the giver of nourishment, drawing devotional attention to food, generosity, and care.",Annapurna's association with nourishment offers one spiritual context for the question. Listen to your relative's own memories and meanings before supplying an explanation. Ask who prepared the meals and how sharing was arranged. Your inquiry can honor both devotional significance and the often-unnoticed labor that made the gesture possible.
673,Curiosity,Service curiosity,You wonder how volunteering can remain helpful without becoming a way to feel superior.,Seva — traditional Hindu ethical teaching,"Seva is service offered with care and humility, without making personal recognition its central purpose.","Seva places care and humility at the center of service. Ask who defined the need, whose voice guides the work, and whether the contribution is actually useful. Listen to recipients and experienced organizers. These questions can keep curiosity focused on responsibility rather than treating another person's circumstances as your personal growth exercise."
674,Curiosity,Group-learning curiosity,You want to understand why some study circles remain useful after initial enthusiasm fades.,Rig Veda — hymn of concord,"The Rig Veda's hymn of concord calls people to assemble, speak together, and cultivate shared purpose.","The Rig Veda's hymn of concord can prompt attention to shared purpose and communication. Ask members what they actually gain, how tasks are chosen, and whether meetings respect their time. Test one small improvement based on the answers. A group can learn about its own working habits as well as its subject."
675,Curiosity,Interest in reciprocity,You are curious whether friendship must involve giving exactly equal amounts of help.,Bhagavata Purana — Krishna and Sudama,Krishna welcomes his old friend Sudama warmly despite the difference in their material circumstances.,"Krishna and Sudama's meeting offers a reflection on affection beyond material equivalence. Look instead at mutual regard, freedom, and whether needs can be expressed without pressure. Contributions may differ with circumstances. Discuss one practical expectation with a friend rather than assuming either perfect equality or unlimited generosity is required."
676,Curiosity,Curiosity about self-direction,You are interested in the Katha Upanishad's chariot image and how it might relate to everyday choices.,Katha Upanishad,"The chariot metaphor describes the intellect as charioteer, the mind as reins, and the senses as horses needing thoughtful direction.","The metaphor distinguishes the senses, mind, intellect, and self within a spiritual account. Explore how it helps you describe an ordinary impulse and a considered decision. Keep the analogy flexible rather than treating it as a literal model of the brain. One example from your day can make the reflection concrete."
677,Curiosity,Cultural interest,You wonder why a simple welcome sometimes feels more memorable than an elaborate event.,Ramayana — Aranya Kanda,"Shabari welcomes Rama with sincere hospitality, and Rama receives her offerings with respect.","Shabari's hospitality places attention on sincere reception. Think of a visit that stayed with you and identify what made you feel included: listening, familiarity, comfort, or freedom to be yourself. Ask others about their experiences too. You may find useful differences rather than one universal formula for a good welcome."
678,Curiosity,Observational curiosity,You want to understand why the avadhuta learns from ordinary natural things.,Bhagavata Purana — the avadhuta's teachers,"The avadhuta, traditionally associated with Dattatreya, learns patience and forbearance by observing the earth.","The Bhagavata Purana's account presents the world as a source for contemplative learning, including patience observed in the earth. Read one example and identify the analogy being made. Then observe something ordinary yourself without forcing it to confirm a lesson. Careful attention can precede interpretation."
679,Curiosity,Mediation interest,"Your college offers a conflict-resolution workshop, and you want to understand what mediators actually do.",Mahabharata — Udyoga Parva,"Krishna undertakes a peace mission before the war, showing the value of a sincere attempt at dialogue.","Krishna's peace mission can be a spiritual starting point for valuing dialogue, while the workshop can teach practical methods and limits. Ask how mediators establish consent, identify issues, and respond when discussion is unsafe or unproductive. Curiosity is well served by learning when a method applies and when it does not."
680,Curiosity,Question-design interest,You are curious how to write interview questions that reveal reasoning rather than memorized facts.,Mahabharata — Vana Parva,Yudhishthira pauses to answer the Yaksha's questions instead of ignoring the warning at the lake.,"The Yaksha's dialogue with Yudhishthira gives questions a central role in revealing judgment. For your interview, choose a realistic scenario and ask the person to explain their decision process. Test whether the question is clear and fair. Good inquiry needs a purpose beyond making the respondent feel challenged."
681,Curiosity,Restorative curiosity,You wonder what makes an ordinary day feel satisfying without a major achievement.,Yoga Sutras of Patanjali — santosha,"Santosha, contentment, is a Yogic observance concerned with freedom from perpetual dissatisfaction.","Santosha offers a way to explore satisfaction beyond constant improvement. At the end of a few ordinary days, note moments of sufficiency, connection, or useful effort. Look for patterns without forcing gratitude where it is absent. The observations can help you understand your experience rather than prescribe how every day should feel."
682,Curiosity,Interest in transitions,You interview seniors about how their study habits changed after entering the workplace.,Ramayana — Ayodhya Kanda,Rama faces the sudden change from coronation to exile while remaining concerned with duty and family relationships.,Rama's changed circumstances can prompt attention to what carries over and what must adapt. Ask seniors for specific examples rather than general advice about adulthood. Compare the demands of their roles with your own likely setting. Their experiences can offer possibilities while leaving room for your transition to differ.
683,Curiosity,Interest in negotiation,You are curious why people attempt dialogue even when agreement seems unlikely.,Mahabharata — Udyoga Parva,"Krishna undertakes a peace mission before the war, showing the value of a sincere attempt at dialogue.","Krishna's peace mission offers an example of a sincere effort whose value cannot be reduced to guaranteed success. Examine what a conversation might clarify, prevent, or reveal, as well as what it cannot achieve. For a real disagreement, define a limited purpose before starting. That makes the attempt easier to assess."
684,Curiosity,Authenticity inquiry,You are curious whether saying you do not know can make a professional conversation more useful.,Chandogya Upanishad,"Satyakama speaks honestly about his uncertain parentage, and his teacher recognizes the integrity of that answer.","Satyakama's truthfulness offers a story in which honest disclosure matters. In a suitable conversation, distinguish what you know from what needs checking and offer a follow-up. Observe whether that makes the next step clearer. The question is not how to appear impressive, but how to create an accurate basis for working together."
685,Curiosity,Curiosity about contentment,You want to distinguish contentment from simply tolerating a situation that needs to change.,Yoga Sutras of Patanjali — santosha,"Santosha, contentment, is a Yogic observance concerned with freedom from perpetual dissatisfaction.","Santosha concerns freedom from constant dissatisfaction, but applying it requires discernment. Name what is acceptable now and what is causing a real, addressable problem. You can appreciate one stable part of life while taking action on another. Explore the distinction through a concrete example instead of forcing a single mood."
686,Curiosity,Character inquiry,You are curious why Satyakama's truthful account of his background matters in his story.,Chandogya Upanishad,"Satyakama speaks honestly about his uncertain parentage, and his teacher recognizes the integrity of that answer.",Satyakama's teacher recognizes integrity in his honest answer. Explore the difference between presenting an impressive identity and giving someone a truthful basis for understanding you. You might reflect on a learning situation where admitting uncertainty improved guidance. The story can prompt inquiry into character without reducing a person to social origins.
687,Curiosity,Community inquiry,You are curious how people maintain shared purpose while disagreeing on many details.,Rig Veda — hymn of concord,"The Rig Veda's hymn of concord calls people to assemble, speak together, and cultivate shared purpose.",The Rig Veda's hymn of concord invites gathering and speaking together. Examine a group that functions well and ask what agreements make differences manageable. Common purpose may involve a limited task rather than complete agreement on beliefs. Try identifying that shared task before debating the many things on which members differ.
688,Curiosity,Purpose curiosity,You are curious about the difference between commitment to a goal and stubbornly repeating an ineffective method.,Parvati's tapas — traditional Shaiva story,Traditional accounts describe Parvati's sustained spiritual discipline and determination in her devotion to Shiva.,"Parvati's sustained determination can prompt reflection on the purpose behind effort. Choose a goal and separate what matters about it from the particular method you currently use. Seek feedback on that method. Commitment can remain while the route changes, and sometimes new information may reasonably change the goal itself."
689,Curiosity,Communication interest,You wonder why the same truthful feedback can sound caring in one form and harsh in another.,Bhagavad Gita — discipline of speech,"The Gita describes disciplined speech as truthful, beneficial, and considerate rather than needlessly distressing.","The Gita's discipline of speech considers truth alongside usefulness and consideration. Compare two versions of the same feedback, attending to timing, specificity, and whether the person can act on it. Ask a trusted reader how each sounds. Inquiry into language can become a practical way to communicate more thoughtfully."
690,Curiosity,Emotional curiosity,You want to understand Patanjali's four attitudes and their use in relationships.,Yoga Sutras of Patanjali — four attitudes,"Patanjali describes friendliness, compassion, appreciative joy, and equanimity as attitudes that support clarity of mind.","Friendliness, compassion, appreciative joy, and equanimity offer different ways of meeting people and circumstances. Read the teaching with its context, then examine one interaction where a different attitude might help. Avoid turning the four attitudes into labels for other people's worth. Use them as questions about your own response."
691,Curiosity,Meaning-of-ritual interest,You want to know whether beginning a project with prayer changes the practical preparation it needs.,Ganesha worship — traditional Hindu teaching,Ganesha is traditionally honored at beginnings and associated with wisdom and the removal of obstacles.,"Ganesha's traditional place at beginnings can offer meaning, intention, or a familiar pause for those who value the practice. The project still needs its actual resources, checks, and effort. Explore what the ritual means to you personally. It can accompany preparation without being treated as evidence that obstacles will disappear."
692,Curiosity,Curiosity about distraction,You notice that you reach for your phone during every pause in a difficult task.,Bhagavad Gita — returning a wandering mind,Krishna advises bringing the wandering mind back repeatedly during the practice of meditation.,"Krishna's guidance about returning attention can inspire observation of that transition. During one work period, note what happens just before you reach for the phone. Try leaving it out of reach and preparing a small next step. The aim is to understand a habit in context rather than condemn yourself for having it."
693,Curiosity,Digital-ethics curiosity,You are curious whether crediting online material is enough to use it freely.,Yoga Sutras of Patanjali — asteya,"Asteya, non-stealing, is a Yogic ethical restraint; its modern applications can include respect for others' work and resources.","Asteya can prompt respect for others' work, but practical permissions still need checking. Look at the material's license and intended use, and ask the creator when necessary. Credit and permission address different questions. The spiritual principle can motivate care while reliable rules determine what is actually allowed for your project."
694,Curiosity,Curiosity about simplicity,You wonder whether wanting fewer possessions necessarily means giving up ambition.,Isha Upanishad,The opening teaching discourages coveting others' possessions and relates life in the world to a spirit of renunciation.,"The Isha Upanishad's opening teaching invites reflection on non-coveting and renunciation while living in the world. Examine what you want to acquire and why, distinguishing practical tools from comparison-driven desire. You can explore simplicity alongside purposeful work. Let your circumstances and the text's context inform the reflection rather than assuming one lifestyle fits everyone."
695,Curiosity,Attention curiosity,You notice your attention drifts even during activities you enjoy and want to understand the pattern.,Bhagavad Gita — returning a wandering mind,Krishna advises bringing the wandering mind back repeatedly during the practice of meditation.,"Krishna's instruction to return a wandering mind recognizes returning as part of practice. Observe when your attention moves and what draws it back, without immediately labeling the pattern a failure. Try one short activity with fewer interruptions. The aim is to learn about your experience, not force uninterrupted concentration."
696,Curiosity,Lifelong-learning interest,You wonder how to keep learning once examinations no longer provide a schedule.,Taittiriya Upanishad,"The teacher's parting instruction connects truthfulness, responsible conduct, and continued study with life beyond formal education.","The Taittiriya Upanishad's encouragement of continued study offers a useful starting intention. Choose a question, a reliable resource, and a small recurring time to engage with it. Decide how you will recognize understanding, perhaps by explaining or applying the idea. A personal learning rhythm can be modest and revisable."
697,Curiosity,Curiosity about dedication,You wonder how stories of Parvati's discipline are interpreted in everyday life.,Parvati's tapas — traditional Shaiva story,Traditional accounts describe Parvati's sustained spiritual discipline and determination in her devotion to Shiva.,"Traditional accounts emphasize Parvati's sustained devotion and determination. A careful modern application can explore commitment, while avoiding imitation of extreme austerities or treating persistence as a way to override another person's consent. Choose a learning goal and ask what realistic, supported dedication would look like in your circumstances."
698,Curiosity,Capability curiosity,You wonder which of your existing skills could help you attempt a more ambitious project.,Ramayana — Kishkindha Kanda,Jambavan reminds Hanuman of his capabilities before the search for Sita continues across the ocean.,"Jambavan helps Hanuman recognize capacity before a demanding task. Use that story as an invitation to investigate your own evidence: which skills have you already applied, and where do you need support? Try a small prototype. Curiosity about capability becomes more informative when it meets a concrete experiment."
699,Curiosity,Support-network curiosity,You wonder how to decide which kind of help to seek for different problems.,Bhagavata Purana — Gajendra's prayer,Gajendra turns to divine help when his strength cannot free him from the crocodile; the story expresses dependence beyond personal power.,"Gajendra's recognition of limited personal strength can open the question without making every need spiritual. Match the problem to the relevant support: a tutor for coursework, an administrator for procedure, or a qualified professional for health concerns. Ask about the helper's role and limits. Clear fit makes help more useful."
700,Curiosity,Relationship curiosity,You wonder what non-possessiveness means in a close relationship.,Yoga Sutras of Patanjali — aparigraha,"Aparigraha is non-possessiveness or non-grasping, encouraging examination of excessive attachment to acquisition.","Aparigraha invites examining the urge to hold or control. Consider how shared commitments differ from ownership of another person's time, friendships, or choices. Discuss one practical expectation with someone close to you. The reflection can support clearer agreements and mutual freedom rather than treating attachment itself as something shameful."
701,Relief,Workload relief,"Your manager approves leave, and you can rest after several intensive months.",Bhagavad Gita — moderation in daily life,"The Gita recommends moderation in eating, recreation, effort, and sleep as part of disciplined living.","The Gita's moderation teaching makes rest compatible with responsibility. Complete the necessary handover and clarify genuine emergency arrangements, then allow the leave to serve its purpose. You do not need to remain informally available for every routine request. Recovery of ordinary personal time can begin with honoring the approved boundary."
702,Relief,Intellectual reassurance,A lecturer says your question is useful and helps the class understand a difficult point.,Brihadaranyaka Upanishad,Gargi questions Yajnavalkya about the foundations of existence in a learned assembly.,Gargi's place in philosophical dialogue offers a reflection on the value of a sincere question. Write down the clarification and allow the response to count against your fear of asking. You need not turn every question into a test of confidence. This one has already served learning in a concrete way.
703,Relief,Loyalty reassurance,A friend stays with you through a difficult task after you expected to face it alone.,Mahabharata — Mahaprasthanika Parva,Yudhishthira refuses to abandon the dog that has accompanied him on his final journey.,"Yudhishthira's loyalty to his companion offers an image of dependable presence. Thank your friend for the specific help and let yourself register that someone showed up. You do not need to repay the support immediately. Later, consider how you can keep the friendship reciprocal within both people's real capacity."
704,Relief,Sufficiency relief,You finish preparing for a small gathering and accept that the arrangements are good enough.,Yoga Sutras of Patanjali — santosha,"Santosha, contentment, is a Yogic observance concerned with freedom from perpetual dissatisfaction.","Santosha can help you recognize the point where preparation has served its purpose. Check the essentials once, then turn toward the people arriving. Minor imperfections do not need the whole evening's attention. Let the gathering be experienced rather than continually repaired against an imagined perfect version."
705,Relief,Comparison release,You feel calmer after deciding you do not need to match your friends' spending.,Isha Upanishad,The opening teaching discourages coveting others' possessions and relates life in the world to a spirit of renunciation.,"The Isha Upanishad's non-coveting teaching offers a reflection on freedom from borrowed measures. Choose activities and purchases according to your own needs and means. You can remain interested in friends' lives without reproducing their choices. Let the relief guide a practical boundary, rather than a new judgment about anyone's lifestyle."
706,Relief,Competence reassurance,You explain a difficult concept successfully after worrying that you had forgotten everything.,Ramayana — Kishkindha Kanda,Jambavan reminds Hanuman of his capabilities before the search for Sita continues across the ocean.,Your explanation gives you a more accurate picture than the worry did. Jambavan's reminder to Hanuman can symbolize recognition of an ability that was already there. Keep a short outline of the explanation for future use. You can acknowledge remaining gaps without returning to the idea that all your learning has vanished.
707,Relief,Collective reassurance,Several classmates agree to address a shared concern together instead of leaving you to raise it alone.,Devi Mahatmya — Markandeya Purana,"The gods' combined radiance manifests as the Goddess, who receives their weapons and confronts Mahishasura.","The Goddess's gathered energies offer an image of strength through contribution. Agree on the facts, request, and person who will communicate them, then share the follow-up. You can appreciate the support without making the group sound unanimous beyond what members actually agreed. Clear cooperation makes the relief practical."
708,Relief,Authenticity relief,Admitting a gap in your knowledge leads to patient help rather than ridicule.,Chandogya Upanishad,"Satyakama speaks honestly about his uncertain parentage, and his teacher recognizes the integrity of that answer.","Satyakama's truthful answer offers a story of honesty becoming a basis for learning. Let this response update the expectation that uncertainty must be hidden. Ask the next specific question and practice what was explained. Relief can make room for more accurate learning, without requiring you to announce every gap to everyone."
709,Relief,Performance relief,You finish a public music performance and realize that a small mistake did not spoil it.,Saraswati worship — traditional Hindu teaching,"Saraswati is revered in Hindu tradition as a goddess of learning, speech, music, and the arts.","Saraswati's association with music invites attention to the whole expression, not only the imperfect note. Let yourself come down from the effort before reviewing technique. Later, identify one thing that worked and one thing to practice. The performance can be complete without becoming a flawless memory."
710,Relief,Service relief,You find a volunteer role that fits your abilities and available time.,Seva — traditional Hindu ethical teaching,"Seva is service offered with care and humility, without making personal recognition its central purpose.","Seva becomes easier to sustain when the contribution matches an actual need and real capacity. Confirm your role and schedule, then let those limits guide what you accept. You can care about the wider cause without taking every task. A suitable arrangement gives service room to remain willing and useful."
711,Relief,Belonging reassurance,A new team welcomes your contribution after you feared they would exclude you.,Ramayana — Yuddha Kanda,"Rama accepts Vibhishana when he seeks refuge, despite the suspicion expressed by others.",Rama's acceptance of Vibhishana offers a reflection on the relief of being received. Let the team's actual response count more than the rejection you anticipated. Learn the next shared task and contribute at a reasonable pace. You do not have to repay a welcome by becoming available for everything.
712,Relief,Moral-pressure release,A supervisor confirms that you were right to decline an instruction that broke the project's rules.,Bhagavata Purana — Prahlada's story,"Prahlada remains devoted to Vishnu despite Hiranyakashipu's hostility, a traditional example of conviction under pressure.",Prahlada's steadfastness can offer a traditional image of conviction supported by your real-world clarification. Keep the written guidance and use it for future decisions. You can let the immediate pressure ease while staying open to legitimate questions. A clear standard can carry some of the burden you previously held alone.
713,Relief,Return relief,You attend a class after a short absence and find that you can resume learning.,Yoga Sutras of Patanjali — abhyasa,Abhyasa is sustained practice; steadiness develops through continuing effort over time.,"Abhyasa values continued practice, including a workable return. Ask about any essential material you missed and choose one catch-up step. You do not have to recover the whole absence immediately. Let this first session establish that participation can resume while remaining gaps are addressed gradually."
714,Relief,Welcomed ease,Relatives respond kindly when you explain that you can only host a short visit.,Ramayana — Aranya Kanda,"Shabari welcomes Rama with sincere hospitality, and Rama receives her offerings with respect.","Shabari's hospitality honors sincerity, and a sincere welcome can have practical limits. Prepare for the visit you actually agreed on and allow the relatives' acceptance to count. You do not need to enlarge the arrangement out of relief. A clear, comfortable visit can serve the relationship well."
715,Relief,Release from self-punishment,You realize that taking a needed day off does not require insulting yourself for being unproductive.,Yoga Sutras of Patanjali — ahimsa,"Ahimsa, non-harming, is one of the ethical restraints in Yoga philosophy.","Ahimsa can support a less harmful response to your own limits. Check what truly needs rescheduling, communicate it where necessary, and let the rest period stand. You can return to work through a realistic next task. Harsh self-talk is not a required payment for meeting an ordinary need."
716,Relief,Expectation release,You agree with your family on a modest celebration and feel free from pressure to impress.,Brihadaranyaka Upanishad,"Maitreyi asks Yajnavalkya whether wealth can bring immortality, opening an inquiry into what possessions cannot provide.",Maitreyi's inquiry into the limits of wealth can support choosing what the celebration is actually for. Keep the arrangements centered on the people and meaning involved. There is no need to add expense merely because the pressure has eased. A considered plan can remain modest and still be fully worth enjoying.
717,Relief,Adaptation ease,A new commute turns out to be simpler than you expected after moving homes.,Ramayana — Ayodhya Kanda,Rama faces the sudden change from coronation to exile while remaining concerned with duty and family relationships.,Rama's changed circumstances can invite reflection on discovering a workable path after disruption. Save the route details and notice what actually made the journey manageable. You do not need to keep comparing every trip with the old one. The new routine can become familiar through ordinary repetition.
718,Relief,Values clarity,You decline a prestigious opportunity that conflicts with your priorities and feel settled afterward.,Katha Upanishad,Nachiketa chooses a deeper inquiry over Yama's tempting offers; the text distinguishes the good from the merely pleasant.,"Nachiketa's focus on the deeper good can accompany a choice made for considered reasons. Keep those reasons available without repeatedly seeking others' approval. Use the freed time or resources for what mattered in the decision. Relief is worth noticing, while practical consequences can still be reviewed as they emerge."
719,Relief,Social reassurance,You rejoin an old hobby group and find that people welcome you without questioning your absence.,Ramayana — Yuddha Kanda,"Rama accepts Vibhishana when he seeks refuge, despite the suspicion expressed by others.","The group has given you room to return as you are now. Rama's welcome to Vibhishana can accompany that feeling of being received. Join one activity at a pace your current life supports, and respond to the kindness you actually encounter. You do not have to make up for every meeting you missed."
720,Relief,Honesty relief,You tell the truth about a missed deadline and no longer need to maintain excuses.,Yoga Sutras of Patanjali — satya,"Satya, truthfulness, is a foundational ethical restraint in Yoga philosophy.","Satya can bring clarity to what happens next. Agree on the realistic completion date and keep communication accurate. The relief is useful if it supports follow-through, not another unrealistic promise. You have made the situation easier to address by allowing others to work with the actual facts."
721,Relief,Creative reassurance,A trusted reader responds thoughtfully to a poem you were afraid to share.,Saraswati worship — traditional Hindu teaching,"Saraswati is revered in Hindu tradition as a goddess of learning, speech, music, and the arts.","Saraswati's association with expression can invite appreciation of having your words received with care. Thank the reader and keep the feedback that serves your intention. You do not have to share the poem more widely immediately. This exchange can remain a complete, meaningful step in your creative life."
722,Relief,Conflict containment relief,A moderator stops abusive comments in an online community you participate in.,Bhagavata Purana — churning of the ocean,"Shiva intervenes when the churning releases dangerous poison, an episode traditionally understood as compassionate protection of living beings.",Shiva's protective intervention can symbolize the importance of limiting harm. Support the clear boundary and check whether affected members need practical help. You can then step away from the thread rather than monitor it indefinitely. A functioning moderation process should reduce the burden on individual participants.
723,Relief,Practical care relief,Shared meal planning reduces the pressure you felt to cook for everyone at short notice.,Annapurna tradition — Hindu devotional teaching,"Annapurna is revered as the giver of nourishment, drawing devotional attention to food, generosity, and care.","Annapurna's tradition honors nourishment, and the labor of providing it also deserves care. Keep the plan visible, share preparation where possible, and leave room for simple meals. You can appreciate the lighter burden without immediately expanding the menu. Sustainable care often depends on modest, clear arrangements."
724,Relief,Released worry,A delayed message confirms that your traveling sibling has arrived safely.,Ramayana — Sundara Kanda,Hanuman gives Sita Rama's ring as a recognizable sign that his message can be trusted.,"The confirmation gives your worry a place to stop. Hanuman's recognizable message to Sita shows how trustworthy news can matter emotionally. Reply with care, then return to your evening instead of continuing to replay imagined problems. Later, agree on a simple travel-update plan that respects both of your circumstances."
725,Relief,Envy release,You can celebrate a friend's success without feeling that it diminishes your own progress.,Yoga Sutras of Patanjali — four attitudes,"Patanjali describes friendliness, compassion, appreciative joy, and equanimity as attitudes that support clarity of mind.",Patanjali's appreciative joy offers a language for this freer response. Enjoy the friend's news and keep your own next step grounded in your circumstances. You do not need to prove that comparison has disappeared permanently. Notice this moment as one experience of connection that leaves room for both people's paths.
726,Relief,Fairness relief,A project document is corrected to include your missing contribution.,Yoga Sutras of Patanjali — asteya,"Asteya, non-stealing, is a Yogic ethical restraint; its modern applications can include respect for others' work and resources.","Asteya can frame respect for intellectual effort and fair credit. Save the corrected version and acknowledge the repair without reopening the dispute unnecessarily. For future work, agree on contribution records early. You can enjoy having your work recognized while letting a clear process carry more of the responsibility next time."
727,Relief,Regained control,A simple schedule makes a crowded week feel manageable again.,Katha Upanishad,"The chariot metaphor describes the intellect as charioteer, the mind as reins, and the senses as horses needing thoughtful direction.","The Katha Upanishad's chariot metaphor offers an image of giving attention a direction. Use the schedule for the next task rather than repeatedly checking the whole week. Keep some flexibility for real changes. You have created a workable guide, not a rule that must survive every day without adjustment."
728,Relief,Financial-pressure relief,You decide against an expensive purchase and feel relieved that your budget remains comfortable.,Brihadaranyaka Upanishad,"Maitreyi asks Yajnavalkya whether wealth can bring immortality, opening an inquiry into what possessions cannot provide.",Maitreyi's question about the limits of wealth can support examining what the purchase was meant to provide. Keep the money aligned with your actual priorities and let the decision stand. You can still appreciate the item without acquiring it. The relief may clarify how much the commitment would have demanded from you.
729,Relief,Transition ease,An induction session makes your new workplace's expectations clear.,Taittiriya Upanishad,"The teacher's parting instruction connects truthfulness, responsible conduct, and continued study with life beyond formal education.",The Taittiriya Upanishad's continued-learning theme fits the move from uncertainty to a practical learning plan. Record the first responsibilities and where questions should go. You can now begin with the stated expectations rather than an imagined demand to know everything. Review the guidance again when a real question arises.
730,Relief,Cooperation relief,Your household finally agrees on clear expectations for shared chores.,Rig Veda — hymn of concord,"The Rig Veda's hymn of concord calls people to assemble, speak together, and cultivate shared purpose.",The household discussion has replaced guessing with an arrangement people can use. The Rig Veda's concord teaching values shared conversation and direction. Keep the agreed responsibilities visible and let others complete their part without constant reminders in advance. A brief review later can address real problems while today's relief is allowed to settle.
731,Relief,Practice reassurance,"After a gap in language practice, you discover that much of what you learned remains familiar.",Yoga Sutras of Patanjali — abhyasa,Abhyasa is sustained practice; steadiness develops through continuing effort over time.,Abhyasa can inspire a steady return rather than an urgent attempt to recover everything. Start from the material you recognize and identify the few areas needing review. Your earlier effort has given you a base to work from. Let relief make the next session manageable instead of excessively ambitious.
732,Relief,Supported relief,A counselor or qualified professional helps you make a manageable plan for ongoing difficulties.,Bhagavata Purana — Gajendra's prayer,Gajendra turns to divine help when his strength cannot free him from the crocodile; the story expresses dependence beyond personal power.,Having a practical plan can make the next step feel less overwhelming. Gajendra's prayer can offer a personal image of accepting help when solitary effort is insufficient. Keep the professional's instructions accessible and note questions for your next appointment. There is room to appreciate support without expecting every difficulty to disappear immediately.
733,Relief,Learning relief,Your first employer explains that new graduates are expected to learn through onboarding.,Taittiriya Upanishad,"The teacher's parting instruction connects truthfulness, responsible conduct, and continued study with life beyond formal education.",The Taittiriya Upanishad's encouragement of continued study fits this permission to begin as a learner. Clarify the first milestones and the person you can consult. Use the support actively rather than trying to hide every question. You can take responsibility for learning without arriving with all the knowledge already complete.
734,Relief,Communication relief,A difficult message is received respectfully after you choose clear and considerate wording.,Bhagavad Gita — discipline of speech,"The Gita describes disciplined speech as truthful, beneficial, and considerate rather than needlessly distressing.","The Gita's discipline of speech joins truth with care for its effect. Notice which parts of your message made the issue understandable, and follow through on what you agreed. You cannot control every future response, but this exchange offers a useful example. Let the conversation be complete unless something practical remains."
735,Relief,Social ease,A visit you worried would be awkward turns into a relaxed conversation over tea.,Ramayana — Aranya Kanda,"Shabari welcomes Rama with sincere hospitality, and Rama receives her offerings with respect.","Shabari's hospitality reminds us how sincere welcome can make a simple setting sufficient. Notice what eased the visit, perhaps an honest question or shared interest. You do not need to analyze every moment afterward. Let the experience update your expectations about this relationship a little."
736,Relief,Shared-burden relief,Your team divides a difficult workload fairly after you felt responsible for most of it.,Devi Mahatmya — Markandeya Purana,"The gods' combined radiance manifests as the Goddess, who receives their weapons and confronts Mahishasura.","The Goddess's gathered energies offer a symbolic image of strength distributed through contribution. Confirm the new responsibilities and hand over the information others need. Then let them own their tasks. Relief will be easier to keep if the division exists in practice, not only as a reassuring promise made in a meeting."
737,Relief,Approval release,You realize that an old rejection no longer determines how you feel about your current work.,Bhagavata Purana — Dhruva's story,"After painful rejection, Dhruva receives Narada's guidance and undertakes focused devotion; his story includes a change in what he values.",Dhruva's changing priorities can accompany this shift toward a more sustaining purpose. Name what now gives the work value and make your next decision from that place. The old rejection may still be remembered. It does not need to remain the audience for everything you attempt.
738,Relief,Shared-credit relief,You realize that you do not have to pretend you completed a successful project entirely alone.,Kena Upanishad,"Uma reveals to Indra that the gods' victory depended on Brahman, correcting their assumption of independent power.","Uma's teaching to Indra challenges exclusive claims about victory. Describe your work and others' support accurately, then let the more truthful account stand. It can be a relief to stop defending an image of total independence. Collaboration does not erase skill; it gives the skill a real context."
739,Relief,Unburdening,You return items you were keeping out of obligation and feel more at ease in your space.,Yoga Sutras of Patanjali — aparigraha,"Aparigraha is non-possessiveness or non-grasping, encouraging examination of excessive attachment to acquisition.","Aparigraha invites examining what you are holding and why. Notice how the change supports your actual use of the space, and keep any meaningful memory separately if you wish. You do not need to rush into discarding more. Let this considered decision settle before deciding what, if anything, comes next."
740,Relief,Decision relief,You choose a course that fits your values after weeks of comparing options.,Katha Upanishad,Nachiketa chooses a deeper inquiry over Yama's tempting offers; the text distinguishes the good from the merely pleasant.,"Nachiketa's focus on deeper value can accompany a decision grounded in your own reasons. Keep a brief record of those reasons and begin the actual coursework. New information may eventually justify review, but ordinary uncertainty does not require reopening the choice each day. Allow learning to replace repeated comparison."
741,Relief,Conflict release,A conversation with a neighbor resolves a noise problem without an argument.,Mahabharata — Udyoga Parva,"Krishna undertakes a peace mission before the war, showing the value of a sincere attempt at dialogue.",Krishna's peace effort offers a reflection on approaching a practical issue through dialogue. Thank the neighbor for listening and follow any agreement that involves your household too. The calm outcome can stand on its own. You do not need to rehearse the confrontation you feared after the problem has been addressed.
742,Relief,Social-pressure release,You feel relieved that you can congratulate someone without pretending to share their exact enthusiasm.,Yoga Sutras of Patanjali — four attitudes,"Patanjali describes friendliness, compassion, appreciative joy, and equanimity as attitudes that support clarity of mind.","Patanjali's appreciative joy can be sincere without being theatrical. A specific, warm acknowledgment may be enough to honor the person's good news. Let your own mood remain honest while you offer consideration. You do not have to manufacture intensity for your goodwill to be real."
743,Relief,Procedural reassurance,A staff member explains how to correct a small error on a submitted form.,Mahabharata — Vana Parva,Yudhishthira pauses to answer the Yaksha's questions instead of ignoring the warning at the lake.,"Yudhishthira's willingness to pause and listen offers a useful reflection here. Follow the actual correction process and keep the confirmation rather than imagining consequences beyond the evidence. A mistake with a remedy can remain a manageable administrative task. Once corrected, record the lesson and return to your other work."
744,Relief,Restored steadiness,A disrupted home routine settles again after several days of repair work.,Bhagavata Purana — the avadhuta's teachers,"The avadhuta, traditionally associated with Dattatreya, learns patience and forbearance by observing the earth.",The avadhuta's learning from the earth can inspire noticing steadiness as it returns through ordinary conditions. Restore the essentials first and leave nonurgent rearranging for later. You may need a little time to feel settled even after the work ends. Let familiar routines resume without demanding an immediate perfect reset.
745,Relief,Autonomy relief,A relative stops pressing you for private information after you state your boundary clearly.,Ramayana — Sundara Kanda,Sita refuses Ravana's demands and maintains her convictions while held in the Ashoka grove.,"Sita's firmness can symbolize remaining connected to a personal limit. The conversation has reached a workable boundary, so you can let it rest without supplying extra details to soften the no. If the topic returns, repeat the same limit. Relief can coexist with continued clarity about your privacy."
746,Relief,Safety relief,A harmful rumor is corrected before it reaches a wider audience.,Bhagavata Purana — churning of the ocean,"Shiva intervenes when the churning releases dangerous poison, an episode traditionally understood as compassionate protection of living beings.","Shiva's protective intervention can symbolize limiting harm before it spreads. Keep the correction clear and avoid repeating unnecessary details of the rumor. Check whether the affected person needs further support. Once the useful repair is done, you can let the issue become quieter rather than keeping it alive through repeated discussion."
747,Relief,Debt-free reassurance,A relative clarifies that their practical gift carries no expectation of repayment or control.,Dana — traditional Hindu ethical teaching,Dana is generosity; traditional Hindu teaching values giving with respect and consideration for the recipient.,"Dana ideally respects the recipient's dignity and freedom. Confirm any necessary practical details, then decide whether you are comfortable accepting the gift. If you accept, a sincere thank-you can be enough. You do not need to create an unspoken obligation after the terms have been made clear."
748,Relief,Long-awaited ease,The final document in a lengthy admission process is accepted.,Descent of Ganga — traditional Hindu story,"Bhagiratha perseveres in bringing Ganga to earth, and Shiva receives her powerful descent in his matted hair.","Bhagiratha's persistence offers a reflection on effort carried through successive stages. Save the confirmation and check whether any official next step remains. If the process is complete, let it be complete for today. You can appreciate your persistence without immediately filling the cleared space with another demanding goal."
749,Relief,Emotional unburdening,You stop trying to manage a friend's decisions and feel more able to enjoy their company.,Yoga Sutras of Patanjali — aparigraha,"Aparigraha is non-possessiveness or non-grasping, encouraging examination of excessive attachment to acquisition.","Aparigraha invites care without constant control. Keep boundaries around choices that affect you directly, and let your friend own the rest. Ask about their experience instead of preparing the next instruction. The relief can make room for a relationship in which companionship is larger than your role as adviser."
750,Relief,Conviction reassurance,You refuse an unethical request and discover that a respected colleague supports your decision.,Bhagavata Purana — Prahlada's story,"Prahlada remains devoted to Vishnu despite Hiranyakashipu's hostility, a traditional example of conviction under pressure.","Prahlada's steadfastness offers a traditional image of conviction, and your colleague's response provides practical support now. Thank them and clarify how future concerns can be raised. You can let the relief register while keeping the boundary clear. Integrity need not always be practiced in isolation."
751,Relief,Reconciliation relief,You and a friend resolve a misunderstanding that had made recent conversations tense.,Mahabharata — Udyoga Parva,"Krishna undertakes a peace mission before the war, showing the value of a sincere attempt at dialogue.",Krishna's peace effort offers a reflection on the value of making room for dialogue. Let the clarification settle and agree on any small change that would prevent the same misunderstanding. You can return to ordinary friendship without reviewing the conflict every time you meet. Repair also needs room to be lived.
752,Relief,Technical release,You recover an accidentally closed document from an existing backup.,Ramayana — Sundara Kanda,"Hanuman meets Surasa's challenge by changing size and using ingenuity, rather than relying only on strength.","The recovered file gives you a practical ending to the immediate problem. Hanuman's resourcefulness with Surasa can inspire appreciating an alternative route that worked. Save a confirmed copy and check your backup arrangement once. After that, let the document return to being work rather than a disaster you must keep reliving."
753,Relief,Justice reassurance,A college office acknowledges an unfair decision and agrees to review your evidence.,Mahabharata — Sabha Parva,Draupadi questions the justice of her treatment in the dice assembly; the episode exposes failures of responsibility among those present.,"Draupadi's questions remind us why concerns deserve a substantive response. The review is a meaningful step, though its outcome is still open. Keep the written acknowledgment and follow the stated process. Allow yourself some relief that your evidence is being considered without feeling you must remain continuously on guard."
754,Relief,Professional ease,A client appreciates your honest update about a delay and agrees to a realistic timeline.,Mahabharata — Udyoga Parva,"Vidura offers honest counsel to Dhritarashtra, including advice that the king finds uncomfortable.","Vidura's truthful counsel can inspire confidence in clear communication, even when the news is inconvenient. Confirm the revised milestones in writing and work to that agreement. You need not compensate by promising more than you can deliver. Let the relief support accurate follow-through rather than another cycle of overcommitment."
755,Relief,Questioning ease,You ask for clarification in a meeting and discover that several others had the same uncertainty.,Brihadaranyaka Upanishad,Gargi questions Yajnavalkya about the foundations of existence in a learned assembly.,Gargi's serious inquiry offers a reflection on the usefulness of a well-placed question. Note the answer and allow the shared uncertainty to correct your assumption that you were alone. You do not need to become the person who asks everything. This one question has already made the meeting clearer.
756,Relief,Understanding relief,You identify a practical reason for your procrastination and stop seeing it as unexplained laziness.,Yoga Sutras of Patanjali — svadhyaya,Svadhyaya involves sacred study and recitation; reflective engagement with one's conduct is a common contemporary application.,"The reflective spirit associated with svadhyaya invites understanding conduct accurately. Use the insight to change one condition, such as an unclear first step or missing resource. Relief becomes useful when it informs action. You can acknowledge responsibility without reducing a complicated habit to a harsh personal label."
757,Relief,Completion relief,You finish your term as club treasurer with accurate records and a clear handover.,Ramayana — Ayodhya Kanda,"Bharata safeguards Rama's kingdom as a trust, placing Rama's sandals on the throne rather than claiming it for himself.","Bharata's stewardship offers a fitting reflection on completing an entrusted responsibility. Confirm that the incoming treasurer has the essential records, then allow the role to pass to them. Your relief does not mean you cared too little. It can simply mark that the responsibility has been carried and properly returned."
758,Relief,Acceptance ease,A friend responds warmly when you explain that you cannot afford an expensive outing.,Bhagavata Purana — Krishna and Sudama,Krishna welcomes his old friend Sudama warmly despite the difference in their material circumstances.,Krishna's welcome to Sudama offers an image of friendship beyond material comparison. Suggest a simpler plan and allow the conversation to move forward. You do not need to keep apologizing for your budget. The friend's response gives you concrete evidence that spending less can coexist with being valued.
759,Relief,Companionship reassurance,A friend checks in after an unsuccessful job search week without asking you for anything.,Mahabharata — Mahaprasthanika Parva,Yudhishthira refuses to abandon the dog that has accompanied him on his final journey.,Yudhishthira's loyalty offers an image of care that is not based only on usefulness. Let yourself receive the friend's interest and say what kind of company would help. You do not have to turn the conversation into a progress report. A friendship can hold you during a period that has no achievement to announce.
760,Relief,Disclosure relief,You tell a mentor about your unconventional education path and they focus on what you can do.,Chandogya Upanishad,"Satyakama speaks honestly about his uncertain parentage, and his teacher recognizes the integrity of that answer.","Satyakama's honest introduction offers a reflection on being met through truth rather than pedigree. Let the mentor's response guide the next conversation about skills and learning needs. You can stop rehearsing an apology for your background. Your path is relevant context, while your present work gives the relationship something concrete to build on."
761,Relief,Unburdened choice,You leave a comparison-heavy social media group and feel less pressure to upgrade your lifestyle.,Isha Upanishad,The opening teaching discourages coveting others' possessions and relates life in the world to a spirit of renunciation.,The Isha Upanishad's non-coveting teaching can accompany a more independent relationship with possessions. Notice which desires remain useful outside the group's influence and which become quieter. Keep contact with people you value through other channels if you wish. You can change the setting without making a judgment about everyone's choices.
762,Relief,Clarity after honesty,You tell a friend that you cannot attend their event and they appreciate the direct answer.,Yoga Sutras of Patanjali — satya,"Satya, truthfulness, is a foundational ethical restraint in Yoga philosophy.","Satya offers a frame for this straightforward exchange. Thank your friend for understanding and avoid inventing additional explanations now that the answer is clear. If you want, arrange another time to connect. Your honesty has given both people accurate information from which to make their plans."
763,Relief,Release from checking,You confirm that an important email was received and stop refreshing your inbox repeatedly.,Bhagavad Gita — returning a wandering mind,Krishna advises bringing the wandering mind back repeatedly during the practice of meditation.,"Krishna's instruction to return attention can support ending a checking habit once its purpose is met. Note any actual response deadline and move to a different task. If you feel the urge to refresh, recall the confirmation rather than seek a new one. The message has reached its destination."
764,Relief,Ownership reassurance,"A classmate asks permission before using your work, easing your concern about collaboration.",Yoga Sutras of Patanjali — asteya,"Asteya, non-stealing, is a Yogic ethical restraint; its modern applications can include respect for others' work and resources.","Asteya can be expressed through exactly this respect for another person's contribution. Clarify the intended use and the credit required, then make the agreement explicit. You can share with more ease when expectations are visible. Trust need not depend on leaving everything unspoken or giving unrestricted permission."
765,Relief,Nourishment relief,"After a rushed day, you sit down to a simple meal someone prepared for you.",Annapurna tradition — Hindu devotional teaching,"Annapurna is revered as the giver of nourishment, drawing devotional attention to food, generosity, and care.",Annapurna's tradition can give this pause a language of nourishment and care. Thank the person who prepared the food and allow yourself to eat without immediately returning to tasks. The day may still contain unfinished work. This ordinary need can be met fully before you decide what comes next.
766,Relief,Beginning relief,You submit the first application after postponing it for several weeks.,Ganesha worship — traditional Hindu teaching,Ganesha is traditionally honored at beginnings and associated with wisdom and the removal of obstacles.,"Ganesha's place at beginnings can mark the moment a delayed intention becomes action. Save the confirmation and note any genuine next step, then stop editing the application in your mind. This beginning does not settle the outcome. It does show that you can move while uncertainty remains."
767,Relief,Submission relief,You submit a dissertation after completing the revisions within your control.,Bhagavad Gita — teaching on action,Krishna teaches Arjuna to attend to responsible action without claiming complete control over its fruits.,"Krishna's teaching on action can help mark the boundary between your finished work and the evaluation ahead. Check the submission receipt, preserve the final file, and choose a period when you will not reopen it. There may be later feedback. Today, the stage you were responsible for has been completed."
768,Relief,Regained direction,You break a large task into steps and no longer feel lost about where to begin.,Katha Upanishad,"The chariot metaphor describes the intellect as charioteer, the mind as reins, and the senses as horses needing thoughtful direction.","The Katha Upanishad's chariot metaphor can symbolize having a usable direction. Begin the first step and leave later stages on the plan rather than holding them all in mind. Adjust when new information appears. The list does not finish the work, but it gives your attention a manageable place to go."
769,Relief,Settled calm,"A spell of disruption ends, and ordinary neighborhood sounds feel familiar again.",Bhagavata Purana — the avadhuta's teachers,"The avadhuta, traditionally associated with Dattatreya, learns patience and forbearance by observing the earth.","Familiar sounds can help mark the end of an unsettled period. The avadhuta takes the earth as a teacher of patience, offering a reflection on ordinary steadiness. Resume one small routine you missed and leave nonessential improvements for later. You can receive the quieter day without needing to turn it into a major turning point."
770,Relief,Delayed-task relief,A long-pending home repair is finally completed and inspected.,Descent of Ganga — traditional Hindu story,"Bhagiratha perseveres in bringing Ganga to earth, and Shiva receives her powerful descent in his matted hair.","Bhagiratha's persistence offers a reflection on the stages required to bring a difficult undertaking to completion. Keep the relevant records and any maintenance instructions, then let the repaired space serve its everyday purpose. You can stop organizing your whole day around a problem that has now been addressed."
771,Relief,Problem-solving relief,A basic workaround lets you submit an assignment after your main software fails.,Ramayana — Sundara Kanda,"Hanuman meets Surasa's challenge by changing size and using ingenuity, rather than relying only on strength.","Hanuman's ingenuity with Surasa offers an image of adapting the method while preserving the purpose. Save the successful submission and document the workaround before leaving the task. You can investigate the software later. For now, allow the urgent problem to be finished rather than immediately replacing it with another demand."
772,Relief,Shared-understanding relief,A project meeting ends with everyone understanding the same scope and deadline.,Rig Veda — hymn of concord,"The Rig Veda's hymn of concord calls people to assemble, speak together, and cultivate shared purpose.","The Rig Veda's hymn of concord offers an image of shared direction made possible through conversation. Write down the agreed scope, responsibilities, and next check-in. Then let each person begin their part. The relief comes from clarity that can now support action, rather than another round of discussion about what the project might mean."
773,Relief,Attentional release,You stop repeatedly checking an application portal after receiving the final decision.,Bhagavad Gita — returning a wandering mind,Krishna advises bringing the wandering mind back repeatedly during the practice of meditation.,The waiting loop no longer needs your attention. Krishna's guidance about returning a wandering mind can help you redirect the habit when you reach for the portal again. Remove an unnecessary bookmark or reminder and choose the next relevant action. Give the freed time back to something present in your day.
774,Relief,Trust restored,An official correction clears up a misleading message that had caused tension in your family.,Ramayana — Sundara Kanda,Hanuman gives Sita Rama's ring as a recognizable sign that his message can be trusted.,"Hanuman's recognizable message to Sita highlights the relief trustworthy information can bring. Share the correction clearly, acknowledge any mistaken assumption you made, and avoid assigning blame before understanding the confusion. Once the facts are settled, let ordinary conversation resume. Verification can help the relationship move beyond an unnecessary dispute."
775,Relief,Commitment relief,A revised study routine makes a long qualification feel sustainable again.,Parvati's tapas — traditional Shaiva story,Traditional accounts describe Parvati's sustained spiritual discipline and determination in her devotion to Shiva.,"Parvati's sustained dedication can symbolize commitment supported by a workable form. Keep the revised routine modest enough to repeat and review it after ordinary weeks, not only unusually productive ones. You have not reduced the value of the goal by changing the pace. Let relief help you continue with clearer limits."
776,Relief,Dignity restored,A teacher apologizes for a dismissive remark and offers a respectful explanation of your mistake.,Mahabharata — Sabha Parva,Draupadi questions the justice of her treatment in the dice assembly; the episode exposes failures of responsibility among those present.,Draupadi's questions remind us why dignity matters when authority responds. You can appreciate the apology and consider the academic explanation without being required to feel instantly close to the teacher. Notice whether respectful conduct continues. The repair can be received while trust returns at a pace informed by experience.
777,Relief,Clarity relief,Reading the official instructions resolves confusion about an examination requirement.,Mahabharata — Vana Parva,Yudhishthira pauses to answer the Yaksha's questions instead of ignoring the warning at the lake.,"Yudhishthira's pause at the Yaksha's lake values attention before action. You now have a clearer requirement to work with, so record the relevant detail and make the necessary plan. There is no need to keep collecting conflicting guesses. Let verified information replace the uncertainty that was consuming your attention."
778,Relief,Apology relief,You apologize clearly for a careless comment and the other person accepts the apology.,Bhagavad Gita — discipline of speech,"The Gita describes disciplined speech as truthful, beneficial, and considerate rather than needlessly distressing.","The Gita's guidance on considerate, truthful speech can now be expressed through changed behavior. Thank the person for hearing you and avoid asking them repeatedly whether everything is fine. You have made a repair they chose to receive. Let the next ordinary interaction demonstrate the care you intended."
779,Relief,Relationship reassurance,"A distant friend remembers a small detail you once shared, easing your fear of being forgotten.",Chandogya Upanishad,"Uddalaka teaches Shvetaketu using salt dissolved in water, illustrating an underlying reality that is not directly visible.",Uddalaka's salt-water illustration can invite reflection on connection that remains present beyond constant visibility. Respond to the friend's actual gesture and share a little of your current life. You do not need to test the bond repeatedly. This moment offers a concrete sign of attention you can receive as it is.
780,Relief,Acceptance reassurance,You return to work after a career break and an old coworker greets you warmly without pressing for explanations.,Bhagavata Purana — Krishna and Sudama,Krishna welcomes his old friend Sudama warmly despite the difference in their material circumstances.,You have been met as a familiar person before being asked to account for the break. Krishna's reception of Sudama can illuminate the value of that welcome. Thank your coworker and ask about one practical change at work. Share personal details only when you choose; settling back in can happen through ordinary contact.
781,Relief,Acceptance relief,You find a workable routine after an unexpected change in your class schedule.,Ramayana — Ayodhya Kanda,Rama faces the sudden change from coronation to exile while remaining concerned with duty and family relationships.,The change now has a practical shape rather than an undefined burden. Rama's altered path offers a reflection on adjusting while keeping responsibilities in view. Keep the parts of the new routine that work and leave room for small revisions. You do not have to prefer the change to live with it comfortably.
782,Relief,Role-fit relief,You hand an unsuitable volunteer task to someone with the right skills and keep a role you can do well.,Seva — traditional Hindu ethical teaching,"Seva is service offered with care and humility, without making personal recognition its central purpose.",Seva is concerned with useful care rather than personally performing every task. Give the new volunteer a clear handover and focus on the contribution that fits your abilities. The cause has gained a better arrangement. Relief can be accepted without treating delegation as a failure of commitment.
783,Relief,Reassurance,A practice interview goes better than expected after a mentor helps you recall your strengths.,Ramayana — Kishkindha Kanda,Jambavan reminds Hanuman of his capabilities before the search for Sita continues across the ocean.,Let the successful practice count as evidence. Jambavan's encouragement of Hanuman highlights how a reminder of existing ability can change readiness. Note which answers worked and which need another attempt. You can carry this reassurance into preparation without requiring the real interview to feel exactly as comfortable.
784,Relief,Accountability relief,A review confirms that the community funds you temporarily safeguarded have all been properly transferred.,Ramayana — Ayodhya Kanda,"Bharata safeguards Rama's kingdom as a trust, placing Rama's sandals on the throne rather than claiming it for himself.","The confirmation gives this period of responsibility a clear endpoint. Bharata's stewardship can offer an image of holding a trust carefully and returning it appropriately. Preserve the transfer records and answer any remaining factual question. After that, allow yourself to stop mentally checking a responsibility that has been formally handed over."
785,Relief,Reassured significance,A junior tells you that your quiet support helped them settle into college.,Chandogya Upanishad,"Uddalaka teaches Shvetaketu using salt dissolved in water, illustrating an underlying reality that is not directly visible.","Your junior has identified something specific that helped them feel at home. Uddalaka's dissolved-salt example can invite reflection on care whose presence was not immediately obvious. Let that acknowledgment reach you. You might pass the useful idea to next year's volunteers, without taking responsibility for every newcomer's entire adjustment."
786,Relief,Pressure release,You replace an unrealistic daily target with a sustainable plan and feel willing to continue.,Parvati's tapas — traditional Shaiva story,Traditional accounts describe Parvati's sustained spiritual discipline and determination in her devotion to Shiva.,"Parvati's dedication can symbolize commitment to a purpose, while the form of human practice must fit real capacity. Follow the smaller plan long enough to assess it fairly. You have changed the demand, not necessarily abandoned the aim. Relief may give you room to work with greater consistency and less resentment."
787,Relief,Boundary relief,A friend accepts your refusal and the relationship remains comfortable.,Ramayana — Sundara Kanda,Sita refuses Ravana's demands and maintains her convictions while held in the Ashoka grove.,"Your boundary has made room for a more honest arrangement. Sita's firmness can symbolize staying connected to a conviction without surrendering it for acceptance. Notice that the friendship tolerated a no. Keep this experience in mind when future requests arise, while continuing to listen respectfully to your friend's needs."
788,Relief,Enoughness,You finish a creative project and accept it as complete despite a few minor imperfections.,Yoga Sutras of Patanjali — santosha,"Santosha, contentment, is a Yogic observance concerned with freedom from perpetual dissatisfaction.","Santosha can help you recognize when further changes no longer serve the work's purpose. Check the essentials once, save the finished version, and decide how you want to share or use it. You can learn from imperfections later. Completion deserves a place alongside the wish to keep improving."
789,Relief,Help-related relief,A specialist fixes a problem you spent hours unsuccessfully trying to repair.,Bhagavata Purana — Gajendra's prayer,Gajendra turns to divine help when his strength cannot free him from the crocodile; the story expresses dependence beyond personal power.,Gajendra's acknowledgment of limited strength can prompt appreciation of appropriate expertise. Ask for any maintenance advice you need and record the useful lesson. You do not have to reinterpret the earlier struggle as personal incompetence. Sometimes the responsible conclusion is that a task required knowledge or tools you did not have.
790,Relief,Pattern clarity,A thoughtful review helps you understand why one kind of meeting repeatedly drains you.,Yoga Sutras of Patanjali — svadhyaya,Svadhyaya involves sacred study and recitation; reflective engagement with one's conduct is a common contemporary application.,"The reflective application of svadhyaya turns a vague difficulty into something more specific. Identify whether the issue is preparation, length, unclear purpose, or participation, then suggest one relevant adjustment. You do not need to turn the observation into a fixed label about yourself. Use it to shape a better working arrangement."
791,Relief,Receiving relief,A small grant covers essential study materials you had been struggling to afford.,Dana — traditional Hindu ethical teaching,Dana is generosity; traditional Hindu teaching values giving with respect and consideration for the recipient.,"Dana's concern for dignified support can help you receive the grant without unnecessary shame. Follow its actual conditions, keep any required records, and use the materials for your learning. You do not owe a display of distress to justify the support. Let the practical pressure it removes be genuinely noticed."
792,Relief,Identity relief,You stop feeling obliged to appear naturally gifted after acknowledging the practice and support behind your skill.,Kena Upanishad,"Uma reveals to Indra that the gods' victory depended on Brahman, correcting their assumption of independent power.","Uma's teaching about the gods' victory can prompt a fuller account of how achievement happens. Name the practice, assistance, and decisions that shaped your skill. This account leaves room to keep learning. You can let go of defending effortless talent and focus on using and developing the ability you actually have."
793,Relief,Balanced-giving relief,You reduce an excessive volunteer commitment without losing your connection to the group.,Brihadaranyaka Upanishad,"Prajapati's teaching of the three 'da' calls for self-restraint, generosity, and compassion.","The three 'da' teachings place restraint alongside generosity and compassion. Your smaller commitment can still be meaningful if it is clear and dependable. Follow through on what you kept, and let others share the remaining work. Relief need not be followed by volunteering again just to prove your continued care."
794,Relief,Self-forgiveness,You correct a small mistake and finally stop attacking yourself for it.,Yoga Sutras of Patanjali — ahimsa,"Ahimsa, non-harming, is one of the ethical restraints in Yoga philosophy.",Ahimsa can support letting correction be enough once responsibility has been taken. Note the practical lesson and return to the work or relationship in front of you. You do not have to keep hurting yourself to prove you care. Relief can coexist with remembering what you want to do differently.
795,Relief,Restful relief,You take a proper break after a demanding week and notice the pressure easing.,Bhagavad Gita — moderation in daily life,"The Gita recommends moderation in eating, recreation, effort, and sleep as part of disciplined living.",The Gita's moderation teaching gives rest a place within a responsible life. Let the break remain a break instead of filling it with delayed work. Choose one realistic return point and leave the remaining tasks there for now. Relief can be received without making relaxation another thing you must perform well.
796,Relief,Boundary reassurance,Your family accepts a more limited role for you in an upcoming function.,Brihadaranyaka Upanishad,"Prajapati's teaching of the three 'da' calls for self-restraint, generosity, and compassion.",Your family now knows what you can reasonably contribute. Prajapati's three 'da' teachings bring restraint into the same conversation as generosity and compassion. Complete the smaller role you agreed to and let the remaining tasks stay shared. You can care about the function without enlarging your commitment again to demonstrate that care.
797,Relief,Self-worth reassurance,You enjoy a hobby again after letting go of the need to win approval from a particular person.,Bhagavata Purana — Dhruva's story,"After painful rejection, Dhruva receives Narada's guidance and undertakes focused devotion; his story includes a change in what he values.",Dhruva's changing priorities can accompany the return to a more personal source of meaning. Notice what you enjoy in the activity now and give that aspect time. Approval may still feel pleasant when it comes. It no longer has to be the condition that permits you to continue.
798,Relief,Post-exam release,You finish your last examination and feel relieved to stop preparing for a while.,Bhagavad Gita — teaching on action,Krishna teaches Arjuna to attend to responsible action without claiming complete control over its fruits.,Your part in this stage is complete. Krishna's teaching about action and results can help distinguish finished effort from the marks still to come. Put the materials aside for a planned period and enjoy a simple rest or activity. You can deal with the result when there is actual information to consider.
799,Relief,First-step release,You attend the first session of a new course after worrying about starting for weeks.,Ganesha worship — traditional Hindu teaching,Ganesha is traditionally honored at beginnings and associated with wisdom and the removal of obstacles.,"Ganesha's association with beginnings can help you mark this ordinary but important step. Review what the session requires next and make a small plan. You do not need to decide your entire success in the course today. The beginning has happened, and the next task is now more specific than the anticipation was."
800,Relief,Validation relief,Your manager listens seriously when you explain a risk you had been afraid to raise.,Mahabharata — Udyoga Parva,"Vidura offers honest counsel to Dhritarashtra, including advice that the king finds uncomfortable.",Vidura's honest counsel can inspire appreciation of a conversation where truth is heard. Record the agreed next step and clarify who will handle it. The relief can help you recognize that raising concerns is part of responsible work. You need not keep rehearsing the confrontation you expected but did not have.
801,Embarrassment,Beginner self-consciousness,"Your first attempt at growing herbs fails, and you feel awkward showing the empty pots to a visiting gardener.",Bhagavata Purana — the avadhuta's teachers,"The avadhuta, traditionally associated with Dattatreya, learns patience and forbearance by observing the earth.","Those empty pots can become a starting point for learning rather than something to hide. The avadhuta learns from observing the earth, an example of remaining teachable before ordinary things. Ask the gardener about one likely issue with light, soil, or watering. You can try again with better information instead of pretending the first attempt worked."
802,Embarrassment,Authenticity discomfort,You quote a book at a gathering and then feel embarrassed admitting you have only read a summary.,Katha Upanishad,Nachiketa chooses a deeper inquiry over Yama's tempting offers; the text distinguishes the good from the merely pleasant.,"Correct the impression plainly and distinguish what you read from what you inferred. Nachiketa's interest in deeper understanding can prompt a return from sounding knowledgeable to actually learning. If the book still interests you, choose a passage to read carefully. This awkward moment can change your approach without becoming a permanent judgment of your character."
803,Embarrassment,Responsibility embarrassment,You misplace the key to a club cupboard that you were trusted to manage.,Ramayana — Ayodhya Kanda,"Bharata safeguards Rama's kingdom as a trust, placing Rama's sandals on the throne rather than claiming it for himself.","Bharata's stewardship offers a reflection on responsibility without pretending mistakes never happen. Inform the person in charge, retrace the likely locations, and follow the agreed replacement or security procedure if necessary. The embarrassment can accompany a useful repair. Hiding the loss would make the shared task harder to manage."
804,Embarrassment,Apology discomfort,You feel awkward initiating an apology after a minor argument with a friend.,Mahabharata — Udyoga Parva,"Krishna undertakes a peace mission before the war, showing the value of a sincere attempt at dialogue.",Krishna's peace mission can inspire making a sincere opening despite uncertainty about the response. Name the specific thing you regret and give your friend room to answer. You do not need to make the apology eloquent. A clear acknowledgment can begin repair while leaving forgiveness and timing in their hands.
805,Embarrassment,Conflict embarrassment,You add an angry comment to a group argument and later regret escalating it.,Bhagavata Purana — churning of the ocean,"Shiva intervenes when the churning releases dangerous poison, an episode traditionally understood as compassionate protection of living beings.","Shiva's protective intervention can symbolize preventing further harm from spreading. Correct or remove your comment where appropriate, acknowledge its effect, and stop adding fuel to the exchange. If a practical issue remains, address it calmly later. Repair is more useful than repeatedly announcing how embarrassed you feel."
806,Embarrassment,Email embarrassment,You notice a blunt phrase in an email only after sending it to your supervisor.,Bhagavad Gita — discipline of speech,"The Gita describes disciplined speech as truthful, beneficial, and considerate rather than needlessly distressing.","The Gita's discipline of speech can guide a concise clarification if the wording could reasonably hurt or mislead. State the intended point more considerately without sending a series of anxious follow-ups. For a harmless stylistic imperfection, let it stand. Future care can include one review of tone before sending."
807,Embarrassment,Borrowing remorse,You forget to return a friend's charger and they have to ask for it twice.,Ramayana — Ayodhya Kanda,"Bharata safeguards Rama's kingdom as a trust, placing Rama's sandals on the throne rather than claiming it for himself.","Bharata's stewardship can prompt care for what another person entrusted to you. Return the charger promptly, acknowledge the inconvenience, and use a reminder for borrowed items. Keep the repair proportionate to the mistake. Your friend's need for their property matters more than a long explanation of how embarrassed you feel."
808,Embarrassment,Slow-progress shame,You feel embarrassed telling a mentor that a long project is still unfinished.,Descent of Ganga — traditional Hindu story,"Bhagiratha perseveres in bringing Ganga to earth, and Shiva receives her powerful descent in his matted hair.","Bhagiratha's persistence can inspire an honest account of a process that has taken time. Show the completed parts, name the obstacle, and ask for guidance on the next stage. Avoid replacing facts with either excuses or self-criticism. A clear progress discussion can help the project more than an impressive but inaccurate update."
809,Embarrassment,Starting awkwardness,You attend a new club meeting and stumble while introducing yourself.,Ganesha worship — traditional Hindu teaching,Ganesha is traditionally honored at beginnings and associated with wisdom and the removal of obstacles.,Ganesha's association with beginnings can make room for a start that is imperfect but real. Finish with one clear detail about your interest and ask someone about the club. The introduction does not need to summarize your entire personality. Participation over time will give people a fuller sense of you.
810,Embarrassment,Coordination embarrassment,You speak at the wrong point in a group presentation and disrupt the planned order.,Rig Veda — hymn of concord,"The Rig Veda's hymn of concord calls people to assemble, speak together, and cultivate shared purpose.",Pause and return the floor to the teammate whose turn it is. The Rig Veda's call to speak together can inspire recovering coordination without blame. Continue at the next agreed handover and review the cues after the presentation. A clear repair lets the audience follow the content and gives your team a useful rehearsal lesson.
811,Embarrassment,Appearance-related shame,Someone comments publicly on your clothing size and you feel exposed.,Mahabharata — Sabha Parva,Draupadi questions the justice of her treatment in the dice assembly; the episode exposes failures of responsibility among those present.,Draupadi's assembly highlights the importance of dignity when others behave disrespectfully. You can say that comments about your body are unwelcome and move toward supportive company. There is no obligation to answer personal questions or laugh along. The uncomfortable situation does not make your body something that needs public justification.
812,Embarrassment,Boundary awkwardness,You feel uncomfortable withdrawing from a favor after realizing you promised more time than you have.,Brihadaranyaka Upanishad,"Prajapati's teaching of the three 'da' calls for self-restraint, generosity, and compassion.","Tell the person what has changed before they continue planning around your original offer. Prajapati's teaching includes self-restraint alongside giving and compassion, which can guide an honest revision. Acknowledge the inconvenience and offer only a workable alternative. The uncomfortable conversation is more useful than leaving them to discover that the promise cannot be kept."
813,Embarrassment,Gift embarrassment,Your gift costs less than everyone else's at a group celebration.,Dana — traditional Hindu ethical teaching,Dana is generosity; traditional Hindu teaching values giving with respect and consideration for the recipient.,"Dana directs attention to thoughtful giving and the recipient's dignity rather than competitive price. Offer your gift without announcing an apology about its cost. If it reflects your means and care, it can stand as it is. Let the occasion center on the person being celebrated rather than a comparison of contributions."
814,Embarrassment,Loyalty remorse,You forget an agreed meeting with a friend who waited for you.,Mahabharata — Mahaprasthanika Parva,Yudhishthira refuses to abandon the dog that has accompanied him on his final journey.,"Yudhishthira's loyalty offers a reflection on showing care through reliability. Apologize for the wasted time, ask how you can make the immediate situation right, and set a reminder for future plans. Avoid making your friend comfort you about your embarrassment. Let a practical change support the apology."
815,Embarrassment,Mixed-emotion shame,You feel embarrassed admitting that a sibling's achievement also stirred some envy.,Yoga Sutras of Patanjali — four attitudes,"Patanjali describes friendliness, compassion, appreciative joy, and equanimity as attitudes that support clarity of mind.","Patanjali's compassion and appreciative joy can make room for a more honest response. Congratulate your sibling sincerely and explore your own unmet wish separately, perhaps with someone trustworthy. An uncomfortable feeling need not dictate your behavior. You can act warmly while learning what the comparison touched in you."
816,Embarrassment,Financial self-consciousness,You must tell friends that the restaurant they chose is beyond your budget.,Brihadaranyaka Upanishad,"Maitreyi asks Yajnavalkya whether wealth can bring immortality, opening an inquiry into what possessions cannot provide.",Maitreyi's question about wealth invites a broader measure of relationship and worth. State the amount or type of outing that works for you and suggest an alternative. You do not owe a detailed account of your finances. Clear information gives considerate friends a chance to plan something everyone can enjoy.
817,Embarrassment,Correction discomfort,You discover that your resume contains an inaccurate date and feel embarrassed about correcting it.,Yoga Sutras of Patanjali — satya,"Satya, truthfulness, is a foundational ethical restraint in Yoga philosophy.","Satya invites restoring the factual record promptly. Update the resume and, if it has already been submitted, send a concise correction through the appropriate channel. Explain the error without embellishment. Clear action serves you better than maintaining an inaccuracy merely to avoid a brief uncomfortable exchange."
818,Embarrassment,Social discomfort,You arrive at an event dressed more formally than everyone else and feel conspicuous.,Ramayana — Ayodhya Kanda,Rama faces the sudden change from coronation to exile while remaining concerned with duty and family relationships.,"The setting differs from what you expected, but you can still participate. Rama's altered circumstances can inspire adjusting your approach while holding your purpose. Greet someone and join the activity rather than monitoring your outfit throughout. If a small adjustment makes you comfortable, make it; otherwise, let the clothes be incidental."
819,Embarrassment,Verbal regret,You make a joke that lands badly and immediately wish you had not said it.,Bhagavad Gita — discipline of speech,"The Gita describes disciplined speech as truthful, beneficial, and considerate rather than needlessly distressing.","The Gita's discipline of speech invites attention to effect as well as intention. If the joke hurt someone, acknowledge it plainly and stop repeating it. Listen if they want to explain. A brief, sincere repair is usually more respectful than insisting that everyone understand why you meant it harmlessly."
820,Embarrassment,Messaging embarrassment,You send a routine message to the wrong person and realize the mistake immediately.,Ramayana — Sundara Kanda,Hanuman gives Sita Rama's ring as a recognizable sign that his message can be trusted.,"A message needs the right context to be understood, as the recognizable ring supports Hanuman's message to Sita. Acknowledge the wrong recipient briefly and resend to the intended person. If private information was involved, address that specifically. For an ordinary mix-up, a simple correction can allow the exchange to end."
821,Embarrassment,Credit-related shame,You realize you used a classmate's idea in your report without acknowledging it.,Yoga Sutras of Patanjali — asteya,"Asteya, non-stealing, is a Yogic ethical restraint; its modern applications can include respect for others' work and resources.","Asteya invites respect for the intellectual work you benefited from. Add the appropriate acknowledgment, tell your classmate, and check any permission or submission requirements that apply. Keep the apology focused on the omission and its repair. Embarrassment can become responsibility when it leads to a clear correction rather than concealment."
822,Embarrassment,Praise discomfort,You feel awkward accepting praise because many people helped you succeed.,Kena Upanishad,"Uma reveals to Indra that the gods' victory depended on Brahman, correcting their assumption of independent power.","Uma's teaching to Indra invites recognition of support without denying your own part. Thank the person, name relevant collaborators, and allow your contribution to remain visible. Shared credit is more accurate than either claiming everything or dismissing yourself entirely. You can receive appreciation without pretending you worked in isolation."
823,Embarrassment,Creative embarrassment,You sing slightly out of tune in front of friends and feel exposed.,Saraswati worship — traditional Hindu teaching,"Saraswati is revered in Hindu tradition as a goddess of learning, speech, music, and the arts.","Saraswati's association with music invites respect for learning as well as expression. If you want feedback, ask for one useful technical suggestion from someone kind and knowledgeable. Otherwise, let the song remain a shared attempt. You do not have to turn a few uncertain notes into a decision to stop singing."
824,Embarrassment,Imperfection discomfort,You notice a small stain on your clothes halfway through an outing.,Yoga Sutras of Patanjali — santosha,"Santosha, contentment, is a Yogic observance concerned with freedom from perpetual dissatisfaction.","Santosha can offer room to continue within an imperfect moment. Clean the stain if that is easy, or make a simple adjustment if you prefer. Then return attention to the outing. You do not have to spend the remaining time inspecting how others might be inspecting you."
825,Embarrassment,Service awkwardness,You make a small mistake while volunteering and worry that you have become a burden.,Seva — traditional Hindu ethical teaching,"Seva is service offered with care and humility, without making personal recognition its central purpose.","Seva values useful care and humility, including willingness to learn. Tell the coordinator what happened, help with the correction, and ask how to do the task properly. You do not need to prove your worth through extra unassigned work. A clear repair and a better next attempt support the service itself."
826,Embarrassment,Harsh self-consciousness,You call yourself clumsy after spilling water during a meeting.,Yoga Sutras of Patanjali — ahimsa,"Ahimsa, non-harming, is one of the ethical restraints in Yoga philosophy.","Ahimsa can shape how you respond to a small accident. Wipe up the water, check whether anything needs attention, and let the meeting continue. Speak to yourself in terms of what happened rather than a permanent label. The spill needs a practical response, not an extended punishment of your confidence."
827,Embarrassment,Permission remorse,You post a friend's photo without asking and feel ashamed when they object.,Yoga Sutras of Patanjali — asteya,"Asteya, non-stealing, is a Yogic ethical restraint; its modern applications can include respect for others' work and resources.","Asteya can prompt respect for another person's control over what is theirs to share. Remove the photo as requested, apologize, and ask permission before posting images of them again. Do not make their objection the problem. The useful repair is returning choice to your friend and changing the habit."
828,Embarrassment,Self-consciousness,You forget a familiar definition during a viva and feel embarrassed despite knowing the subject.,Ramayana — Kishkindha Kanda,Jambavan reminds Hanuman of his capabilities before the search for Sita continues across the ocean.,"One blank moment can hide your wider preparation from view. Jambavan's reminder to Hanuman can symbolize returning to actual capability. Ask to approach the definition through an example or return to the question later if allowed. Afterward, review the concept without treating that moment as a complete account of your knowledge."
829,Embarrassment,Question embarrassment,You ask what you think is a basic question and feel your face grow warm.,Brihadaranyaka Upanishad,Gargi questions Yajnavalkya about the foundations of existence in a learned assembly.,Gargi's place in serious inquiry offers a reminder that asking is a contribution to understanding. Listen to the answer and ask for one clarification if needed. You do not have to apologize repeatedly for learning. The question can remain about the subject rather than become a public judgment of your ability.
830,Embarrassment,Body-related awkwardness,Your stomach makes a noise during a quiet lecture and you feel everyone noticed.,Yoga Sutras of Patanjali — ahimsa,"Ahimsa, non-harming, is one of the ethical restraints in Yoga philosophy.","Ahimsa can include a gentle response to an ordinary bodily moment. Let yourself settle and return attention to the lecture rather than adding harsh commentary about yourself. If you need food or water afterward, attend to that practical need. You do not have to apologize for every unplanned sound your body makes."
831,Embarrassment,Friendship remorse,You forget to check on a friend after promising to call following their important event.,Mahabharata — Mahaprasthanika Parva,Yudhishthira refuses to abandon the dog that has accompanied him on his final journey.,"Yudhishthira's loyalty can prompt a return to dependable care. Reach out, acknowledge that you forgot, and ask about the event without making your explanation the center of the call. Set a reminder for similar commitments. A friendship is supported by the next attentive action, not by prolonged self-reproach alone."
832,Embarrassment,Domestic self-consciousness,A visitor arrives unexpectedly while your room is untidy.,Ramayana — Aranya Kanda,"Shabari welcomes Rama with sincere hospitality, and Rama receives her offerings with respect.","Shabari's hospitality can redirect attention toward the person rather than an ideal image of your home. Clear a place to sit if you want to welcome them, or suggest another time if the visit does not suit you. You need not apologize for every object. A lived-in room can still hold a respectful encounter."
833,Embarrassment,Approval-seeking shame,You realize you boasted about an achievement mainly to impress someone who once rejected you.,Bhagavata Purana — Dhruva's story,"After painful rejection, Dhruva receives Narada's guidance and undertakes focused devotion; his story includes a change in what he values.",Dhruva's changing priorities can prompt a gentler but honest look at what you were seeking. Correct any exaggeration and ask what the achievement means apart from that person's reaction. You can appreciate the real work while loosening the need to perform it for an old source of hurt.
834,Embarrassment,Expressive awkwardness,You cannot explain a complex thought quickly and feel embarrassed when a discussion moves on.,Chandogya Upanishad,"Uddalaka teaches Shvetaketu using salt dissolved in water, illustrating an underlying reality that is not directly visible.",Some ideas need an example before they become easy to express. Uddalaka's demonstration with dissolved salt offers a model of teaching through something concrete. Sketch the point or send a short follow-up when you can explain it clearly. A rushed discussion does not need to be your only chance to contribute.
835,Embarrassment,Inconsistency shame,You publicly announce a daily habit and then stop after a few days.,Parvati's tapas — traditional Shaiva story,Traditional accounts describe Parvati's sustained spiritual discipline and determination in her devotion to Shiva.,Parvati's traditional dedication can inspire revisiting the purpose of the habit without demanding an impressive restart. Reduce it to something you can sustain and be honest if anyone asks. Public announcements are not the practice itself. Let the next week be guided by realistic action rather than repairing your image.
836,Embarrassment,Belief-related embarrassment,You feel self-conscious when peers tease you for quietly following a spiritual observance.,Bhagavata Purana — Prahlada's story,"Prahlada remains devoted to Vishnu despite Hiranyakashipu's hostility, a traditional example of conviction under pressure.",Prahlada's conviction can offer symbolic support for a practice that matters to you. You may explain it briefly or keep it private; neither choice requires accepting ridicule. Seek company that respects differences and set a limit if the teasing continues. Your practice does not have to become a public debate.
837,Embarrassment,Presentation imperfection,You discover a minor typo on a slide while presenting to a small audience.,Yoga Sutras of Patanjali — santosha,"Santosha, contentment, is a Yogic observance concerned with freedom from perpetual dissatisfaction.","Santosha can help you keep the imperfection in proportion to the purpose of the presentation. Correct it verbally if it affects meaning, then continue with the content. Save the edit for afterward if it is cosmetic. The audience came for the idea, and you can return your attention to communicating it clearly."
838,Embarrassment,Possessiveness embarrassment,You feel embarrassed after becoming visibly jealous when your best friend spent time with someone else.,Yoga Sutras of Patanjali — aparigraha,"Aparigraha is non-possessiveness or non-grasping, encouraging examination of excessive attachment to acquisition.",Aparigraha invites care without trying to possess a relationship. Acknowledge any unfair remark and ask yourself what reassurance or time together you actually wanted. You can express that need directly while respecting your friend's other connections. The uncomfortable moment can help you choose a more open way to relate.
839,Embarrassment,Praise self-consciousness,You blush when someone finally thanks you for quiet work you assumed nobody noticed.,Chandogya Upanishad,"Uddalaka teaches Shvetaketu using salt dissolved in water, illustrating an underlying reality that is not directly visible.",Uddalaka's salt-water image can offer a reflection on contributions that remain present without being obvious. Receive the thanks with a simple acknowledgment. You do not need to dismiss the work or explain why it was unimportant. Let the person's appreciation make one quiet contribution visible for a moment.
840,Embarrassment,Delay embarrassment,You repeatedly revise the completion date of a personal project and feel awkward about telling others.,Descent of Ganga — traditional Hindu story,"Bhagiratha perseveres in bringing Ganga to earth, and Shiva receives her powerful descent in his matted hair.","Bhagiratha's long effort can inspire persistence, but your update needs an honest account of the current stage. Explain what remains and give a realistic next checkpoint instead of another hopeful final date. The project may still matter. Clear communication lets the people involved plan around facts rather than reassurance."
841,Embarrassment,Family-status shame,You feel embarrassed introducing a parent whose occupation differs from those of your classmates' parents.,Chandogya Upanishad,"Satyakama speaks honestly about his uncertain parentage, and his teacher recognizes the integrity of that answer.",Satyakama's story offers a reflection on integrity beyond social pedigree. Introduce your parent with ordinary respect and let the conversation develop around the person rather than a ranking of jobs. You do not need to embellish their work. Affection and dignity can be expressed without an impressive professional label.
842,Embarrassment,Rejection embarrassment,You are not selected for a team after publicly telling friends how much you wanted the role.,Bhagavata Purana — Dhruva's story,"After painful rejection, Dhruva receives Narada's guidance and undertakes focused devotion; his story includes a change in what he values.",Dhruva's story offers a reflection on finding direction after rejection without making later success the price of dignity. Give friends a straightforward update and allow some disappointment. Then consider what skill or activity still interests you. Your wish was not foolish merely because the selection did not go your way.
843,Embarrassment,Hosting awkwardness,You burn part of a meal while hosting friends and feel ashamed of the result.,Ramayana — Aranya Kanda,"Shabari welcomes Rama with sincere hospitality, and Rama receives her offerings with respect.","Shabari's hospitality reminds us that a welcome has meaning beyond a perfect offering. Explain the mishap simply and serve a workable alternative, even if that means ordering something modest. Then rejoin your guests. Your attention and company can still be present after the cooking plan changes."
844,Embarrassment,Background embarrassment,You feel embarrassed explaining that you attended a less well-known school than your classmates.,Chandogya Upanishad,"Satyakama speaks honestly about his uncertain parentage, and his teacher recognizes the integrity of that answer.",Satyakama's truthful account of his origins offers a reflection on dignity beyond an impressive introduction. Name your school simply and move to what you studied or enjoyed there. You do not need to apologize for the route you took. Present knowledge and effort can speak alongside your educational background.
845,Embarrassment,Professional awkwardness,You correct a senior colleague and then discover that you misunderstood the data.,Mahabharata — Udyoga Parva,"Vidura offers honest counsel to Dhritarashtra, including advice that the king finds uncomfortable.",Vidura's commitment to truthful counsel can include correcting your own account. State what you misunderstood and provide the accurate reading promptly. Avoid burying the correction in excuses. Your willingness to update the facts can preserve trust more effectively than trying to defend a position the evidence no longer supports.
846,Embarrassment,Impulse embarrassment,You interrupt someone excitedly and then realize you cut off an important point.,Katha Upanishad,"The chariot metaphor describes the intellect as charioteer, the mind as reins, and the senses as horses needing thoughtful direction.","The Katha Upanishad's chariot metaphor can prompt a pause between impulse and action. Briefly apologize, return the floor, and listen until the person finishes. Write your thought down if you worry about losing it. You can repair the moment through attention rather than making the interruption the focus of the whole conversation."
847,Embarrassment,Gift-cost awkwardness,You receive an expensive present and feel embarrassed that you cannot offer something comparable.,Brihadaranyaka Upanishad,"Maitreyi asks Yajnavalkya whether wealth can bring immortality, opening an inquiry into what possessions cannot provide.",Maitreyi's question about wealth can invite a broader understanding of what the relationship holds. Thank the giver and clarify any expectations if needed. A thoughtful response can fit your means rather than match the price. You do not need to create financial strain to make appreciation believable.
848,Embarrassment,Achievement embarrassment,A classmate asks about your internship search and you feel ashamed that you have no offer yet.,Bhagavad Gita — teaching on action,Krishna teaches Arjuna to attend to responsible action without claiming complete control over its fruits.,"Krishna's distinction between effort and results can help you give a factual answer without turning the search into a verdict on yourself. Share the stage you are at, if you wish, and ask about useful leads only when appropriate. Your next application deserves attention more than a performance of certainty for the conversation."
849,Embarrassment,Status awkwardness,You meet a successful school friend while wearing ordinary clothes after running errands.,Bhagavata Purana — Krishna and Sudama,Krishna welcomes his old friend Sudama warmly despite the difference in their material circumstances.,"You are meeting someone who knew you before this particular outfit or career stage. Krishna greets Sudama with affection despite their material differences, a reminder of what personal recognition can hold. Say hello and talk about something you both care about. Your errand clothes do not require an apology or a story about your circumstances."
850,Embarrassment,Workplace self-consciousness,You ask how to use the office printer and worry that the question makes you look inexperienced.,Taittiriya Upanishad,"The teacher's parting instruction connects truthfulness, responsible conduct, and continued study with life beyond formal education.","The Taittiriya Upanishad's emphasis on continued learning gives ordinary instruction a legitimate place. Ask for the local procedure, note anything specific, and try it once. Familiarity with one office device is not a complete measure of professional ability. The task can become routine as soon as you learn the process."
851,Embarrassment,Help-seeking shame,You need someone to explain a task again and feel embarrassed about asking.,Bhagavata Purana — Gajendra's prayer,Gajendra turns to divine help when his strength cannot free him from the crocodile; the story expresses dependence beyond personal power.,Gajendra's turn toward help can remind you that strength has limits without making those limits shameful. Name the precise step that remains unclear and repeat the explanation back in your own words. This makes the next request more useful. Understanding the task matters more than appearing to understand it immediately.
852,Embarrassment,Technical awkwardness,You speak for a minute in an online meeting before realizing your microphone is muted.,Ramayana — Sundara Kanda,"Hanuman meets Surasa's challenge by changing size and using ingenuity, rather than relying only on strength.","Hanuman's flexible response to Surasa can inspire a quick adjustment instead of an extended apology. Unmute, summarize the main point, and continue. You can check your audio before the next turn. The interruption is a technical event with a simple remedy, even if being noticed feels uncomfortable for a moment."
853,Embarrassment,Embarrassment about limits,You feel ashamed after falling asleep during a study group following several late nights.,Bhagavad Gita — moderation in daily life,"The Gita recommends moderation in eating, recreation, effort, and sleep as part of disciplined living.",The Gita's moderation teaching includes sleep as part of disciplined living. Acknowledge the interruption if needed and make a realistic rest plan before the next session. You do not have to treat exhaustion as a moral failure. Adjusting the routine is more useful than promising to overpower the same limits again.
854,Embarrassment,Meal-related awkwardness,You spill sauce while eating with unfamiliar people and feel suddenly self-conscious.,Annapurna tradition — Hindu devotional teaching,"Annapurna is revered as the giver of nourishment, drawing devotional attention to food, generosity, and care.","Annapurna's association with nourishment can invite returning the meal to its ordinary purpose. Clean what you can, ask for a napkin if needed, and let conversation continue. You do not need to make the spill the center of the table. A small accident can be handled without apologizing throughout the meal."
855,Embarrassment,Receiving shame,A friend pays for your bus fare when you realize you forgot your wallet.,Dana — traditional Hindu ethical teaching,Dana is generosity; traditional Hindu teaching values giving with respect and consideration for the recipient.,"Dana can make room for small, dignified help in an ordinary mishap. Thank your friend and clarify repayment if needed, then continue the journey. You do not have to explain the incident as evidence of irresponsibility. Handle the practical arrangement and let a modest kindness remain modest."
856,Embarrassment,Beginner discomfort,You repeatedly stall a manual car during supervised driving practice and feel embarrassed.,Yoga Sutras of Patanjali — abhyasa,Abhyasa is sustained practice; steadiness develops through continuing effort over time.,"Abhyasa places learning within repeated, guided effort. Follow your instructor's safety directions and focus on one part of the sequence at a time. Ask for another demonstration if needed. Stalling during supervised practice identifies a skill to learn; it does not require you to perform confidence before the coordination becomes familiar."
857,Embarrassment,Advice remorse,You give a friend confident advice and later discover that the information was outdated.,Mahabharata — Udyoga Parva,"Vidura offers honest counsel to Dhritarashtra, including advice that the king finds uncomfortable.","Vidura's example of truthful counsel can include revising advice when the facts change. Contact your friend promptly, explain the correction, and direct them to a reliable current source. If they acted on the advice, ask what practical repair is possible. Protecting them now matters more than protecting your earlier appearance of certainty."
858,Embarrassment,Bodily self-consciousness,You arrive slightly sweaty after walking to an event and feel embarrassed.,Bhagavata Purana — the avadhuta's teachers,"The avadhuta, traditionally associated with Dattatreya, learns patience and forbearance by observing the earth.",The avadhuta's attention to the earth can inspire responding to present conditions without turning them into a verdict about yourself. Take a moment to freshen up and settle if you wish. Then join the event. An ordinary effect of the journey does not need to occupy the whole occasion.
859,Embarrassment,Performance awkwardness,Your presentation slides stop working and you stumble while trying to restart them.,Ramayana — Sundara Kanda,"Hanuman meets Surasa's challenge by changing size and using ingenuity, rather than relying only on strength.","Hanuman's response to Surasa offers an image of flexible action under an unexpected constraint. Pause, tell the audience what you will do next, and switch to a brief verbal outline or backup. The interruption needs a response, not a performance of perfect composure. Continue from the clearest point available."
860,Embarrassment,Lingering awkwardness,You keep replaying a moment when you tripped while entering a crowded room.,Bhagavad Gita — returning a wandering mind,Krishna advises bringing the wandering mind back repeatedly during the practice of meditation.,"Krishna's guidance about returning a wandering mind can help you notice the replay and come back to the present. Check that you are physically all right, then focus on the conversation or task you came for. The stumble does not need another performance in your mind each time attention returns to it."
861,Embarrassment,Volunteer remorse,You promise a charity team more hours than you can provide and feel awkward revising the offer.,Seva — traditional Hindu ethical teaching,"Seva is service offered with care and humility, without making personal recognition its central purpose.","Seva is better served by a dependable commitment than an impressive promise. Tell the coordinator early, give the hours you can genuinely offer, and help clarify any handover needed. You can care about the cause while correcting your availability. The change gives others useful information for arranging the work."
862,Embarrassment,Envy embarrassment,You notice that you were less warm than you wanted when a friend shared good news.,Yoga Sutras of Patanjali — four attitudes,"Patanjali describes friendliness, compassion, appreciative joy, and equanimity as attitudes that support clarity of mind.","Patanjali's appreciative joy and compassion can support a second, more honest response. Send a sincere congratulations that names what matters in the achievement. Privately examine what the news stirred in you without asking the friend to manage it. A difficult first reaction does not prevent a more considerate next action."
863,Embarrassment,Awkwardness,You forward an outdated college notice and feel embarrassed when a classmate points it out.,Ramayana — Sundara Kanda,Hanuman gives Sita Rama's ring as a recognizable sign that his message can be trusted.,Hanuman's recognizable token highlights the care needed around trustworthy messages. Correct the notice in the same group and include the current source. A short acknowledgment is enough; you do not need a long defense. Keep a habit of checking dates so the embarrassment produces one useful change.
864,Embarrassment,First-day awkwardness,You arrive at a new course with the wrong notebook and none of the required materials.,Ganesha worship — traditional Hindu teaching,Ganesha is traditionally honored at beginnings and associated with wisdom and the removal of obstacles.,"Ganesha's association with beginnings can make room for an imperfect first step. Ask what you need immediately, borrow only with permission, and record the correct materials for next time. The beginning can continue after a practical correction. You do not need to wait for a flawless restart to participate."
865,Embarrassment,Role embarrassment,You need to ask teammates for help with your part of a group project.,Devi Mahatmya — Markandeya Purana,"The gods' combined radiance manifests as the Goddess, who receives their weapons and confronts Mahishasura.",The Goddess's gathered energies offer a symbolic image of strength through contribution. Explain the precise difficulty and what assistance would unblock the work. Keep ownership of the parts you can complete and thank those who help. Collaboration can include uneven moments without making your place in the team illegitimate.
866,Embarrassment,Social replay,You wave enthusiastically at someone who was greeting the person behind you.,Bhagavad Gita — returning a wandering mind,Krishna advises bringing the wandering mind back repeatedly during the practice of meditation.,"Krishna's guidance about returning attention can help you step out of repeated mental replays. Let the small mix-up pass, perhaps with a brief smile, and return to what you were doing. You do not need to investigate what every observer thought. The moment can end without a perfect explanation."
867,Embarrassment,Impulsive-disclosure regret,You share more personal information in a conversation than you intended.,Katha Upanishad,"The chariot metaphor describes the intellect as charioteer, the mind as reins, and the senses as horses needing thoughtful direction.",The Katha Upanishad's chariot image can invite more deliberate guidance of the impulse to speak. Ask for privacy if appropriate and decide what boundary you want in future conversations. You cannot completely control what has already been heard. Focus on a practical next step rather than punishing yourself for being open.
868,Embarrassment,Public-goal embarrassment,You withdraw from a competition after realizing your current schedule cannot support proper preparation.,Parvati's tapas — traditional Shaiva story,Traditional accounts describe Parvati's sustained spiritual discipline and determination in her devotion to Shiva.,"Parvati's dedication can inspire taking a commitment seriously, including its real requirements. Inform the organizer promptly and be honest about capacity. You may choose a later opportunity if it still fits your goals. Withdrawing responsibly can protect the quality of your work rather than become a reason to condemn your resolve."
869,Embarrassment,Limit-related awkwardness,You leave a study session early to rest and feel embarrassed beside friends who stay longer.,Bhagavad Gita — moderation in daily life,"The Gita recommends moderation in eating, recreation, effort, and sleep as part of disciplined living.","The Gita's moderation teaching includes rest within disciplined living. Explain your departure simply and keep your own realistic study plan. Their schedule may differ from yours. You do not need to compare hours in order to justify meeting a basic need, nor promise an extra-long session to compensate for leaving."
870,Embarrassment,Boasting remorse,You imply that a team success was entirely yours and later feel uncomfortable about it.,Kena Upanishad,"Uma reveals to Indra that the gods' victory depended on Brahman, correcting their assumption of independent power.","Uma's correction of the gods' claim to independent victory offers a direct reflection on shared credit. Update the account by naming the others' contributions and your own accurately. If the claim affected recognition, seek a correction there too. The embarrassment can guide an honest repair instead of another defensive explanation."
871,Embarrassment,Public humiliation,A group laughs at your accent while you are speaking.,Mahabharata — Sabha Parva,Draupadi questions the justice of her treatment in the dice assembly; the episode exposes failures of responsibility among those present.,"The embarrassment belongs to an unkind situation, not to a defect in your voice. Draupadi's assembly exposes the responsibility of people who witness disrespect. You can ask the group to stop and seek support from someone trustworthy. Your ideas deserve to be heard without ridicule about how you pronounce them."
872,Embarrassment,Beginner embarrassment,You need help with a routine office task that everyone else seems to know.,Taittiriya Upanishad,"The teacher's parting instruction connects truthfulness, responsible conduct, and continued study with life beyond formal education.",The Taittiriya Upanishad's encouragement of continued study leaves room for learning after graduation. Ask one colleague for the procedure and take usable notes. A new workplace contains local knowledge you could not automatically possess. Let the explanation become a skill you can use next time rather than evidence that you should already know everything.
873,Embarrassment,Listening embarrassment,A meeting ends and you realize you missed the instructions because you were distracted.,Mahabharata — Vana Parva,Yudhishthira pauses to answer the Yaksha's questions instead of ignoring the warning at the lake.,"Yudhishthira's attentive pause at the lake can guide your next move. Ask for the specific instruction you missed and write it down, rather than pretending you understood. Then reduce the distraction before the next meeting. The useful response is to recover the information and change one condition that made listening difficult."
874,Embarrassment,Overpromising shame,You offer to organize an entire family event and later realize you need substantial help.,Brihadaranyaka Upanishad,"Prajapati's teaching of the three 'da' calls for self-restraint, generosity, and compassion.",The three 'da' teachings bring restraint into relationship with generosity and compassion. Explain what the event requires and ask others to take defined parts before deadlines become urgent. A revised shared plan can still honor your intention. You do not have to carry an unrealistic promise alone to prove that you meant well.
875,Embarrassment,Competence embarrassment,You struggle with a familiar coding task while a junior colleague watches.,Ramayana — Kishkindha Kanda,Jambavan reminds Hanuman of his capabilities before the search for Sita continues across the ocean.,"Jambavan's encouragement of Hanuman can symbolize recalling ability without pretending every attempt is smooth. Explain the step you are checking and work through it openly. If useful, invite the junior's observation. A moment of difficulty can become a demonstration of problem-solving rather than a contest over who should already know the answer."
876,Embarrassment,Conviction awkwardness,You decline to copy an assignment and feel embarrassed when classmates act as though you are judging them.,Bhagavata Purana — Prahlada's story,"Prahlada remains devoted to Vishnu despite Hiranyakashipu's hostility, a traditional example of conviction under pressure.",Prahlada's steadfastness can symbolize holding a conviction without turning it into a personal attack. Explain that you are choosing how to complete your own work and stop debating if the conversation becomes circular. You can keep the boundary and remain civil. Others' discomfort does not require you to abandon your decision.
877,Embarrassment,Answer embarrassment,You confidently answer the wrong question because you did not listen to the full instruction.,Mahabharata — Vana Parva,Yudhishthira pauses to answer the Yaksha's questions instead of ignoring the warning at the lake.,"Yudhishthira's pause before the Yaksha's questions can guide the repair. Acknowledge that you answered too quickly, ask for the question again, and respond to the actual point. Later, practice a brief listening pause. The useful lesson is specific; it does not require a sweeping judgment about your intelligence."
878,Embarrassment,Support-related vulnerability,You feel self-conscious after asking for professional help with difficulties you usually keep private.,Bhagavata Purana — Gajendra's prayer,Gajendra turns to divine help when his strength cannot free him from the crocodile; the story expresses dependence beyond personal power.,"Gajendra's acknowledgment of limited personal strength can offer a reflection on receiving support without shame. You can decide who knows about the appointment and ask the professional any questions about the process. Seeking appropriate care is a practical step. Spiritual meaning may accompany it, while your needs guide the support you receive."
879,Embarrassment,Group awkwardness,You misunderstand a shared plan and arrive with the wrong materials for a group activity.,Rig Veda — hymn of concord,"The Rig Veda's hymn of concord calls people to assemble, speak together, and cultivate shared purpose.","The Rig Veda's hymn of concord can inspire returning to a common understanding. Acknowledge the mix-up, ask what is useful now, and confirm future instructions in one shared place. The group can usually reorganize more easily around accurate information. Your next contribution matters more than a lengthy explanation of the mistake."
880,Embarrassment,Social-status discomfort,You hesitate to invite an affluent friend to an inexpensive local place you enjoy.,Bhagavata Purana — Krishna and Sudama,Krishna welcomes his old friend Sudama warmly despite the difference in their material circumstances.,An invitation to a place you enjoy gives a friend a chance to know your everyday life. Sudama's welcome from Krishna offers a reflection on affection beyond material display. Describe what you like about the place and let your friend decide. You need not turn the modest price into either an apology or a test.
881,Embarrassment,Reflective shame,You reread an old post and feel embarrassed by the certainty of views you have since changed.,Yoga Sutras of Patanjali — svadhyaya,Svadhyaya involves sacred study and recitation; reflective engagement with one's conduct is a common contemporary application.,"The reflective application of svadhyaya invites an honest relationship with earlier conduct. Decide whether the post needs a correction, context, or removal, especially if it could mislead or harm. Then name what you understand differently now. Growth can include taking responsibility without demanding that your past self already knew today's lessons."
882,Embarrassment,Reactive shame,You raise your voice during a family discussion and feel embarrassed when the room becomes quiet.,Bhagavata Purana — churning of the ocean,"Shiva intervenes when the churning releases dangerous poison, an episode traditionally understood as compassionate protection of living beings.","Shiva's protective role can symbolize stopping harm from spreading. Lower your voice, acknowledge the escalation, and suggest a pause if needed. Return to the issue later with a clear point and a willingness to listen. You can take responsibility for your response without demanding that everyone immediately reassure you."
883,Embarrassment,Motive embarrassment,You realize you joined a debate mainly to sound intelligent rather than understand the issue.,Katha Upanishad,Nachiketa chooses a deeper inquiry over Yama's tempting offers; the text distinguishes the good from the merely pleasant.,"Nachiketa's preference for deeper inquiry can prompt a change of purpose. Ask one question whose answer you genuinely want and listen without preparing the next impressive point. If you overstated something, correct it. You can turn an uncomfortable realization into a more honest relationship with the discussion."
884,Embarrassment,Team self-consciousness,You feel embarrassed that your contribution to a team is less visible than the others' roles.,Devi Mahatmya — Markandeya Purana,"The gods' combined radiance manifests as the Goddess, who receives their weapons and confronts Mahishasura.","The Goddess's gathered energies offer a symbolic reminder that different contributions can serve a shared result. Identify the work you actually provided and ask how it should be represented. You can seek fair recognition without inventing a more dramatic role. Visibility and usefulness are related, but they are not always identical."
885,Embarrassment,Boundary shame,You feel embarrassed after saying no because the group calls you boring.,Ramayana — Sundara Kanda,Sita refuses Ravana's demands and maintains her convictions while held in the Ashoka grove.,Sita's firmness can symbolize remaining connected to your convictions when others apply pressure. Their label does not require you to reverse the decision. Repeat the boundary once if necessary and choose whether to stay in the activity. You can tolerate some awkwardness without surrendering what you have thoughtfully decided.
886,Embarrassment,Misunderstanding shame,You accuse a friend of excluding you and then learn that the invitation never reached your phone.,Mahabharata — Udyoga Parva,"Krishna undertakes a peace mission before the war, showing the value of a sincere attempt at dialogue.","Krishna's peace effort can inspire repairing the misunderstanding through direct conversation. Acknowledge the accusation, explain that you learned the message was missed, and apologize without shifting blame. Let your friend respond. After the clarification, you can make future plans through a clearer channel instead of repeatedly revisiting the mistaken assumption."
887,Embarrassment,Timeline shame,You feel embarrassed telling relatives that your studies are taking longer than originally planned.,Ramayana — Ayodhya Kanda,Rama faces the sudden change from coronation to exile while remaining concerned with duty and family relationships.,"Rama's changed path can offer a reflection on meeting a life that no longer matches its expected sequence. Give a factual update about your present stage and next step, sharing only what you choose. You can take your studies seriously without treating a different timetable as an apology you owe at every gathering."
888,Embarrassment,Receiving discomfort,You feel embarrassed accepting a meal from a neighbor when your day has become overwhelming.,Annapurna tradition — Hindu devotional teaching,"Annapurna is revered as the giver of nourishment, drawing devotional attention to food, generosity, and care.",Annapurna's tradition honors receiving nourishment as well as offering it. Thank your neighbor and accept within whatever practical terms were agreed. You do not need to explain your whole difficult day or promise immediate repayment. Being cared for can remain an ordinary human exchange rather than a verdict on your capability.
889,Embarrassment,Assertiveness embarrassment,You ask someone to stop touching your belongings and then feel awkward about sounding firm.,Ramayana — Sundara Kanda,Sita refuses Ravana's demands and maintains her convictions while held in the Ashoka grove.,"Sita's firmness can symbolize holding a boundary that deserves respect. Check whether your words were clear and proportionate; if the tone was unnecessarily sharp, you can adjust it without withdrawing the limit. Your belongings still require permission. A boundary may feel unfamiliar even when expressing it is reasonable."
890,Embarrassment,Introduction awkwardness,You mistake a new colleague for someone in a different role.,Ramayana — Yuddha Kanda,"Rama accepts Vibhishana when he seeks refuge, despite the suspicion expressed by others.","Rama's openness to someone unfamiliar offers a reflection on allowing a first impression to change. Apologize briefly for the mix-up, ask their correct role, and use the information from then on. You do not need to invent an explanation. Learning who someone is can continue after an imperfect introduction."
891,Embarrassment,Past-self embarrassment,You find an old school essay and feel embarrassed by how simplistic it now seems.,Yoga Sutras of Patanjali — svadhyaya,Svadhyaya involves sacred study and recitation; reflective engagement with one's conduct is a common contemporary application.,The reflective application of svadhyaya can make this an observation of development rather than an attack on your younger self. Identify one idea you would now explain differently and what helped you learn. You can keep the essay as a record of a stage. Earlier work was written with earlier understanding.
892,Embarrassment,Overattachment embarrassment,You send several follow-up messages before someone has time to reply and then feel awkward.,Yoga Sutras of Patanjali — aparigraha,"Aparigraha is non-possessiveness or non-grasping, encouraging examination of excessive attachment to acquisition.","Aparigraha invites allowing another person some room without treating the pause as something you must control. Stop sending additional messages and return to your own activity. If an acknowledgment is needed later, keep it brief. For future conversations, distinguish a genuine time-sensitive need from the wish for immediate reassurance."
893,Embarrassment,Learning awkwardness,Your first dance class exposes how uncertain you feel about basic movements.,Yoga Sutras of Patanjali — abhyasa,Abhyasa is sustained practice; steadiness develops through continuing effort over time.,Abhyasa places skill within repeated practice rather than immediate ease. Choose one movement to follow and ask the instructor for a simpler version if needed. The awkwardness can be part of beginning without becoming the whole meaning of the class. Give yourself a few sessions before making broad conclusions about your ability.
894,Embarrassment,Confession embarrassment,You admit that you exaggerated your experience with a software tool.,Yoga Sutras of Patanjali — satya,"Satya, truthfulness, is a foundational ethical restraint in Yoga philosophy.","Satya can guide a clean correction. Explain your actual experience before others assign work based on the exaggerated claim, then agree on an appropriate learning or support plan. You may feel awkward while making the account accurate. Honest follow-through is more useful than adding another claim to protect the first one."
895,Embarrassment,Belonging embarrassment,You enter the wrong classroom and realize it only after sitting down.,Ramayana — Yuddha Kanda,"Rama accepts Vibhishana when he seeks refuge, despite the suspicion expressed by others.","A simple navigation mistake can feel large when everyone seems to notice. Rama's willingness to receive someone unfamiliar offers a reflection on treating newcomers with basic dignity. Check the room number, excuse yourself briefly, and leave. You do not need to turn an ordinary correction into an explanation of why you belong."
896,Embarrassment,Learning vulnerability,You mispronounce an unfamiliar term while asking a question in a seminar.,Brihadaranyaka Upanishad,Gargi questions Yajnavalkya about the foundations of existence in a learned assembly.,"Gargi's example can help keep the purpose of inquiry in view. Accept the pronunciation correction if one is offered, then continue with the question you wanted to ask. A new term is something to learn. You need not let a small language difficulty displace the intellectual point of the conversation."
897,Embarrassment,Performance self-consciousness,You receive a lower project grade than expected and feel embarrassed when classmates discuss results.,Bhagavad Gita — teaching on action,Krishna teaches Arjuna to attend to responsible action without claiming complete control over its fruits.,Krishna's teaching on action and results can help separate a public score from the whole of your effort and learning. You can keep the grade private if you wish. Review specific feedback when you are ready and choose one improvement. You do not owe classmates a defense of your result.
898,Embarrassment,Comparison shame,You feel self-conscious using an older laptop when classmates have newer models.,Isha Upanishad,The opening teaching discourages coveting others' possessions and relates life in the world to a spirit of renunciation.,"The Isha Upanishad's non-coveting teaching can help separate usefulness from comparison. Focus on whether the laptop supports the work you need to do, and seek practical alternatives only for real limitations. You do not need to justify its age. The task and your contribution deserve more attention than the model on the desk."
899,Embarrassment,Possession shame,You feel embarrassed bringing a repaired bag to college after someone comments on it.,Isha Upanishad,The opening teaching discourages coveting others' possessions and relates life in the world to a spirit of renunciation.,"The Isha Upanishad's non-coveting principle can support judging the bag by its usefulness rather than borrowed status. You may respond simply that it still works for you. Then return to the purpose of your day. The comment does not require a purchase, a financial explanation, or a defense of your choices."
900,Embarrassment,Creative exposure,Someone reads a piece of your unfinished writing before you intended to share it.,Saraswati worship — traditional Hindu teaching,"Saraswati is revered in Hindu tradition as a goddess of learning, speech, music, and the arts.","Saraswati's association with expression can support respect for the work's developing stage. Explain that it is a draft and say whether you want feedback yet. You may also ask for privacy. Creative work deserves room to be unfinished, and sharing decisions can remain yours even after an accidental glimpse."
